student_id,Q1,Q2,Q3,Q4,Q5,Q6,Q7,Q8,Q9,Q10
STU00001,3,1,2,3,1,2,2,1,4,5
STU00002,4,4,1,2,2,4,1,2,2,3
STU00003,5,5,2,5,4,5,1,2,2,5
STU00004,4,2,3,5,5,2,1,3,2,5
STU00005,2,2,1,2,3,2,1,2,4,3
STU00006,4,5,2,2,4,4,2,2,2,4
STU00007,3,4,2,3,3,3,2,2,2,4
STU00008,4,5,2,4,4,2,2,2,2,5
STU00009,4,4,1,4,4,3,2,2,2,4
STU00010,4,5,1,5,2,4,2,2,2,5
STU00011,4,1,1,4,3,1,2,2,2,5
STU00012,2,2,1,5,5,2,2,2,2,4
STU00013,2,2,2,2,3,1,2,4,1,4
STU00014,1,2,4,1,2,2,2,2,2,4
STU00015,5,4,2,1,2,3,1,2,1,5
STU00016,4,2,2,4,4,3,2,2,2,3
STU00017,4,3,2,5,5,2,1,2,2,4
STU00018,4,3,2,5,4,3,2,2,2,4
STU00019,2,1,2,2,3,2,1,2,1,4
STU00020,4,5,1,2,2,2,2,2,2,4
STU00021,2,1,2,2,2,1,1,2,1,4
STU00022,2,2,2,2,2,4,2,2,1,5
STU00023,4,2,1,2,2,2,1,2,2,5
STU00024,4,5,2,4,2,3,1,2,2,4
STU00025,1,2,1,2,2,2,2,2,2,2
STU00026,2,2,3,4,5,1,1,3,3,5
STU00027,2,2,2,4,4,2,2,2,3,2
STU00028,3,2,2,2,1,4,2,1,1,3
STU00029,2,2,2,1,3,2,1,1,2,4
STU00030,2,2,2,2,3,4,2,1,2,2
STU00031,2,2,1,1,2,4,2,1,2,2
STU00032,1,1,2,1,3,4,2,2,1,4
STU00033,3,4,2,2,1,3,2,2,2,4
STU00034,1,2,2,2,4,1,1,2,2,4
STU00035,3,4,2,2,3,2,2,2,2,4
STU00036,3,4,2,2,3,2,2,2,2,4
STU00037,1,4,2,4,2,3,1,2,2,5
STU00038,5,4,2,5,5,4,2,2,2,5
STU00039,4,5,1,2,2,3,2,2,2,3
STU00040,3,4,2,2,2,3,1,2,2,4
STU00041,5,5,2,4,4,4,2,2,2,5
STU00042,1,2,2,2,3,2,2,4,2,4
STU00043,2,2,1,4,4,2,1,1,2,2
STU00044,4,4,2,2,2,3,1,2,2,5
STU00045,5,4,2,2,2,5,1,2,2,5
STU00046,2,2,3,2,1,2,1,4,2,4
STU00047,2,2,2,2,2,4,2,2,4,4
STU00048,5,3,2,4,3,2,2,2,2,5
STU00049,2,1,4,1,2,1,2,2,2,3
STU00050,5,4,2,4,4,4,2,2,1,5
STU00051,3,4,2,2,3,2,2,2,2,2
STU00052,4,3,2,4,4,2,1,2,2,4
STU00053,1,1,2,1,2,4,2,2,3,5
STU00054,2,2,2,1,4,1,1,1,2,2
STU00055,4,4,2,2,2,4,2,2,2,4
STU00056,5,4,2,2,4,4,1,2,2,5
STU00057,2,2,2,4,4,2,1,1,2,3
STU00058,3,4,2,2,1,5,2,2,2,5
STU00059,5,4,2,5,5,5,2,2,2,5
STU00060,5,2,1,4,5,1,2,2,1,4
STU00061,2,4,2,2,2,2,1,2,2,3
STU00062,1,2,2,4,4,2,2,2,2,4
STU00063,3,1,2,3,1,4,2,1,2,3
STU00064,4,4,2,4,3,4,2,2,2,5
STU00065,5,2,4,3,4,4,2,2,2,5
STU00066,3,4,2,1,2,2,2,2,2,3
STU00067,1,2,2,2,3,2,2,3,2,3
STU00068,2,2,2,5,4,2,1,2,2,3
STU00069,5,4,2,3,4,3,1,2,2,4
STU00070,4,3,4,2,4,2,2,5,2,4
STU00071,2,4,1,2,4,1,2,1,2,4
STU00072,3,4,1,3,1,1,2,2,2,5
STU00073,1,3,2,2,2,2,1,1,2,2
STU00074,4,4,2,2,3,4,2,1,2,4
STU00075,5,3,2,3,3,3,1,2,2,3
STU00076,1,4,2,2,2,2,2,2,2,2
STU00077,3,3,2,4,4,2,2,2,2,2
STU00078,1,2,2,1,2,2,2,2,2,3
STU00079,3,2,1,2,3,4,2,2,2,4
STU00080,3,2,1,5,4,3,1,2,2,3
STU00081,5,2,2,2,2,3,1,2,2,4
STU00082,2,2,2,3,4,2,1,1,2,2
STU00083,4,5,2,4,4,4,2,2,1,3
STU00084,3,2,2,2,3,4,2,2,2,5
STU00085,5,3,1,5,5,4,1,2,2,5
STU00086,4,5,1,4,2,2,2,2,2,5
STU00087,3,2,2,1,2,4,2,1,2,4
STU00088,5,5,2,1,4,4,2,2,2,4
STU00089,2,2,2,2,3,2,2,2,4,3
STU00090,3,4,2,1,3,2,1,1,2,3
STU00091,2,2,1,3,4,2,1,1,2,3
STU00092,3,2,4,2,3,2,2,2,2,5
STU00093,5,5,2,4,4,4,2,2,2,4
STU00094,1,4,3,1,2,1,2,2,2,4
STU00095,4,4,1,2,5,3,2,2,4,4
STU00096,2,2,3,3,5,2,1,3,2,4
STU00097,1,2,2,2,2,2,1,1,2,3
STU00098,5,5,1,2,3,3,2,2,2,3
STU00099,5,4,2,5,4,4,2,2,2,5
STU00100,1,2,1,2,3,1,1,2,2,4
STU00101,3,2,1,3,3,2,2,2,4,5
STU00102,5,2,4,3,5,2,2,3,4,5
STU00103,1,2,1,2,2,4,2,2,2,3
STU00104,3,3,2,3,4,4,1,2,2,3
STU00105,2,2,2,4,4,2,1,3,3,3
STU00106,4,3,2,4,4,3,2,2,4,5
STU00107,5,4,4,2,4,5,1,2,1,5
STU00108,5,3,2,4,4,2,2,2,2,5
STU00109,5,4,2,4,2,4,2,2,2,5
STU00110,4,4,1,2,2,1,1,2,2,4
STU00111,3,2,4,1,3,2,2,2,1,4
STU00112,1,1,2,3,4,1,1,2,2,4
STU00113,2,3,2,2,3,2,1,2,2,3
STU00114,2,2,2,2,2,4,2,2,1,4
STU00115,5,4,2,5,2,5,2,2,2,5
STU00116,1,2,2,5,4,1,1,2,2,4
STU00117,1,1,2,3,4,2,1,2,1,4
STU00118,5,5,2,4,4,2,2,2,2,5
STU00119,5,4,2,1,2,5,2,2,2,5
STU00120,3,1,1,4,3,2,2,2,2,4
STU00121,2,1,3,3,5,2,1,3,2,4
STU00122,3,3,2,3,3,3,1,2,2,2
STU00123,2,2,2,2,2,1,1,4,2,4
STU00124,2,2,1,1,2,4,2,2,1,3
STU00125,2,4,2,3,3,2,1,1,3,4
STU00126,5,3,2,5,5,4,2,2,2,5
STU00127,1,4,2,2,3,2,2,2,2,3
STU00128,2,4,2,2,2,2,2,1,2,4
STU00129,5,4,2,2,2,3,1,4,2,5
STU00130,1,1,1,2,5,2,1,2,2,4
STU00131,2,4,1,2,3,2,2,2,2,3
STU00132,5,2,2,5,4,5,2,2,2,5
STU00133,4,2,2,3,1,3,1,2,1,3
STU00134,2,2,2,2,2,2,1,3,2,4
STU00135,5,3,1,2,1,5,2,2,2,4
STU00136,1,2,2,2,5,2,1,1,2,5
STU00137,3,4,2,3,1,2,2,2,2,5
STU00138,5,4,2,1,2,4,2,2,2,5
STU00139,1,2,2,1,2,4,2,2,1,2
STU00140,3,2,2,2,2,2,1,2,2,4
STU00141,4,5,1,2,3,4,1,2,2,5
STU00142,2,4,2,2,1,2,2,3,1,5
STU00143,1,2,2,2,1,2,2,3,4,4
STU00144,1,2,2,1,2,4,2,2,2,3
STU00145,1,2,2,1,3,2,2,4,2,2
STU00146,4,2,2,1,2,3,1,2,2,4
STU00147,4,5,2,4,2,3,2,1,2,5
STU00148,4,1,2,3,4,4,2,2,1,4
STU00149,3,4,3,2,3,2,2,2,3,5
STU00150,4,3,2,4,4,5,2,2,2,5
STU00151,3,2,2,4,4,2,2,1,2,3
STU00152,2,4,3,1,3,2,2,3,2,4
STU00153,5,4,1,5,4,5,2,2,2,5
STU00154,5,4,2,5,4,4,2,1,2,5
STU00155,2,2,2,3,3,4,2,2,1,4
STU00156,1,2,1,2,2,2,1,1,4,4
STU00157,1,2,2,3,4,2,1,2,2,4
STU00158,1,3,2,3,2,2,2,4,2,5
STU00159,4,5,1,1,4,3,2,2,2,4
STU00160,4,3,2,2,1,3,1,2,2,4
STU00161,1,4,2,2,2,2,2,3,1,4
STU00162,2,4,2,2,2,2,2,2,1,4
STU00163,4,3,1,5,5,2,1,2,2,4
STU00164,2,4,2,2,1,3,1,2,2,3
STU00165,1,2,2,2,1,1,1,1,2,4
STU00166,4,3,4,4,2,2,2,2,2,5
STU00167,1,1,2,2,2,1,1,4,2,4
STU00168,5,2,2,4,4,3,2,2,2,5
STU00169,1,2,1,4,4,2,2,2,1,4
STU00170,1,2,1,1,2,2,1,4,2,2
STU00171,3,2,2,4,5,2,1,2,2,3
STU00172,4,3,2,3,4,2,1,2,2,4
STU00173,1,4,2,3,3,1,2,2,1,5
STU00174,1,2,2,2,2,2,1,4,2,4
STU00175,2,2,2,2,2,4,2,1,4,4
STU00176,1,2,2,2,2,1,1,2,1,4
STU00177,2,4,3,1,4,1,2,3,2,5
STU00178,5,5,2,4,5,4,2,2,2,4
STU00179,1,1,2,2,3,1,1,3,3,4
STU00180,3,2,2,3,4,1,2,1,1,3
STU00181,5,4,2,1,2,3,1,2,2,5
STU00182,2,5,1,2,2,4,1,2,2,4
STU00183,3,2,1,3,5,2,2,2,2,3
STU00184,4,2,1,2,5,2,1,2,3,5
STU00185,2,2,1,2,3,1,2,2,4,4
STU00186,5,4,2,2,5,2,2,4,2,5
STU00187,2,2,2,4,4,2,2,2,2,2
STU00188,3,3,1,3,2,2,2,2,4,4
STU00189,5,4,2,5,4,2,1,2,2,5
STU00190,1,4,2,1,3,2,2,3,2,3
STU00191,2,4,2,2,3,1,2,2,1,2
STU00192,3,2,2,4,2,2,1,2,2,4
STU00193,3,3,2,2,2,4,2,2,1,2
STU00194,5,5,2,4,4,2,1,2,2,5
STU00195,4,3,2,3,2,1,1,2,1,4
STU00196,1,1,2,1,3,2,1,2,2,3
STU00197,5,4,2,3,4,5,1,2,2,4
STU00198,5,5,2,2,2,2,2,2,2,5
STU00199,3,1,2,3,3,4,2,2,2,4
STU00200,4,3,2,4,4,3,2,5,2,4
STU00201,1,2,1,1,2,4,2,2,1,2
STU00202,3,2,2,5,4,3,2,2,2,4
STU00203,1,1,2,2,2,1,2,2,4,4
STU00204,4,4,2,2,2,4,2,2,2,5
STU00205,5,5,2,4,4,5,2,2,2,4
STU00206,1,1,2,2,3,1,1,2,3,4
STU00207,3,4,2,2,1,2,2,1,1,4
STU00208,1,2,2,4,4,1,2,2,3,3
STU00209,5,3,2,2,2,5,2,2,2,5
STU00210,1,2,3,2,3,1,1,3,2,4
STU00211,2,2,4,2,3,2,2,2,3,4
STU00212,1,2,2,3,2,2,2,4,1,5
STU00213,4,5,2,2,2,3,1,2,2,5
STU00214,2,3,2,2,2,2,1,2,2,4
STU00215,1,2,2,4,4,2,2,3,3,3
STU00216,5,3,1,5,5,2,1,2,2,5
STU00217,1,2,2,3,2,4,2,1,2,4
STU00218,5,5,2,4,2,5,2,2,2,5
STU00219,4,5,1,2,2,3,2,2,2,4
STU00220,4,2,1,2,2,5,2,2,2,4
STU00221,4,3,2,3,5,2,1,2,2,5
STU00222,1,2,2,3,4,2,1,3,1,4
STU00223,4,2,2,4,5,2,1,2,2,5
STU00224,5,3,2,4,4,4,1,2,2,4
STU00225,4,4,2,2,2,2,1,2,2,4
STU00226,5,4,2,5,5,4,1,2,2,5
STU00227,5,5,2,1,5,4,2,2,2,5
STU00228,4,5,1,4,2,4,2,2,2,4
STU00229,1,2,2,4,4,2,1,2,2,3
STU00230,3,1,2,2,4,2,1,2,2,5
STU00231,5,4,2,4,4,5,2,2,2,5
STU00232,4,4,2,2,4,4,2,2,2,4
STU00233,1,4,3,2,3,2,1,3,2,5
STU00234,1,1,3,1,2,2,2,2,2,3
STU00235,3,1,2,3,3,4,2,2,2,4
STU00236,4,4,1,2,2,4,1,2,2,4
STU00237,1,2,1,2,1,2,1,2,2,4
STU00238,2,4,2,2,2,2,2,2,2,4
STU00239,1,4,2,1,2,1,2,2,1,3
STU00240,3,3,2,3,4,3,1,2,2,4
STU00241,1,2,2,3,5,2,1,3,1,4
STU00242,1,1,2,2,2,4,2,2,2,3
STU00243,5,5,2,4,4,2,1,2,2,5
STU00244,1,4,2,2,2,2,2,3,2,3
STU00245,1,4,3,2,2,2,2,3,2,2
STU00246,3,2,4,4,2,2,2,1,2,4
STU00247,4,4,2,5,3,3,1,2,2,5
STU00248,4,3,1,2,1,5,2,2,2,4
STU00249,1,2,2,3,4,1,1,1,1,3
STU00250,3,2,2,4,4,4,2,2,2,4
STU00251,4,3,2,2,2,4,2,2,2,3
STU00252,4,4,2,4,2,2,2,2,1,5
STU00253,1,4,2,2,2,2,2,2,2,3
STU00254,4,3,2,2,2,4,1,1,2,5
STU00255,5,5,2,4,5,4,2,1,2,5
STU00256,4,5,2,1,2,4,2,2,1,3
STU00257,4,3,2,4,3,5,2,1,1,5
STU00258,4,5,2,4,3,3,2,2,2,5
STU00259,5,3,2,4,4,3,1,2,2,5
STU00260,4,4,2,4,2,3,1,2,2,4
STU00261,1,2,1,1,5,2,2,2,2,3
STU00262,1,2,2,5,4,2,2,2,3,4
STU00263,4,2,1,2,4,2,2,2,3,5
STU00264,4,4,2,2,2,4,2,2,2,5
STU00265,1,2,3,2,2,4,2,3,1,4
STU00266,2,2,1,2,3,1,1,3,2,4
STU00267,2,2,2,4,4,2,2,2,2,3
STU00268,4,3,2,4,4,3,2,1,2,5
STU00269,5,2,2,4,4,3,1,2,2,5
STU00270,1,2,3,2,3,4,2,3,3,3
STU00271,4,4,2,3,2,2,2,4,2,4
STU00272,2,4,2,2,2,2,2,2,3,3
STU00273,4,4,2,2,2,4,2,2,2,4
STU00274,3,3,2,5,4,3,2,2,2,5
STU00275,2,1,1,1,2,3,1,4,3,2
STU00276,3,3,2,3,4,2,1,2,2,5
STU00277,4,3,2,4,5,3,2,2,2,5
STU00278,1,2,3,1,4,2,1,3,2,4
STU00279,4,2,1,5,4,3,1,1,2,3
STU00280,3,2,4,1,4,3,2,3,2,3
STU00281,5,3,4,1,2,2,1,2,2,3
STU00282,1,4,1,2,2,2,2,2,2,3
STU00283,3,3,2,3,4,4,1,2,2,5
STU00284,1,2,3,3,4,2,1,2,2,3
STU00285,2,2,1,2,2,2,2,2,2,3
STU00286,1,3,2,4,4,2,1,1,2,4
STU00287,1,4,2,3,2,1,2,2,1,4
STU00288,3,3,1,4,4,2,1,2,2,3
STU00289,1,4,2,2,2,2,2,2,2,4
STU00290,1,1,2,2,3,2,2,3,2,3
STU00291,3,4,3,2,2,3,2,3,2,4
STU00292,4,3,2,2,2,5,2,2,2,5
STU00293,3,2,2,3,3,2,1,2,2,4
STU00294,1,2,2,3,5,2,2,2,2,5
STU00295,1,2,2,3,2,1,1,2,2,5
STU00296,4,5,2,4,2,2,1,2,2,5
STU00297,1,2,2,4,4,2,1,2,2,5
STU00298,4,4,2,2,4,4,2,2,2,5
STU00299,3,1,4,4,3,2,1,3,2,5
STU00300,3,4,2,2,3,1,1,2,2,2
STU00301,1,2,3,2,2,2,2,4,2,3
STU00302,1,3,2,4,5,2,2,2,2,5
STU00303,5,3,1,2,2,4,2,2,2,4
STU00304,1,2,1,1,1,1,1,2,2,2
STU00305,3,4,2,1,3,3,2,2,2,5
STU00306,1,2,2,2,2,4,2,2,2,2
STU00307,5,4,1,4,4,4,1,2,2,5
STU00308,4,4,2,5,4,4,1,2,2,5
STU00309,1,4,2,3,3,1,2,2,2,5
STU00310,1,1,1,2,2,4,2,2,2,3
STU00311,5,2,2,4,4,3,2,2,2,5
STU00312,3,3,2,3,4,4,2,2,2,5
STU00313,5,3,2,2,2,5,2,2,2,5
STU00314,3,2,2,2,3,3,2,2,3,3
STU00315,3,2,2,5,5,1,1,1,3,4
STU00316,2,1,3,2,2,4,1,3,2,5
STU00317,2,1,2,2,2,2,2,4,2,4
STU00318,5,4,1,5,4,4,2,2,2,4
STU00319,5,3,2,4,2,2,1,2,2,5
STU00320,5,4,2,4,2,2,1,2,2,4
STU00321,3,2,2,1,3,2,2,2,4,4
STU00322,4,5,1,2,2,2,1,2,1,4
STU00323,4,3,2,5,5,2,2,2,2,4
STU00324,5,3,1,2,2,5,2,1,2,5
STU00325,4,3,2,4,4,3,1,2,2,4
STU00326,1,2,2,2,2,2,1,5,2,3
STU00327,4,5,2,2,2,3,2,2,2,5
STU00328,3,1,2,2,2,1,1,2,2,4
STU00329,2,2,2,2,2,2,1,4,1,4
STU00330,4,4,2,4,2,2,2,2,2,5
STU00331,4,3,2,5,4,2,2,2,2,5
STU00332,3,3,2,4,2,4,2,2,2,4
STU00333,1,5,2,2,2,1,2,2,2,3
STU00334,1,2,1,2,4,2,1,2,5,5
STU00335,2,4,2,3,3,2,2,2,2,4
STU00336,5,2,4,2,4,4,2,3,4,5
STU00337,1,2,2,2,3,2,1,2,2,4
STU00338,5,3,1,5,4,4,1,2,2,4
STU00339,2,2,2,3,4,2,1,2,2,4
STU00340,2,2,2,2,3,2,1,3,2,4
STU00341,1,2,2,4,4,1,2,1,2,4
STU00342,1,2,1,4,4,2,2,2,1,3
STU00343,5,4,2,4,4,4,2,2,2,4
STU00344,3,2,2,3,4,2,2,2,2,5
STU00345,4,4,2,5,5,2,1,2,2,5
STU00346,2,1,1,1,2,1,1,2,4,3
STU00347,2,2,2,3,4,2,1,3,1,3
STU00348,5,4,2,2,2,5,2,2,2,5
STU00349,4,5,2,2,2,2,2,2,2,5
STU00350,2,4,4,1,3,2,2,3,3,5
STU00351,2,2,1,2,2,1,1,2,1,3
STU00352,4,4,2,4,2,4,2,2,2,5
STU00353,1,2,1,1,2,2,1,2,2,2
STU00354,4,5,2,3,2,4,2,1,2,5
STU00355,5,4,2,5,5,2,2,2,2,4
STU00356,1,2,3,1,1,2,1,2,2,4
STU00357,4,5,1,2,2,4,1,2,2,5
STU00358,2,4,1,2,2,1,2,2,2,4
STU00359,3,4,2,3,2,2,2,1,2,5
STU00360,1,1,2,4,4,2,1,2,1,3
STU00361,4,4,2,4,3,1,2,2,2,5
STU00362,3,3,2,1,3,4,2,1,2,3
STU00363,1,2,2,2,2,4,2,2,2,4
STU00364,5,3,2,4,4,5,2,2,2,5
STU00365,3,2,2,4,4,3,2,2,2,2
STU00366,3,3,2,2,2,4,2,1,2,2
STU00367,1,4,2,2,2,2,2,2,2,4
STU00368,5,5,1,2,2,2,1,2,2,3
STU00369,3,2,2,3,3,2,1,2,2,2
STU00370,4,2,2,4,4,4,1,2,2,4
STU00371,2,4,2,1,2,1,2,2,2,2
STU00372,1,1,1,1,1,2,1,4,2,4
STU00373,5,4,2,2,2,4,1,1,2,5
STU00374,1,2,2,1,2,4,2,2,1,4
STU00375,2,4,2,2,2,2,2,3,2,4
STU00376,5,2,2,2,2,5,2,2,2,4
STU00377,1,4,2,4,2,2,2,2,3,4
STU00378,1,4,2,2,2,1,2,2,1,5
STU00379,2,2,2,2,2,2,2,4,2,3
STU00380,2,4,2,1,2,3,2,2,2,2
STU00381,2,2,1,4,4,2,2,1,2,3
STU00382,4,2,5,1,1,3,2,2,2,3
STU00383,4,3,2,3,4,3,1,2,2,5
STU00384,1,4,2,2,2,2,2,2,2,3
STU00385,1,2,2,2,2,2,2,4,2,5
STU00386,4,3,2,3,4,4,1,2,2,4
STU00387,2,4,2,2,4,2,2,1,3,4
STU00388,3,4,2,1,2,3,1,2,2,2
STU00389,2,1,2,2,2,2,1,2,2,4
STU00390,3,2,1,2,2,4,2,1,2,3
STU00391,4,1,1,4,2,2,1,2,2,3
STU00392,5,4,2,5,2,5,2,2,2,5
STU00393,3,2,4,3,2,3,2,2,1,5
STU00394,2,2,2,2,4,1,2,2,2,4
STU00395,2,5,2,2,1,1,2,2,2,4
STU00396,2,4,2,2,2,2,2,2,3,4
STU00397,4,5,2,2,2,3,2,2,1,4
STU00398,4,4,1,1,4,3,1,2,2,3
STU00399,3,2,2,4,4,2,1,2,2,4
STU00400,1,2,2,2,3,2,1,1,2,4
STU00401,1,2,2,2,3,1,2,2,2,4
STU00402,4,5,2,2,2,2,1,2,2,4
STU00403,4,5,2,4,3,2,2,2,2,5
STU00404,3,1,2,3,1,2,1,2,2,4
STU00405,4,5,2,2,2,2,1,2,2,5
STU00406,4,5,2,2,2,3,1,2,2,3
STU00407,1,4,1,2,2,2,2,2,1,4
STU00408,5,4,2,5,2,5,1,2,1,5
STU00409,4,3,2,4,2,3,1,2,2,5
STU00410,5,4,3,2,4,1,2,4,3,5
STU00411,2,2,2,3,4,4,2,2,2,5
STU00412,1,4,2,2,2,2,2,1,2,4
STU00413,3,3,2,2,2,4,2,2,2,4
STU00414,4,5,2,1,2,2,2,2,2,4
STU00415,3,4,2,2,2,3,1,2,2,3
STU00416,5,4,2,3,4,5,2,2,2,4
STU00417,2,1,2,4,4,2,2,2,2,2
STU00418,4,3,4,2,4,3,2,2,1,4
STU00419,4,2,3,3,3,2,2,5,2,5
STU00420,2,2,2,4,4,2,2,2,1,4
STU00421,3,2,4,2,2,2,2,3,2,3
STU00422,3,5,2,2,2,3,2,2,2,5
STU00423,2,4,2,1,3,1,2,2,2,2
STU00424,1,1,2,3,4,1,1,1,2,5
STU00425,1,1,1,1,2,2,2,2,4,2
STU00426,2,4,2,2,4,2,2,2,2,5
STU00427,1,4,2,1,4,2,2,2,3,5
STU00428,2,2,1,2,2,2,2,2,4,3
STU00429,2,1,2,2,4,2,1,2,2,3
STU00430,2,2,2,4,4,1,1,2,1,3
STU00431,5,5,2,1,4,4,1,4,2,4
STU00432,1,1,2,2,3,2,2,1,2,4
STU00433,2,2,2,2,2,2,1,1,1,4
STU00434,2,4,2,2,2,2,2,2,2,4
STU00435,1,2,1,3,4,2,1,1,2,3
STU00436,2,4,2,2,2,2,2,2,1,4
STU00437,2,2,4,3,1,2,2,2,2,2
STU00438,4,5,1,2,2,4,2,2,2,4
STU00439,4,4,2,4,4,3,2,2,2,5
STU00440,4,5,2,2,2,2,2,2,2,4
STU00441,5,2,2,3,3,4,2,2,1,3
STU00442,1,1,2,2,3,2,1,2,2,5
STU00443,1,1,1,1,2,2,1,2,1,3
STU00444,1,2,2,1,5,2,1,1,3,4
STU00445,3,4,2,4,4,3,2,2,2,5
STU00446,5,4,2,4,4,4,2,2,2,5
STU00447,4,4,2,4,4,2,2,2,2,5
STU00448,4,2,3,2,3,4,2,3,2,4
STU00449,2,2,3,2,4,2,2,3,1,5
STU00450,1,2,3,2,5,2,1,3,4,4
STU00451,3,4,2,2,2,3,2,1,2,4
STU00452,5,3,2,2,2,5,2,2,2,5
STU00453,3,2,1,2,2,4,2,1,2,3
STU00454,5,2,2,5,5,3,2,2,2,4
STU00455,4,3,2,3,3,4,1,2,4,5
STU00456,1,2,2,2,3,2,2,2,1,5
STU00457,1,4,2,2,2,2,2,2,2,5
STU00458,4,4,3,2,3,2,2,4,4,5
STU00459,2,4,3,1,2,2,2,2,4,4
STU00460,5,5,2,3,1,3,2,2,2,5
STU00461,3,3,2,3,3,2,2,2,2,5
STU00462,1,1,2,3,3,2,2,2,4,5
STU00463,4,4,1,2,2,2,2,2,2,4
STU00464,5,5,2,5,4,3,2,2,2,5
STU00465,3,1,1,1,3,4,2,1,2,5
STU00466,5,4,1,5,2,3,1,2,2,5
STU00467,1,2,2,3,4,2,1,2,2,3
STU00468,2,2,2,1,2,3,1,2,2,4
STU00469,5,4,2,4,5,4,2,1,2,4
STU00470,5,4,2,5,4,4,1,2,2,5
STU00471,3,4,2,3,2,3,2,2,2,4
STU00472,4,4,2,2,3,4,2,2,2,5
STU00473,2,2,1,4,4,2,2,2,2,3
STU00474,2,4,1,2,2,2,2,3,2,4
STU00475,2,1,2,2,2,2,1,2,2,4
STU00476,4,3,2,2,2,3,2,2,4,5
STU00477,4,3,2,4,2,5,2,2,2,5
STU00478,4,5,2,2,3,4,2,2,1,4
STU00479,3,2,2,1,2,1,1,1,2,3
STU00480,5,4,2,5,4,4,1,2,2,5
STU00481,5,2,1,4,2,5,2,2,2,5
STU00482,3,2,1,2,2,2,1,1,2,4
STU00483,5,4,2,2,2,4,1,1,2,5
STU00484,5,5,2,2,2,4,2,2,1,5
STU00485,3,2,2,4,4,3,2,2,2,5
STU00486,4,5,2,2,2,3,1,2,1,5
STU00487,4,3,1,2,2,4,2,2,2,4
STU00488,1,2,2,3,5,2,1,2,3,3
STU00489,5,3,2,4,4,4,2,2,2,5
STU00490,1,2,2,2,3,2,1,4,2,2
STU00491,2,1,2,2,3,2,1,5,2,5
STU00492,2,2,2,1,2,2,2,2,4,4
STU00493,2,2,3,1,3,2,1,2,2,4
STU00494,2,1,2,1,1,4,2,2,2,3
STU00495,5,5,2,5,5,4,1,2,2,5
STU00496,1,2,3,2,2,1,1,4,2,4
STU00497,4,3,2,4,4,2,2,2,2,5
STU00498,1,4,1,2,3,2,2,2,2,3
STU00499,3,3,2,2,1,2,1,2,2,5
STU00500,1,2,1,2,4,1,1,2,2,3
STU00501,1,1,2,4,4,2,1,2,2,4
STU00502,2,2,1,2,2,4,2,2,2,3
STU00503,1,3,2,2,2,4,2,2,1,4
STU00504,4,5,2,1,4,1,2,2,2,5
STU00505,4,3,1,2,1,2,1,2,2,5
STU00506,2,2,1,3,2,2,1,2,2,4
STU00507,1,4,2,1,2,2,2,2,2,3
STU00508,5,2,2,4,4,5,2,2,2,4
STU00509,3,4,1,2,2,2,2,2,1,3
STU00510,4,2,2,4,2,2,1,2,2,5
STU00511,2,2,2,2,2,5,2,2,2,4
STU00512,4,2,1,5,5,4,1,2,2,5
STU00513,5,3,2,4,4,3,1,4,2,4
STU00514,2,2,2,2,2,1,2,2,4,5
STU00515,2,4,1,2,2,1,2,1,2,3
STU00516,1,2,2,1,4,1,1,3,2,2
STU00517,3,2,2,2,4,1,2,2,2,4
STU00518,2,2,2,2,1,2,1,4,2,2
STU00519,5,5,2,2,2,4,1,2,2,5
STU00520,1,1,2,4,4,2,2,3,2,3
STU00521,5,4,2,4,4,5,2,2,2,4
STU00522,2,1,2,1,2,4,2,2,2,4
STU00523,2,4,2,2,1,3,2,2,2,4
STU00524,3,4,2,2,2,2,2,2,2,3
STU00525,2,2,2,1,2,2,2,2,2,4
STU00526,4,1,3,2,4,2,2,2,2,3
STU00527,3,4,2,2,2,3,2,2,3,4
STU00528,3,3,2,2,1,4,2,1,2,5
STU00529,1,2,1,2,2,2,2,2,2,3
STU00530,1,4,2,1,1,2,2,1,3,4
STU00531,5,5,2,2,2,4,1,2,2,4
STU00532,1,2,2,2,3,2,2,4,1,4
STU00533,5,4,2,5,2,4,1,2,2,5
STU00534,4,1,1,2,4,4,1,2,2,4
STU00535,2,5,2,4,4,4,2,2,2,3
STU00536,2,2,2,2,2,2,2,2,4,2
STU00537,2,1,2,5,4,1,2,2,1,5
STU00538,4,2,2,3,4,4,2,2,5,4
STU00539,4,4,2,2,2,4,1,2,2,5
STU00540,1,2,2,1,2,2,1,3,4,3
STU00541,3,2,2,2,3,4,2,3,2,3
STU00542,5,5,2,1,2,4,2,2,2,4
STU00543,5,2,2,4,4,3,2,2,2,5
STU00544,4,2,1,1,3,4,1,2,2,3
STU00545,4,4,2,2,1,5,2,2,2,5
STU00546,3,5,2,3,2,2,2,2,2,3
STU00547,1,1,1,4,4,2,2,1,2,3
STU00548,3,2,1,4,4,2,1,2,2,3
STU00549,3,3,2,3,3,2,2,2,5,5
STU00550,2,1,3,2,1,1,1,5,2,4
STU00551,1,2,2,2,3,4,2,2,2,3
STU00552,3,4,2,3,1,2,2,2,2,5
STU00553,4,3,2,3,3,2,1,2,1,3
STU00554,5,5,2,4,4,4,1,2,2,5
STU00555,2,2,2,4,4,2,2,2,2,2
STU00556,5,5,2,4,5,4,2,2,2,5
STU00557,3,4,1,3,2,1,2,2,2,3
STU00558,5,2,1,5,4,1,2,2,3,4
STU00559,5,2,2,2,2,3,1,2,2,3
STU00560,1,2,2,4,4,2,1,2,2,4
STU00561,2,2,2,2,3,2,1,3,2,5
STU00562,4,2,1,4,4,2,2,2,1,5
STU00563,5,4,2,4,4,3,2,1,1,4
STU00564,4,3,2,3,4,3,1,2,2,3
STU00565,2,2,1,3,3,4,2,2,1,4
STU00566,2,2,1,2,3,4,2,1,2,2
STU00567,4,1,2,2,3,1,2,2,2,5
STU00568,2,1,2,3,1,2,2,2,4,5
STU00569,4,4,2,5,4,4,2,2,2,4
STU00570,4,4,2,2,2,3,1,2,2,5
STU00571,3,2,2,2,2,1,1,2,2,4
STU00572,1,4,1,1,2,3,2,2,2,3
STU00573,5,5,2,4,2,2,2,2,2,5
STU00574,3,2,2,3,3,3,1,2,1,4
STU00575,1,1,1,4,4,2,2,1,2,4
STU00576,1,2,2,1,1,2,2,3,4,4
STU00577,5,1,2,3,4,3,1,2,2,4
STU00578,4,4,2,4,4,4,2,2,2,4
STU00579,5,3,2,3,5,2,1,1,2,4
STU00580,4,2,1,3,4,2,1,2,2,4
STU00581,3,2,2,1,3,3,2,4,2,5
STU00582,3,1,1,2,2,1,1,2,1,4
STU00583,1,4,2,2,2,2,2,2,2,3
STU00584,5,2,4,4,4,3,2,2,2,4
STU00585,5,4,2,4,5,4,2,2,2,4
STU00586,4,1,1,2,4,5,2,2,1,4
STU00587,5,4,2,5,4,4,1,2,2,5
STU00588,3,3,2,1,2,1,2,2,4,5
STU00589,5,3,2,3,2,5,2,2,2,5
STU00590,4,3,2,4,4,5,1,2,2,5
STU00591,3,1,2,2,3,3,1,1,4,2
STU00592,4,3,1,2,2,2,1,2,2,5
STU00593,4,4,2,2,1,3,2,2,2,4
STU00594,4,4,2,2,2,3,1,2,2,5
STU00595,1,4,1,2,2,2,2,2,2,1
STU00596,4,4,1,4,4,4,2,2,2,4
STU00597,1,2,2,3,4,2,2,1,3,4
STU00598,3,1,2,2,3,3,2,4,2,2
STU00599,5,4,2,5,5,2,1,2,2,4
STU00600,4,3,2,5,5,3,1,2,2,3
STU00601,2,2,1,2,1,2,2,4,1,3
STU00602,4,3,2,4,3,4,1,2,1,5
STU00603,1,4,2,2,2,2,2,2,2,4
STU00604,5,5,2,5,5,1,1,2,2,5
STU00605,3,5,2,2,2,2,2,2,2,4
STU00606,2,2,2,4,4,1,2,2,1,4
STU00607,2,2,1,2,3,2,2,4,2,4
STU00608,2,4,1,2,1,1,2,1,2,3
STU00609,4,4,2,4,3,3,1,2,2,5
STU00610,1,4,2,2,3,2,2,2,2,3
STU00611,5,4,2,4,5,4,1,2,2,5
STU00612,1,2,2,2,2,1,2,2,4,4
STU00613,1,3,2,2,1,2,2,2,4,4
STU00614,4,4,2,3,2,2,2,2,4,4
STU00615,4,5,2,2,2,3,2,2,2,5
STU00616,3,2,1,4,4,2,2,2,2,2
STU00617,3,2,2,2,2,2,2,1,4,4
STU00618,4,4,2,5,4,5,2,2,2,5
STU00619,4,3,2,2,3,4,2,2,2,3
STU00620,1,2,2,2,4,1,1,2,2,4
STU00621,4,4,2,3,4,5,2,2,2,5
STU00622,1,3,1,1,2,4,2,1,2,2
STU00623,1,2,2,5,5,3,1,2,2,3
STU00624,5,3,2,4,2,4,1,2,1,4
STU00625,3,2,2,3,5,3,2,2,2,4
STU00626,2,2,2,4,3,1,1,2,2,5
STU00627,1,2,3,2,2,4,2,2,1,5
STU00628,5,5,2,5,3,2,2,2,2,5
STU00629,4,5,2,2,2,4,1,2,2,5
STU00630,2,2,2,2,4,2,2,1,2,4
STU00631,1,2,1,2,2,4,2,2,2,3
STU00632,3,4,2,2,2,3,1,2,2,3
STU00633,1,2,2,3,4,2,2,2,2,5
STU00634,2,2,2,2,3,2,2,2,3,4
STU00635,2,2,1,5,4,2,2,1,2,5
STU00636,2,1,1,3,3,4,2,2,2,5
STU00637,4,1,2,5,4,2,2,1,2,4
STU00638,2,1,3,4,2,2,2,3,4,4
STU00639,5,4,2,4,5,4,2,2,2,5
STU00640,2,4,2,1,2,2,2,2,1,3
STU00641,3,3,2,4,4,2,1,2,2,5
STU00642,2,2,1,1,2,2,1,4,2,3
STU00643,3,4,2,2,2,2,2,2,2,5
STU00644,4,3,2,2,2,5,2,2,2,5
STU00645,4,4,2,5,4,2,1,2,2,5
STU00646,1,1,1,2,3,2,1,2,1,3
STU00647,3,3,1,4,2,2,2,2,2,4
STU00648,4,3,2,1,2,2,1,2,2,5
STU00649,5,3,2,4,4,3,1,2,2,4
STU00650,5,4,2,5,5,4,2,2,2,3
STU00651,5,4,2,4,3,3,1,2,2,3
STU00652,1,1,2,3,4,2,2,2,2,3
STU00653,5,4,2,2,2,4,1,1,2,5
STU00654,1,1,2,4,4,2,1,2,2,3
STU00655,4,3,2,3,4,3,2,2,2,4
STU00656,3,2,2,2,3,2,2,3,1,4
STU00657,3,2,2,2,2,3,2,2,4,4
STU00658,4,5,2,2,2,3,2,2,2,5
STU00659,1,1,2,2,5,2,1,2,3,4
STU00660,4,4,1,1,2,1,2,2,2,3
STU00661,2,1,2,2,2,5,2,2,2,4
STU00662,4,4,2,2,3,2,2,2,2,3
STU00663,5,5,1,2,2,4,2,2,2,4
STU00664,5,4,1,5,4,4,2,2,2,5
STU00665,3,1,2,3,3,2,2,1,2,5
STU00666,1,4,2,2,2,2,2,2,2,3
STU00667,1,2,1,4,4,2,1,2,2,3
STU00668,2,2,1,2,3,1,1,2,2,3
STU00669,1,1,2,1,2,1,1,1,2,4
STU00670,2,5,2,2,2,4,2,2,2,5
STU00671,3,2,2,2,3,3,2,1,2,4
STU00672,4,2,3,1,4,1,2,3,2,5
STU00673,5,5,2,4,4,2,1,2,2,5
STU00674,1,2,3,2,5,1,2,3,4,5
STU00675,5,2,2,4,4,4,2,2,2,5
STU00676,4,3,2,5,5,3,1,2,2,3
STU00677,1,2,2,4,4,2,1,2,2,4
STU00678,4,5,1,2,4,2,2,2,2,5
STU00679,3,2,1,2,1,2,1,2,1,3
STU00680,5,5,2,4,5,4,1,2,2,4
STU00681,2,4,2,2,3,2,2,2,2,2
STU00682,1,4,1,1,1,1,2,2,2,2
STU00683,3,2,2,2,3,2,2,2,4,3
STU00684,3,3,2,3,2,4,2,2,1,4
STU00685,2,3,2,2,2,2,1,2,2,4
STU00686,3,1,2,5,4,3,2,2,1,5
STU00687,5,3,2,2,2,1,1,2,2,5
STU00688,2,2,2,4,4,2,2,2,1,4
STU00689,1,2,3,2,2,2,2,3,2,4
STU00690,1,1,2,2,4,2,2,4,2,5
STU00691,1,2,1,2,2,2,1,1,2,4
STU00692,4,5,2,4,4,2,2,2,2,5
STU00693,1,4,2,2,2,2,2,2,2,3
STU00694,3,2,2,4,4,3,2,2,2,4
STU00695,5,4,2,2,2,3,1,2,2,5
STU00696,4,5,2,4,2,4,2,2,2,5
STU00697,2,2,2,3,4,2,2,1,1,2
STU00698,1,1,1,2,4,2,1,2,2,4
STU00699,2,2,1,3,4,2,1,2,2,4
STU00700,5,4,1,4,4,4,2,2,1,4
STU00701,2,1,1,1,3,2,1,2,3,2
STU00702,1,4,2,1,4,2,2,3,1,3
STU00703,4,2,2,2,2,2,1,2,2,3
STU00704,1,4,2,2,2,2,2,1,2,4
STU00705,1,2,4,2,3,2,2,2,2,4
STU00706,5,1,2,5,5,1,2,1,3,5
STU00707,3,3,2,2,2,4,2,2,1,4
STU00708,4,4,2,3,4,2,1,2,2,4
STU00709,1,2,1,2,2,2,2,2,2,4
STU00710,3,2,2,2,2,1,1,2,2,4
STU00711,1,2,2,2,2,1,1,4,3,4
STU00712,4,3,2,2,2,4,2,1,2,4
STU00713,4,3,2,4,2,2,2,2,4,5
STU00714,1,1,2,2,2,2,1,2,2,2
STU00715,5,3,2,4,4,2,2,2,1,5
STU00716,4,4,1,2,4,2,1,2,3,4
STU00717,2,2,3,4,5,2,1,4,3,5
STU00718,1,2,1,3,4,2,1,1,3,3
STU00719,2,1,1,4,4,2,1,2,2,3
STU00720,5,4,2,2,2,4,1,2,2,5
STU00721,5,3,1,5,4,3,1,2,2,5
STU00722,4,3,2,3,3,4,1,2,2,4
STU00723,4,5,2,3,2,3,2,1,2,4
STU00724,5,4,2,5,5,4,2,2,2,5
STU00725,4,3,2,3,4,4,2,2,4,5
STU00726,2,2,2,3,3,4,2,2,3,4
STU00727,2,2,2,2,2,1,1,2,2,4
STU00728,2,1,2,2,4,4,2,2,2,4
STU00729,4,3,1,4,4,4,2,2,2,4
STU00730,2,1,2,2,1,2,2,2,4,4
STU00731,4,5,2,2,2,4,2,2,2,5
STU00732,1,1,1,2,4,2,1,2,2,5
STU00733,2,4,2,1,2,4,1,2,2,5
STU00734,5,5,1,5,5,2,2,2,2,5
STU00735,2,2,1,1,3,2,2,2,4,2
STU00736,4,3,4,2,2,3,2,2,2,5
STU00737,1,1,2,2,3,2,1,2,3,4
STU00738,2,2,1,4,4,2,2,2,2,4
STU00739,1,4,3,2,4,2,2,2,1,5
STU00740,3,2,1,2,3,4,2,1,3,5
STU00741,4,2,4,2,4,2,2,5,2,5
STU00742,5,3,2,5,4,5,2,2,2,5
STU00743,5,4,2,5,5,4,2,2,4,5
STU00744,4,5,2,3,2,2,1,2,2,4
STU00745,4,4,2,4,4,4,2,2,2,4
STU00746,5,2,3,4,5,2,2,3,4,5
STU00747,2,2,3,2,2,4,2,3,2,4
STU00748,5,5,2,3,2,3,2,2,2,5
STU00749,4,2,2,2,3,4,1,2,2,3
STU00750,1,4,2,2,1,1,2,2,2,5
STU00751,3,3,2,3,4,2,2,1,4,3
STU00752,1,2,2,2,5,2,1,2,2,3
STU00753,3,1,2,2,3,3,1,2,1,5
STU00754,5,5,2,2,5,4,2,2,2,4
STU00755,3,5,2,3,2,1,2,2,2,2
STU00756,1,4,2,1,1,2,2,2,1,4
STU00757,1,1,2,4,4,2,1,2,2,3
STU00758,3,2,1,3,3,4,1,1,2,4
STU00759,2,2,2,3,4,2,1,1,1,4
STU00760,2,3,1,3,4,1,1,1,2,2
STU00761,4,5,2,2,2,3,2,2,2,4
STU00762,2,2,3,5,5,1,1,3,2,4
STU00763,3,3,2,4,4,2,2,2,2,4
STU00764,3,3,1,3,4,2,2,1,1,5
STU00765,4,5,2,2,1,4,1,2,2,5
STU00766,1,4,2,2,2,1,2,2,3,4
STU00767,5,3,2,5,4,4,1,2,2,5
STU00768,5,5,2,4,4,3,1,2,2,4
STU00769,4,3,2,4,2,3,1,1,2,5
STU00770,5,5,1,5,2,5,1,2,2,5
STU00771,3,2,1,3,4,2,2,2,2,4
STU00772,4,5,2,2,2,3,2,2,2,4
STU00773,3,2,2,4,4,3,2,2,2,2
STU00774,2,2,2,2,3,2,2,1,2,4
STU00775,2,2,3,4,4,2,2,3,2,4
STU00776,5,3,1,5,4,4,2,2,2,3
STU00777,3,2,3,2,3,1,1,3,2,5
STU00778,5,5,1,2,2,4,1,2,2,5
STU00779,2,2,2,2,2,4,2,2,2,2
STU00780,4,4,2,3,4,4,2,2,2,5
STU00781,4,2,4,1,4,4,2,4,1,4
STU00782,1,1,2,3,2,4,2,3,1,4
STU00783,4,4,2,2,2,4,2,2,1,4
STU00784,2,4,1,2,2,2,2,1,2,4
STU00785,3,2,2,2,2,2,2,4,2,4
STU00786,3,2,1,2,3,2,2,2,2,4
STU00787,4,5,2,2,2,4,2,2,2,5
STU00788,1,1,2,2,2,2,1,5,2,3
STU00789,4,4,2,3,2,4,2,2,2,4
STU00790,2,2,2,3,4,2,1,2,2,4
STU00791,5,4,2,5,4,5,2,2,2,5
STU00792,1,2,2,2,3,1,2,2,4,4
STU00793,3,2,2,1,3,1,1,2,2,4
STU00794,3,5,2,2,2,3,2,2,2,3
STU00795,1,4,1,2,3,2,2,1,2,3
STU00796,4,4,2,2,2,2,2,2,1,3
STU00797,2,4,2,1,2,1,2,2,2,4
STU00798,3,3,2,2,2,4,2,2,2,5
STU00799,5,4,2,5,4,4,1,2,2,5
STU00800,2,2,2,3,3,2,1,2,2,4
STU00801,1,2,4,1,2,2,2,2,3,2
STU00802,5,3,2,5,4,2,2,2,2,4
STU00803,1,2,1,2,2,4,2,2,2,2
STU00804,3,2,3,2,3,2,1,2,1,5
STU00805,2,4,2,2,2,2,2,2,2,4
STU00806,4,5,2,4,2,2,2,2,2,5
STU00807,4,5,2,2,2,3,1,2,1,3
STU00808,5,5,2,2,2,3,2,2,2,5
STU00809,1,2,3,1,5,2,2,3,4,4
STU00810,1,2,2,2,4,1,1,3,2,2
STU00811,2,2,1,1,2,1,1,2,2,2
STU00812,1,4,2,2,1,2,2,3,2,4
STU00813,3,2,1,4,4,2,1,1,2,2
STU00814,2,2,1,1,4,2,1,2,2,3
STU00815,4,2,4,3,4,2,2,3,4,5
STU00816,3,4,1,1,2,2,2,2,2,3
STU00817,2,1,1,4,4,1,2,2,2,4
STU00818,3,4,1,3,3,2,2,1,2,4
STU00819,5,4,2,5,4,2,2,2,2,4
STU00820,3,4,2,3,3,2,2,1,1,4
STU00821,4,3,2,3,4,2,1,2,2,5
STU00822,5,4,1,4,4,4,2,1,2,3
STU00823,4,3,2,2,3,5,2,2,2,5
STU00824,5,5,2,2,4,4,1,2,2,4
STU00825,1,2,1,4,4,1,2,2,3,4
STU00826,4,4,2,2,2,3,2,2,2,4
STU00827,5,4,1,4,5,2,1,2,2,4
STU00828,2,1,2,4,4,2,1,2,2,4
STU00829,4,2,2,1,3,1,2,4,3,3
STU00830,1,4,1,2,2,2,2,2,2,3
STU00831,5,2,2,3,3,2,1,2,2,5
STU00832,1,2,1,1,2,2,1,2,4,3
STU00833,1,1,2,4,4,2,2,2,1,4
STU00834,1,2,2,1,3,2,2,4,2,4
STU00835,1,2,2,2,5,1,1,2,1,5
STU00836,4,4,1,3,4,3,2,2,1,3
STU00837,3,2,2,2,2,1,2,1,4,4
STU00838,3,2,1,3,3,4,2,2,3,3
STU00839,4,3,4,1,2,2,2,2,2,3
STU00840,4,2,2,4,2,2,1,1,2,4
STU00841,3,3,2,2,1,4,2,2,1,4
STU00842,4,1,2,1,3,2,1,2,2,5
STU00843,1,1,2,2,2,1,2,4,2,4
STU00844,4,5,2,1,2,4,1,2,2,5
STU00845,5,3,2,5,5,4,2,2,2,5
STU00846,2,2,2,2,2,2,2,1,2,4
STU00847,4,4,1,4,3,4,1,2,2,4
STU00848,1,4,3,1,4,2,2,4,4,4
STU00849,1,1,2,3,3,1,2,4,2,5
STU00850,5,3,2,4,2,4,1,2,2,5
STU00851,1,2,2,1,2,2,2,2,4,5
STU00852,2,2,2,4,4,2,2,4,2,4
STU00853,1,2,2,1,1,1,1,4,2,4
STU00854,1,2,1,4,4,2,1,2,2,3
STU00855,2,1,2,2,2,2,2,1,4,5
STU00856,4,2,2,4,2,2,1,2,2,5
STU00857,4,5,2,2,2,2,2,2,2,3
STU00858,2,1,2,2,4,2,1,2,2,4
STU00859,3,4,2,3,3,3,2,2,2,3
STU00860,3,2,2,2,3,4,2,2,1,4
STU00861,4,4,2,3,4,4,2,2,2,5
STU00862,2,2,2,2,3,4,2,2,3,4
STU00863,1,2,2,3,4,2,1,2,2,5
STU00864,3,2,2,2,3,2,1,2,2,5
STU00865,3,2,1,2,2,4,2,2,2,5
STU00866,5,4,4,4,4,5,1,2,2,5
STU00867,4,3,2,4,2,4,2,2,2,5
STU00868,2,1,1,1,3,4,2,2,2,3
STU00869,5,4,1,4,5,5,2,2,1,5
STU00870,1,2,2,4,4,2,2,3,2,4
STU00871,2,2,4,1,3,2,2,1,2,4
STU00872,4,3,1,2,2,4,1,2,2,3
STU00873,2,4,2,1,3,2,2,2,2,3
STU00874,4,4,2,2,4,2,2,2,2,4
STU00875,2,2,2,4,4,2,2,2,2,4
STU00876,3,5,2,3,2,2,1,2,2,2
STU00877,2,1,2,2,2,4,2,2,2,3
STU00878,4,4,2,4,2,3,2,2,4,5
STU00879,5,5,2,2,2,2,1,2,1,5
STU00880,3,4,1,2,2,3,2,1,2,3
STU00881,2,4,3,3,2,2,2,3,2,4
STU00882,5,5,2,2,2,4,2,1,2,4
STU00883,4,3,2,2,3,3,1,2,2,4
STU00884,3,1,2,4,4,2,1,2,2,2
STU00885,4,2,2,4,3,2,1,4,3,5
STU00886,4,3,2,5,5,4,2,2,2,5
STU00887,1,2,2,2,3,2,1,2,2,5
STU00888,2,3,2,3,4,2,1,1,1,4
STU00889,2,2,2,4,4,2,2,2,1,2
STU00890,2,4,1,2,3,3,2,2,1,2
STU00891,2,1,2,3,4,1,1,2,2,3
STU00892,2,2,2,2,5,2,1,2,1,5
STU00893,4,3,2,3,3,5,2,2,2,5
STU00894,5,5,2,2,2,4,2,2,2,5
STU00895,4,4,1,3,1,4,2,2,2,4
STU00896,2,2,2,1,2,2,1,2,2,4
STU00897,1,2,2,1,2,2,1,1,2,4
STU00898,2,4,2,1,2,1,2,2,2,4
STU00899,4,5,1,2,2,3,1,2,2,5
STU00900,5,3,2,5,5,4,2,2,2,5
STU00901,1,2,3,1,3,2,1,2,2,4
STU00902,1,2,3,2,3,2,2,3,4,4
STU00903,4,4,1,1,2,3,2,2,2,5
STU00904,1,1,2,3,2,4,2,2,3,4
STU00905,4,3,2,3,2,4,2,2,2,5
STU00906,2,4,2,2,2,1,2,2,2,4
STU00907,4,4,2,1,2,4,1,2,2,4
STU00908,5,5,2,2,4,4,1,2,1,4
STU00909,2,2,2,3,4,1,2,3,3,5
STU00910,4,2,1,4,2,5,2,1,2,4
STU00911,5,4,1,4,4,5,2,2,2,5
STU00912,4,3,2,4,5,2,1,1,2,4
STU00913,2,2,2,1,2,2,2,2,4,4
STU00914,2,5,2,2,2,1,2,2,2,4
STU00915,1,1,2,3,5,2,1,2,2,5
STU00916,4,4,2,5,4,1,2,2,2,5
STU00917,3,2,2,1,1,4,2,2,2,5
STU00918,5,5,2,2,2,5,2,2,2,5
STU00919,4,5,1,3,2,4,2,2,1,5
STU00920,5,5,2,2,2,3,2,2,2,5
STU00921,3,3,2,5,4,2,2,2,2,5
STU00922,5,5,2,4,5,4,2,2,2,5
STU00923,5,4,4,3,2,2,2,1,2,5
STU00924,1,4,2,2,1,2,2,2,2,5
STU00925,2,5,1,1,2,2,2,1,2,3
STU00926,1,2,1,2,4,1,1,2,2,3
STU00927,5,2,2,3,5,2,1,2,2,5
STU00928,1,2,2,2,1,1,1,2,1,4
STU00929,2,4,2,2,1,2,2,2,1,4
STU00930,3,4,2,3,3,2,2,2,1,4
STU00931,4,4,2,3,3,2,2,2,1,4
STU00932,5,5,2,2,2,4,2,2,2,5
STU00933,1,2,2,2,3,2,2,2,4,3
STU00934,3,3,2,4,4,3,1,1,1,3
STU00935,4,3,1,4,4,3,2,2,2,5
STU00936,4,3,2,3,4,4,1,2,2,5
STU00937,3,4,2,4,2,2,2,1,1,4
STU00938,2,2,2,4,4,1,2,2,2,4
STU00939,5,5,1,2,5,2,1,2,2,5
STU00940,5,5,1,2,4,2,1,2,1,4
STU00941,3,2,1,4,4,2,1,1,2,4
STU00942,4,3,2,4,4,4,1,2,2,5
STU00943,3,3,2,1,3,4,2,2,2,3
STU00944,2,2,1,4,4,1,1,2,1,3
STU00945,4,3,2,3,4,4,1,2,1,5
STU00946,3,4,2,2,3,2,2,2,3,5
STU00947,1,2,2,3,4,2,1,2,2,4
STU00948,1,2,2,2,1,1,2,2,4,5
STU00949,3,2,2,3,3,2,2,2,2,5
STU00950,5,3,2,3,4,4,2,2,2,4
STU00951,2,1,2,2,3,2,2,3,2,3
STU00952,2,1,2,3,4,2,1,1,2,4
STU00953,1,3,1,2,3,2,2,1,4,4
STU00954,3,1,2,5,4,2,2,2,1,2
STU00955,1,1,3,3,4,2,1,2,3,5
STU00956,1,4,2,2,2,2,2,1,2,4
STU00957,3,2,3,4,4,2,2,3,2,4
STU00958,4,4,1,3,2,5,2,2,2,4
STU00959,2,4,2,2,3,2,2,2,2,5
STU00960,5,5,2,2,2,5,2,1,2,5
STU00961,2,1,2,4,4,1,2,1,1,4
STU00962,2,2,2,3,3,4,2,2,2,4
STU00963,4,3,2,2,2,3,2,2,4,4
STU00964,5,4,2,5,2,5,1,2,2,5
STU00965,3,2,2,3,2,3,2,2,4,5
STU00966,2,4,3,1,2,1,2,2,1,3
STU00967,2,2,2,2,2,4,2,2,2,4
STU00968,2,2,1,2,3,2,2,1,2,3
STU00969,4,3,2,4,4,3,2,2,2,5
STU00970,3,3,1,1,2,4,2,2,2,2
STU00971,5,4,2,5,4,2,1,1,2,5
STU00972,2,2,1,2,3,1,2,2,2,4
STU00973,1,2,2,3,2,2,2,4,2,2
STU00974,4,3,4,4,4,3,2,2,2,3
STU00975,1,4,1,2,3,2,2,2,2,1
STU00976,2,3,2,3,2,4,2,2,2,3
STU00977,4,4,3,4,2,4,2,3,2,5
STU00978,1,2,2,2,2,1,1,4,2,5
STU00979,2,4,2,2,2,2,2,3,2,4
STU00980,4,5,2,1,3,2,2,2,2,5
STU00981,5,4,2,2,2,3,2,2,2,4
STU00982,5,5,2,5,5,2,2,2,2,4
STU00983,1,3,2,2,2,2,1,2,2,4
STU00984,2,4,2,5,5,3,2,2,2,5
STU00985,1,2,2,2,2,4,2,2,3,3
STU00986,4,5,2,2,2,3,2,2,1,4
STU00987,2,2,2,2,2,5,2,2,5,4
STU00988,5,4,2,2,4,5,2,2,2,5
STU00989,2,2,3,3,1,4,2,3,2,5
STU00990,1,4,1,1,2,2,2,1,2,2
STU00991,1,2,1,1,2,1,2,1,4,3
STU00992,2,2,2,3,2,4,2,3,2,3
STU00993,5,4,1,5,4,1,2,4,2,5
STU00994,2,4,3,2,5,2,2,4,3,4
STU00995,3,3,2,1,3,4,2,2,2,5
STU00996,2,4,1,2,2,2,2,2,2,4
STU00997,3,2,2,4,4,1,2,2,1,5
STU00998,1,2,1,2,3,2,2,2,2,3
STU00999,2,2,2,1,2,2,1,4,2,4
STU01000,5,5,2,4,2,2,1,2,2,5
STU01001,5,5,2,2,2,4,1,2,1,5
STU01002,3,4,2,2,4,2,2,2,2,5
STU01003,4,2,2,5,4,4,2,2,2,4
STU01004,4,1,2,3,1,2,1,2,3,5
STU01005,3,2,2,2,3,2,2,1,2,4
STU01006,3,1,2,2,2,4,2,2,2,4
STU01007,1,2,1,2,2,2,2,2,4,3
STU01008,1,2,1,1,2,4,2,2,2,3
STU01009,4,3,2,5,4,4,2,2,1,5
STU01010,1,2,2,2,2,2,1,4,2,3
STU01011,3,3,2,2,2,2,1,2,2,5
STU01012,1,2,2,2,2,1,2,3,2,3
STU01013,3,2,2,1,2,2,2,1,4,5
STU01014,1,2,1,3,5,1,1,2,3,5
STU01015,1,3,1,2,2,4,2,2,2,3
STU01016,3,4,2,3,2,3,1,2,2,5
STU01017,2,2,2,2,2,4,2,2,2,4
STU01018,3,4,2,3,3,3,2,2,1,2
STU01019,4,5,2,2,2,4,1,2,2,5
STU01020,5,5,2,5,5,5,1,2,2,5
STU01021,2,5,2,2,2,3,2,1,2,4
STU01022,5,4,2,4,5,5,1,2,1,5
STU01023,1,2,1,2,2,2,1,2,2,1
STU01024,2,3,1,2,2,4,2,2,1,2
STU01025,5,2,2,4,5,3,2,2,2,5
STU01026,1,2,1,4,4,2,2,2,2,5
STU01027,1,2,2,4,4,2,1,2,1,5
STU01028,4,5,2,4,2,2,1,2,2,5
STU01029,1,1,2,2,3,2,2,2,4,3
STU01030,1,2,1,2,1,2,2,2,4,4
STU01031,2,2,1,4,4,2,2,2,2,3
STU01032,2,2,2,2,4,2,1,2,2,3
STU01033,4,5,2,2,2,4,2,2,2,5
STU01034,5,4,2,3,2,5,2,2,2,4
STU01035,2,1,2,4,4,1,2,2,2,4
STU01036,4,5,2,4,3,2,2,2,2,5
STU01037,4,4,2,3,2,4,1,2,2,4
STU01038,2,4,1,2,2,1,2,1,3,4
STU01039,1,1,4,2,3,2,2,2,2,4
STU01040,4,2,1,5,4,2,2,2,2,3
STU01041,2,4,2,1,3,2,2,2,2,4
STU01042,2,2,2,2,5,2,1,2,2,4
STU01043,3,4,2,3,3,3,2,2,2,3
STU01044,1,2,3,2,5,2,2,3,4,5
STU01045,1,2,2,1,4,1,1,1,2,5
STU01046,3,4,1,2,2,3,2,2,2,3
STU01047,3,4,1,3,3,2,1,2,2,3
STU01048,5,4,2,4,5,2,2,2,2,4
STU01049,5,5,2,1,2,2,2,2,2,5
STU01050,4,4,2,2,2,4,2,2,2,5
STU01051,3,3,1,2,2,5,2,2,2,5
STU01052,1,1,2,4,4,2,2,2,2,4
STU01053,1,1,3,2,2,1,2,2,4,4
STU01054,3,3,2,3,5,2,1,2,2,3
STU01055,4,4,2,3,3,1,1,2,2,4
STU01056,5,4,1,2,2,4,1,2,2,3
STU01057,1,2,3,2,2,2,1,5,4,5
STU01058,4,4,2,2,2,2,1,2,2,5
STU01059,3,2,1,2,2,3,2,2,4,3
STU01060,2,2,4,2,2,2,2,3,2,1
STU01061,4,3,2,4,2,5,2,2,2,5
STU01062,4,3,2,3,4,1,1,2,2,4
STU01063,3,2,2,3,4,3,2,2,2,5
STU01064,1,2,2,3,5,2,1,2,2,3
STU01065,2,4,2,2,5,1,2,2,4,5
STU01066,5,4,2,2,3,5,2,2,2,4
STU01067,2,1,2,1,2,4,2,2,2,4
STU01068,4,2,2,2,2,4,1,2,1,4
STU01069,2,3,1,2,3,2,1,4,2,4
STU01070,1,2,2,2,2,3,1,2,2,5
STU01071,1,2,2,5,4,2,2,2,2,5
STU01072,2,2,1,4,5,2,1,1,2,4
STU01073,1,2,3,1,1,4,2,3,2,4
STU01074,3,2,3,2,2,4,2,3,2,5
STU01075,2,4,2,1,3,2,2,2,2,4
STU01076,1,4,2,1,2,1,2,3,2,3
STU01077,3,1,2,4,4,2,2,1,2,5
STU01078,1,2,3,2,4,2,1,3,2,5
STU01079,4,3,1,3,1,4,2,2,2,3
STU01080,3,2,2,2,1,3,1,2,2,5
STU01081,1,1,2,2,2,4,2,2,3,4
STU01082,3,4,2,2,3,2,2,2,2,4
STU01083,5,3,2,2,2,4,2,2,2,5
STU01084,1,2,3,2,2,2,2,4,2,3
STU01085,4,3,2,3,3,5,2,2,2,5
STU01086,1,2,2,1,2,1,1,2,2,3
STU01087,1,2,1,2,1,4,2,2,2,1
STU01088,5,5,2,4,5,2,1,2,2,5
STU01089,2,4,2,2,3,2,1,2,2,3
STU01090,4,2,1,3,2,2,1,1,2,4
STU01091,1,4,2,2,2,2,2,2,2,3
STU01092,1,4,1,2,2,1,2,1,3,3
STU01093,2,1,2,2,4,2,2,3,2,5
STU01094,1,3,2,2,3,1,2,4,2,4
STU01095,1,2,2,2,5,2,1,1,3,4
STU01096,4,5,2,4,2,4,2,2,2,4
STU01097,4,5,2,2,2,4,1,2,2,4
STU01098,2,2,2,2,3,2,2,2,4,4
STU01099,3,2,2,2,3,2,1,2,2,4
STU01100,2,4,2,2,2,4,2,2,2,4
STU01101,4,4,1,4,4,2,2,2,2,4
STU01102,2,1,2,3,4,2,1,2,2,4
STU01103,3,2,1,2,3,1,2,2,4,4
STU01104,4,3,2,4,4,3,1,2,2,5
STU01105,3,3,4,4,4,3,2,2,2,5
STU01106,5,5,2,5,5,5,1,2,2,5
STU01107,5,4,2,4,5,4,1,2,2,5
STU01108,2,2,2,2,2,2,1,2,2,2
STU01109,2,2,3,2,4,4,2,3,3,3
STU01110,4,4,2,3,5,3,2,2,2,5
STU01111,2,1,2,4,4,2,2,1,3,3
STU01112,3,4,1,2,2,2,2,2,2,3
STU01113,4,5,1,2,2,3,2,2,2,5
STU01114,2,1,1,4,5,1,1,2,2,4
STU01115,4,2,4,2,2,3,2,2,2,3
STU01116,4,5,2,2,4,2,2,2,2,3
STU01117,2,4,2,2,3,2,2,2,3,4
STU01118,4,2,2,4,2,3,1,2,2,4
STU01119,2,3,1,2,2,4,2,2,2,3
STU01120,2,3,1,2,2,4,2,2,2,4
STU01121,2,2,2,2,3,2,2,1,1,5
STU01122,1,2,2,4,4,1,2,2,2,3
STU01123,4,2,2,2,4,4,2,2,2,4
STU01124,1,2,1,2,2,4,2,2,2,4
STU01125,5,5,1,4,4,4,2,2,2,4
STU01126,2,2,2,1,1,4,2,2,2,4
STU01127,5,5,2,2,2,3,1,2,2,4
STU01128,1,2,3,2,3,2,2,2,4,4
STU01129,1,2,2,2,2,2,1,2,2,4
STU01130,5,5,2,2,4,2,2,1,2,5
STU01131,5,5,2,5,4,5,2,2,2,5
STU01132,1,4,1,2,2,2,2,2,2,3
STU01133,4,5,2,2,2,3,1,2,2,4
STU01134,1,4,2,1,2,2,2,2,1,4
STU01135,3,1,4,1,3,3,2,2,2,5
STU01136,1,2,2,2,1,4,2,2,2,4
STU01137,3,5,2,2,2,1,1,2,2,5
STU01138,1,1,1,2,1,4,2,2,2,3
STU01139,1,2,2,2,3,4,2,3,2,2
STU01140,3,1,2,3,2,1,2,2,4,5
STU01141,1,4,1,2,2,1,2,1,2,2
STU01142,2,4,2,2,2,2,2,2,2,4
STU01143,4,5,2,2,2,4,1,2,2,5
STU01144,4,3,2,2,2,2,2,4,2,5
STU01145,3,4,1,3,2,2,2,2,2,3
STU01146,5,4,2,2,2,5,2,2,2,4
STU01147,4,5,2,2,1,4,2,2,2,5
STU01148,5,2,1,5,4,4,2,2,2,5
STU01149,5,4,2,5,5,5,1,2,2,5
STU01150,4,2,2,2,5,2,2,2,1,4
STU01151,2,2,2,2,3,1,2,2,2,5
STU01152,3,1,2,2,2,2,2,2,1,3
STU01153,3,2,2,4,4,2,1,1,2,4
STU01154,4,3,2,3,4,2,2,2,2,4
STU01155,5,3,1,5,5,4,2,2,2,4
STU01156,4,3,2,3,3,5,2,2,1,4
STU01157,5,4,2,5,4,4,1,2,1,5
STU01158,2,2,2,2,4,2,1,2,2,4
STU01159,1,1,2,4,4,2,2,2,2,4
STU01160,1,2,2,2,2,1,1,4,2,4
STU01161,4,2,3,3,2,2,1,3,2,5
STU01162,3,3,2,5,5,3,2,2,2,5
STU01163,3,2,2,2,2,4,2,1,2,4
STU01164,5,2,1,4,5,4,2,1,2,4
STU01165,3,4,2,3,2,2,2,2,2,5
STU01166,4,4,2,3,5,1,1,2,2,5
STU01167,3,2,2,2,2,2,1,1,2,4
STU01168,4,5,2,2,4,4,2,2,2,5
STU01169,2,2,2,2,1,1,1,2,3,4
STU01170,4,2,2,3,1,5,2,2,1,5
STU01171,5,3,4,2,1,2,2,2,2,4
STU01172,2,1,2,3,3,2,2,1,4,5
STU01173,4,5,2,2,2,4,2,2,2,5
STU01174,3,1,2,2,3,4,2,1,2,4
STU01175,1,2,2,1,3,4,2,3,1,4
STU01176,1,2,2,4,4,2,2,2,2,4
STU01177,4,4,2,4,4,3,2,2,2,5
STU01178,5,2,2,5,5,3,1,2,2,3
STU01179,4,4,1,5,4,4,2,2,2,5
STU01180,1,1,2,4,4,1,1,3,1,4
STU01181,3,2,3,2,2,4,2,3,2,3
STU01182,5,5,2,5,2,5,2,2,2,5
STU01183,1,2,2,2,3,2,1,2,2,5
STU01184,3,4,2,3,2,3,1,2,2,4
STU01185,1,1,2,3,4,2,1,2,2,3
STU01186,4,3,1,5,4,3,2,2,1,4
STU01187,5,4,2,4,5,5,2,2,1,4
STU01188,2,2,2,1,3,4,2,1,2,3
STU01189,3,3,2,5,4,2,2,2,2,3
STU01190,3,2,1,3,3,2,1,2,3,3
STU01191,5,2,1,4,5,4,2,2,1,4
STU01192,1,4,2,3,3,2,2,2,2,4
STU01193,4,5,1,2,3,3,1,2,2,5
STU01194,4,1,3,4,2,1,1,3,2,5
STU01195,2,2,2,4,4,2,2,2,2,4
STU01196,4,3,4,4,4,4,2,2,2,5
STU01197,1,2,4,3,4,2,2,3,4,5
STU01198,4,5,2,2,2,3,1,2,2,5
STU01199,1,2,2,4,4,2,1,2,1,5
STU01200,4,4,2,4,4,3,2,2,2,4
STU01201,3,2,2,3,4,3,2,1,2,5
STU01202,1,1,1,2,1,1,1,1,2,3
STU01203,4,5,2,1,2,2,2,2,2,2
STU01204,4,3,2,5,4,4,2,2,2,5
STU01205,1,2,2,2,2,2,1,3,2,3
STU01206,1,1,2,2,3,2,2,2,4,3
STU01207,4,4,2,2,4,3,2,2,2,5
STU01208,4,1,4,2,3,2,2,3,2,4
STU01209,5,5,2,5,4,4,2,2,2,5
STU01210,5,5,2,4,2,2,2,2,2,5
STU01211,3,4,2,3,2,2,2,1,2,4
STU01212,4,3,4,2,2,4,2,2,1,5
STU01213,5,5,2,2,4,2,2,2,2,5
STU01214,2,2,2,2,1,2,2,3,2,4
STU01215,1,1,2,2,3,4,2,2,2,2
STU01216,1,1,3,2,2,2,2,3,4,3
STU01217,5,5,2,2,5,4,2,2,2,5
STU01218,3,4,2,2,2,3,2,2,2,5
STU01219,2,2,3,2,4,2,2,2,4,5
STU01220,5,5,2,1,5,4,2,2,2,5
STU01221,5,5,2,4,1,5,2,2,2,4
STU01222,4,3,1,4,4,2,2,2,2,5
STU01223,1,4,1,2,2,2,2,2,3,3
STU01224,5,3,2,3,1,4,2,2,2,5
STU01225,2,1,2,2,2,4,2,2,3,3
STU01226,1,2,1,2,2,4,2,2,2,2
STU01227,1,2,2,4,4,2,2,2,2,3
STU01228,1,2,2,2,2,2,1,2,2,4
STU01229,2,4,1,1,2,2,2,2,2,3
STU01230,1,2,1,1,2,2,1,5,2,3
STU01231,5,4,2,4,4,4,2,2,1,5
STU01232,2,1,2,2,4,2,1,2,2,5
STU01233,4,5,1,4,2,4,2,2,2,4
STU01234,5,5,2,2,2,2,1,1,1,5
STU01235,1,2,2,3,4,2,1,2,3,2
STU01236,1,2,2,2,4,2,1,2,2,3
STU01237,5,5,1,3,2,2,2,1,2,4
STU01238,2,2,2,2,2,4,2,2,2,4
STU01239,2,4,1,1,2,2,2,2,2,2
STU01240,4,3,2,3,4,3,1,2,2,5
STU01241,2,2,3,2,4,4,2,3,2,2
STU01242,2,4,2,1,2,2,2,2,2,3
STU01243,5,4,4,2,4,2,1,4,4,5
STU01244,1,2,1,2,2,2,2,4,2,3
STU01245,3,4,2,4,4,4,2,2,2,3
STU01246,5,5,2,2,2,4,2,1,2,5
STU01247,4,3,2,4,4,4,2,2,1,5
STU01248,4,1,2,2,2,4,1,2,2,4
STU01249,3,5,1,2,3,3,2,2,2,4
STU01250,1,2,3,1,3,2,2,3,2,4
STU01251,5,3,2,2,3,4,2,2,2,5
STU01252,5,4,1,4,4,2,2,4,2,4
STU01253,4,2,1,2,3,4,2,2,4,4
STU01254,2,2,1,1,4,2,1,2,1,3
STU01255,2,2,4,2,2,2,2,2,2,3
STU01256,3,1,3,2,2,4,2,3,2,4
STU01257,1,3,2,2,2,4,2,3,2,4
STU01258,3,3,2,5,4,3,1,2,2,4
STU01259,3,2,2,3,1,2,1,4,2,5
STU01260,3,4,2,4,4,2,1,2,2,4
STU01261,3,1,1,2,2,5,2,2,2,2
STU01262,5,3,2,3,2,5,2,2,2,5
STU01263,5,5,2,1,1,4,1,2,2,4
STU01264,1,2,2,2,5,2,2,3,1,5
STU01265,1,2,1,1,2,2,2,2,2,3
STU01266,1,2,2,2,2,1,1,4,3,3
STU01267,3,2,1,1,3,2,2,4,2,3
STU01268,5,4,1,2,2,4,1,2,2,5
STU01269,4,2,2,4,4,3,1,2,2,2
STU01270,5,4,2,5,4,2,2,2,2,5
STU01271,5,4,2,5,5,5,2,2,2,5
STU01272,1,2,2,1,3,1,2,2,2,4
STU01273,5,4,2,2,4,5,2,2,2,4
STU01274,3,4,2,1,2,3,1,2,2,4
STU01275,3,1,2,1,2,1,2,2,2,4
STU01276,2,2,2,2,3,1,1,2,2,4
STU01277,3,4,1,2,3,1,2,1,1,4
STU01278,3,4,1,3,2,2,2,2,2,2
STU01279,4,2,1,2,5,2,1,2,2,5
STU01280,5,4,1,2,4,5,2,2,2,4
STU01281,4,3,2,2,1,2,2,4,2,3
STU01282,3,1,2,3,4,2,1,1,2,4
STU01283,5,3,2,5,5,2,1,2,2,5
STU01284,1,2,2,2,4,2,1,2,1,1
STU01285,5,5,2,4,5,4,2,2,2,5
STU01286,1,2,1,4,4,2,1,2,2,2
STU01287,2,2,2,5,4,2,2,2,2,5
STU01288,5,3,2,5,5,5,1,1,2,4
STU01289,2,2,1,3,4,2,1,2,2,3
STU01290,2,1,2,2,3,2,2,4,2,5
STU01291,5,4,2,5,5,2,2,2,2,5
STU01292,3,4,1,2,3,2,2,2,2,3
STU01293,1,1,1,4,4,1,1,2,2,4
STU01294,5,4,2,3,5,4,1,2,1,5
STU01295,1,1,1,2,3,2,1,2,2,4
STU01296,4,4,2,1,4,4,1,2,2,4
STU01297,5,4,1,4,5,2,1,4,2,5
STU01298,4,2,2,5,4,4,2,2,2,5
STU01299,3,2,2,2,2,4,2,2,2,3
STU01300,4,2,5,2,4,1,2,4,3,5
STU01301,5,5,2,5,5,4,1,2,2,5
STU01302,1,2,2,2,2,1,1,4,3,2
STU01303,1,3,2,4,4,2,2,2,2,4
STU01304,4,2,2,2,3,2,1,2,2,5
STU01305,5,4,2,5,5,4,2,2,2,5
STU01306,2,2,2,2,2,4,2,2,2,4
STU01307,1,2,3,1,2,4,2,3,2,3
STU01308,1,2,1,1,4,2,1,2,2,1
STU01309,2,2,2,2,2,3,1,2,2,3
STU01310,2,2,2,4,4,2,2,2,2,4
STU01311,4,2,1,2,2,4,2,2,2,3
STU01312,5,5,2,5,4,2,2,2,2,5
STU01313,2,2,2,4,4,2,2,2,2,4
STU01314,5,5,2,2,2,2,2,2,2,5
STU01315,4,4,2,2,3,2,2,2,2,5
STU01316,4,5,2,2,2,4,2,2,2,5
STU01317,5,5,2,3,5,5,2,2,2,5
STU01318,2,4,1,2,2,2,2,2,1,3
STU01319,2,2,3,2,3,1,2,3,2,5
STU01320,3,4,2,3,2,3,1,2,2,3
STU01321,3,2,2,2,3,2,2,3,4,4
STU01322,3,3,2,4,4,3,1,2,2,5
STU01323,1,2,3,5,5,2,2,3,2,5
STU01324,5,1,2,2,2,4,1,2,2,4
STU01325,2,2,1,3,2,5,2,2,2,3
STU01326,4,3,4,2,4,2,2,2,2,5
STU01327,5,4,2,5,4,4,2,2,2,5
STU01328,4,5,2,3,4,2,1,2,2,4
STU01329,4,5,2,2,2,2,1,2,2,5
STU01330,1,2,2,2,2,4,2,2,1,4
STU01331,1,4,2,2,2,2,2,2,2,4
STU01332,2,2,2,1,3,4,2,2,2,2
STU01333,5,5,2,4,5,5,2,2,2,5
STU01334,2,2,2,5,5,1,1,2,3,5
STU01335,3,2,2,1,2,2,2,2,2,3
STU01336,1,2,2,2,2,4,2,2,2,3
STU01337,4,3,2,5,5,4,1,2,2,3
STU01338,1,1,2,1,2,1,1,3,2,4
STU01339,4,2,2,5,4,4,1,2,1,5
STU01340,4,5,2,3,2,3,2,2,2,3
STU01341,2,2,2,3,4,2,1,1,2,4
STU01342,1,4,2,1,2,2,2,3,2,3
STU01343,5,3,1,2,1,5,2,2,2,4
STU01344,2,4,2,2,2,2,2,2,2,2
STU01345,2,1,3,3,5,2,1,3,2,5
STU01346,4,4,2,2,2,4,1,2,2,5
STU01347,3,2,2,2,1,1,2,2,5,5
STU01348,2,4,3,2,4,2,2,4,2,4
STU01349,1,4,1,2,3,2,2,1,2,4
STU01350,5,5,2,5,2,5,2,2,2,5
STU01351,5,4,2,1,4,1,2,2,4,5
STU01352,3,1,2,2,2,2,1,2,2,5
STU01353,1,1,1,2,3,2,2,4,2,3
STU01354,5,3,1,5,4,4,2,2,2,5
STU01355,2,2,3,1,3,2,1,3,3,4
STU01356,2,1,2,2,1,2,2,4,2,3
STU01357,4,5,2,2,4,2,1,2,2,5
STU01358,5,5,2,2,2,3,2,2,2,5
STU01359,4,3,4,2,3,2,2,2,2,5
STU01360,5,4,2,4,2,5,2,5,2,3
STU01361,2,2,4,3,5,2,2,3,3,5
STU01362,1,4,2,3,1,2,2,2,2,4
STU01363,1,2,2,2,3,4,1,2,3,5
STU01364,1,2,1,2,3,2,1,4,3,3
STU01365,1,2,2,4,4,2,1,2,2,3
STU01366,1,2,2,3,3,2,1,2,2,3
STU01367,1,2,2,2,2,2,1,4,2,4
STU01368,4,3,2,3,5,3,1,2,2,5
STU01369,1,2,2,2,3,1,2,3,4,3
STU01370,1,4,3,3,2,1,2,2,2,5
STU01371,2,2,3,3,5,2,1,3,3,5
STU01372,5,1,2,1,4,2,1,2,2,5
STU01373,4,5,2,4,2,2,2,2,2,5
STU01374,4,5,2,3,3,3,2,2,2,5
STU01375,2,4,1,2,2,2,2,2,2,3
STU01376,2,4,2,2,4,1,2,2,3,4
STU01377,4,5,2,4,2,4,2,2,2,4
STU01378,3,5,2,2,2,3,1,2,2,4
STU01379,2,2,3,2,2,2,2,2,4,4
STU01380,2,2,2,2,2,2,1,2,3,5
STU01381,2,4,1,3,2,2,2,2,2,3
STU01382,1,4,2,3,3,2,2,2,2,2
STU01383,4,5,2,2,2,2,2,2,2,4
STU01384,3,3,2,2,3,2,1,2,2,4
STU01385,3,2,2,3,3,4,2,2,2,5
STU01386,3,3,2,2,2,2,1,1,2,5
STU01387,4,3,4,2,2,2,2,2,2,5
STU01388,1,4,2,1,2,2,2,2,3,4
STU01389,3,3,2,1,2,4,2,2,2,5
STU01390,5,4,2,5,4,4,1,2,2,5
STU01391,5,5,2,4,2,5,2,2,2,5
STU01392,5,5,2,4,4,2,1,2,2,4
STU01393,3,2,5,3,3,2,2,2,2,4
STU01394,5,2,2,2,2,3,1,2,2,5
STU01395,2,2,2,2,2,4,2,2,1,3
STU01396,4,4,2,2,3,4,2,2,2,3
STU01397,1,5,3,2,4,1,1,3,3,3
STU01398,3,2,2,4,4,1,1,2,2,3
STU01399,1,1,1,1,2,4,2,2,2,4
STU01400,3,2,2,4,4,2,2,2,1,2
STU01401,5,2,2,4,2,5,2,1,2,5
STU01402,4,4,2,4,3,2,2,2,2,5
STU01403,2,2,2,1,3,1,2,3,4,3
STU01404,4,4,2,4,4,2,1,1,2,5
STU01405,4,4,3,2,5,1,2,4,4,5
STU01406,3,3,2,2,2,2,1,2,2,4
STU01407,3,5,2,2,2,3,2,1,2,4
STU01408,5,4,2,2,2,5,2,2,2,5
STU01409,4,4,1,2,2,4,2,2,2,3
STU01410,2,2,2,4,4,1,2,2,2,4
STU01411,1,1,2,2,3,2,2,3,2,4
STU01412,5,4,1,1,2,2,2,2,4,4
STU01413,5,3,2,4,2,2,1,2,1,5
STU01414,1,2,1,1,3,2,1,2,2,2
STU01415,4,3,2,2,2,4,2,2,2,5
STU01416,4,3,2,2,2,4,2,2,2,5
STU01417,4,3,2,5,4,3,1,1,2,4
STU01418,1,2,1,1,2,1,1,2,2,2
STU01419,4,5,2,2,4,4,1,2,2,4
STU01420,4,4,2,3,1,3,2,2,1,4
STU01421,4,2,1,3,2,2,1,1,3,5
STU01422,2,1,2,2,2,1,2,1,4,4
STU01423,2,3,1,1,2,1,2,2,4,1
STU01424,2,4,2,2,2,1,2,3,1,4
STU01425,1,2,2,4,4,2,1,2,3,4
STU01426,4,4,2,3,2,4,2,2,2,4
STU01427,5,4,2,2,2,4,2,2,2,5
STU01428,5,4,2,5,5,1,2,2,2,5
STU01429,4,3,2,5,4,2,1,1,2,5
STU01430,3,2,1,2,2,3,2,4,2,2
STU01431,5,5,2,2,1,4,2,2,2,4
STU01432,4,5,2,2,2,4,2,2,1,5
STU01433,2,4,2,2,4,2,2,2,3,3
STU01434,5,5,1,2,2,4,2,2,2,4
STU01435,3,4,2,1,2,3,1,2,2,4
STU01436,3,1,1,3,2,4,2,2,2,4
STU01437,5,5,2,2,5,4,2,2,2,4
STU01438,1,4,2,2,2,2,2,1,2,4
STU01439,3,3,2,2,2,5,2,2,2,5
STU01440,1,2,2,5,4,2,2,2,2,3
STU01441,4,4,2,2,2,4,2,2,2,5
STU01442,1,2,2,2,2,4,2,2,2,3
STU01443,4,3,2,2,2,3,1,2,2,4
STU01444,2,2,2,2,5,1,1,3,2,3
STU01445,1,2,2,3,2,1,1,2,1,2
STU01446,5,3,4,2,4,2,2,2,2,4
STU01447,3,2,2,2,2,3,2,4,2,5
STU01448,3,2,2,2,3,4,2,2,2,5
STU01449,5,5,2,3,4,4,2,2,2,5
STU01450,2,1,2,2,3,2,2,3,4,3
STU01451,4,4,4,2,2,3,2,2,2,4
STU01452,1,2,2,3,2,4,2,3,1,4
STU01453,2,1,1,3,4,2,2,2,2,3
STU01454,3,2,3,1,2,3,2,2,4,4
STU01455,5,4,1,4,4,2,1,2,1,4
STU01456,5,5,2,4,5,2,2,2,1,5
STU01457,2,4,1,2,2,1,2,2,2,4
STU01458,3,3,2,3,4,3,2,2,2,4
STU01459,5,5,2,4,5,4,1,2,2,5
STU01460,2,2,1,2,2,1,2,2,4,2
STU01461,4,2,3,3,4,1,1,3,3,3
STU01462,3,2,2,3,2,4,2,2,2,2
STU01463,2,4,2,2,2,2,1,2,2,5
STU01464,4,1,1,3,2,2,2,2,5,4
STU01465,2,4,1,1,3,2,2,2,2,1
STU01466,2,1,2,1,3,1,2,2,4,4
STU01467,4,4,2,2,4,5,2,2,2,4
STU01468,3,2,2,1,2,2,1,2,2,4
STU01469,4,4,2,2,2,5,2,2,2,4
STU01470,5,5,2,2,5,4,2,2,2,5
STU01471,3,3,1,1,3,2,2,2,4,2
STU01472,4,5,2,2,2,4,2,1,2,4
STU01473,1,2,1,2,5,2,1,2,1,3
STU01474,2,2,3,2,4,4,2,3,3,5
STU01475,1,2,2,2,3,2,2,2,4,4
STU01476,4,3,1,2,2,4,2,4,2,4
STU01477,2,2,2,2,4,1,1,1,2,2
STU01478,1,1,2,1,3,1,2,2,4,2
STU01479,3,2,1,3,2,5,2,2,2,3
STU01480,2,4,3,1,2,2,2,3,2,4
STU01481,4,4,2,5,4,4,2,2,2,5
STU01482,1,4,2,2,2,2,2,2,2,4
STU01483,2,2,2,1,2,2,1,2,2,3
STU01484,1,2,3,1,2,2,1,2,2,4
STU01485,4,4,2,4,1,4,2,5,2,3
STU01486,2,2,1,3,4,2,1,2,2,3
STU01487,4,4,2,2,2,3,2,2,2,4
STU01488,5,5,2,4,4,4,1,2,2,5
STU01489,2,2,2,3,2,1,1,2,1,2
STU01490,1,2,4,1,1,2,2,2,1,4
STU01491,4,4,2,2,2,3,2,2,2,5
STU01492,1,2,2,2,2,2,2,3,4,4
STU01493,2,2,2,2,3,2,2,2,4,3
STU01494,4,4,2,2,3,2,1,2,3,5
STU01495,2,2,2,2,2,4,2,2,2,3
STU01496,5,3,2,4,4,4,2,2,2,4
STU01497,1,2,2,4,4,2,1,3,3,5
STU01498,1,2,2,1,5,2,1,2,2,3
STU01499,1,4,1,1,3,2,2,2,1,3
STU01500,4,2,2,4,2,5,2,2,1,4
STU01501,1,2,2,2,3,2,2,2,2,4
STU01502,4,5,2,4,2,2,2,2,2,5
STU01503,3,4,2,1,2,2,2,2,2,4
STU01504,5,5,2,3,4,2,2,2,2,5
STU01505,4,3,2,3,4,2,1,2,2,5
STU01506,2,2,2,2,4,4,2,2,2,5
STU01507,4,2,3,2,3,2,2,3,1,4
STU01508,1,4,2,3,2,1,2,1,2,3
STU01509,1,2,2,3,4,2,1,2,2,2
STU01510,4,3,2,2,2,4,1,1,2,5
STU01511,4,3,2,2,2,2,1,2,2,5
STU01512,1,1,1,1,2,3,2,2,4,3
STU01513,2,4,2,3,2,2,2,2,1,4
STU01514,3,3,2,1,3,5,2,2,2,3
STU01515,2,3,2,2,2,4,2,2,2,4
STU01516,4,2,4,2,5,2,2,4,5,5
STU01517,3,2,2,1,2,4,2,2,2,3
STU01518,3,2,4,3,3,3,2,2,2,2
STU01519,2,2,1,2,1,1,1,1,2,3
STU01520,1,2,2,2,3,1,1,2,2,3
STU01521,5,3,2,5,1,3,1,1,2,4
STU01522,4,3,2,5,4,3,1,2,2,5
STU01523,4,2,2,4,4,3,1,2,2,5
STU01524,1,1,2,2,2,2,1,1,2,3
STU01525,4,4,2,4,4,3,2,2,2,4
STU01526,3,1,2,1,3,2,2,4,2,4
STU01527,4,2,2,5,5,2,2,2,2,5
STU01528,4,3,2,2,4,4,1,2,2,5
STU01529,4,3,2,5,4,3,2,2,2,4
STU01530,5,3,2,2,2,4,1,2,2,5
STU01531,3,2,1,4,4,2,2,2,1,4
STU01532,4,3,2,2,4,2,1,2,2,4
STU01533,4,3,2,3,2,5,2,2,2,5
STU01534,5,4,2,5,5,5,2,2,2,4
STU01535,3,2,2,2,1,3,2,4,2,5
STU01536,5,4,2,2,4,2,2,1,2,5
STU01537,4,5,1,1,2,3,1,2,2,4
STU01538,1,1,2,3,5,2,1,3,2,5
STU01539,1,1,2,3,2,2,1,3,1,4
STU01540,1,4,2,2,3,2,2,2,2,4
STU01541,4,4,2,2,2,2,1,2,2,4
STU01542,5,5,2,2,4,5,2,1,2,3
STU01543,3,4,2,3,1,3,2,2,2,5
STU01544,1,2,2,4,4,2,2,2,2,5
STU01545,3,2,2,4,4,2,1,2,2,4
STU01546,5,4,2,5,5,2,1,2,2,5
STU01547,2,1,3,1,5,1,1,2,2,3
STU01548,5,2,2,4,5,4,1,2,2,4
STU01549,1,2,3,1,3,2,1,2,1,4
STU01550,2,1,1,3,2,4,2,1,2,4
STU01551,4,3,2,3,5,3,1,2,1,4
STU01552,4,4,2,2,1,5,2,2,2,5
STU01553,5,5,2,4,4,5,1,2,2,5
STU01554,2,4,2,2,2,2,2,2,2,3
STU01555,2,3,2,2,2,2,1,4,1,4
STU01556,4,2,3,2,3,2,2,5,4,5
STU01557,1,1,2,2,2,4,2,1,2,4
STU01558,2,4,3,2,3,2,2,3,3,5
STU01559,1,4,1,1,2,2,2,2,2,4
STU01560,3,2,5,3,3,3,2,2,2,3
STU01561,1,3,2,2,1,2,2,2,4,4
STU01562,5,3,1,4,4,2,1,1,2,5
STU01563,5,4,2,2,2,5,2,2,1,5
STU01564,2,2,2,2,2,4,2,2,1,4
STU01565,1,2,4,2,2,2,2,2,1,3
STU01566,2,2,2,2,2,2,1,4,2,4
STU01567,1,2,2,4,4,1,2,2,2,4
STU01568,4,5,2,4,2,4,2,2,2,5
STU01569,4,4,2,3,3,4,2,1,2,4
STU01570,1,1,1,1,5,1,2,2,2,3
STU01571,5,5,2,5,4,5,2,2,2,5
STU01572,2,1,2,5,4,1,2,2,2,5
STU01573,4,3,1,4,4,3,1,2,2,4
STU01574,2,2,2,2,2,2,1,2,1,4
STU01575,2,2,1,2,2,2,1,2,3,2
STU01576,1,4,2,2,2,2,2,2,1,4
STU01577,5,4,2,2,2,5,2,2,2,5
STU01578,5,5,2,5,5,4,2,2,1,5
STU01579,5,5,2,5,4,2,2,2,2,5
STU01580,5,4,2,3,4,3,2,2,2,5
STU01581,1,3,2,1,2,1,1,2,2,3
STU01582,4,5,2,4,2,1,1,2,2,4
STU01583,3,5,2,2,2,3,1,2,2,3
STU01584,1,3,1,4,4,2,1,2,1,3
STU01585,2,4,2,2,2,2,2,2,2,3
STU01586,1,1,2,2,2,2,2,3,1,3
STU01587,3,2,1,2,3,1,1,2,1,4
STU01588,3,4,2,1,3,3,2,2,2,3
STU01589,5,3,2,2,2,4,2,2,2,5
STU01590,1,2,3,2,2,1,2,2,2,5
STU01591,4,3,2,2,2,2,1,2,2,5
STU01592,3,1,2,2,3,5,2,2,1,3
STU01593,2,2,1,4,4,2,2,2,2,3
STU01594,1,2,2,2,4,2,1,3,2,4
STU01595,2,4,2,2,2,2,2,2,2,2
STU01596,2,2,1,3,4,2,2,2,3,2
STU01597,5,3,2,5,5,5,1,2,2,5
STU01598,1,2,2,5,4,2,1,2,2,4
STU01599,2,4,3,2,2,3,2,3,2,5
STU01600,1,2,4,2,3,2,2,2,2,4
STU01601,2,2,2,2,2,2,1,2,4,5
STU01602,1,1,1,4,4,2,1,2,2,2
STU01603,5,4,2,4,4,3,2,1,2,4
STU01604,1,2,4,2,2,2,2,2,3,4
STU01605,1,4,3,1,3,1,2,3,2,4
STU01606,2,4,2,2,3,2,2,1,1,4
STU01607,5,5,2,2,4,2,2,2,2,5
STU01608,2,4,1,3,4,2,2,2,2,4
STU01609,3,2,1,2,5,2,1,2,2,3
STU01610,2,1,2,4,4,1,2,1,2,3
STU01611,4,5,2,3,2,4,1,2,2,5
STU01612,4,5,2,1,2,2,2,2,2,5
STU01613,1,2,3,1,2,4,2,3,1,4
STU01614,2,4,2,1,2,2,2,1,1,4
STU01615,3,4,2,2,2,4,1,2,2,4
STU01616,4,2,3,4,4,2,2,3,3,5
STU01617,4,3,2,2,2,2,1,2,2,5
STU01618,1,2,1,2,2,4,2,2,2,3
STU01619,1,4,2,2,4,2,2,3,2,4
STU01620,2,2,3,2,4,2,2,3,4,5
STU01621,2,4,2,1,2,2,2,2,2,4
STU01622,1,2,2,3,4,2,1,2,1,4
STU01623,5,2,3,3,5,2,1,4,4,4
STU01624,2,1,1,3,3,2,1,2,2,2
STU01625,4,3,2,5,4,1,1,2,2,5
STU01626,1,3,2,3,4,2,1,2,2,4
STU01627,5,5,2,4,2,2,2,2,2,5
STU01628,2,4,1,2,2,2,2,2,2,4
STU01629,3,2,2,1,2,3,2,2,4,4
STU01630,2,5,2,5,5,2,2,2,2,5
STU01631,1,4,2,2,3,2,2,2,2,2
STU01632,2,2,2,4,4,2,2,1,2,5
STU01633,1,1,1,1,5,1,1,1,2,4
STU01634,1,4,2,1,3,2,2,2,2,5
STU01635,1,2,2,3,4,2,1,2,2,4
STU01636,3,2,2,3,2,4,2,2,2,4
STU01637,3,5,2,2,2,4,2,2,2,5
STU01638,2,2,2,4,4,1,1,2,2,3
STU01639,5,5,1,4,5,5,2,2,2,5
STU01640,5,5,2,5,2,2,1,2,2,5
STU01641,3,4,1,1,2,1,2,2,2,4
STU01642,4,3,2,2,3,4,2,2,2,4
STU01643,2,1,1,2,2,2,2,2,2,3
STU01644,2,2,1,4,4,2,1,2,2,3
STU01645,1,2,1,3,2,1,1,2,3,2
STU01646,4,3,2,4,2,4,2,2,2,5
STU01647,5,2,2,5,5,5,1,2,1,5
STU01648,1,2,3,2,3,1,2,3,2,4
STU01649,4,5,2,4,2,4,2,2,2,5
STU01650,2,2,2,5,4,1,1,2,2,5
STU01651,4,3,2,4,4,3,1,1,2,5
STU01652,1,2,2,2,2,1,2,2,1,4
STU01653,4,4,2,2,2,4,1,1,2,4
STU01654,2,2,1,2,3,1,1,2,2,4
STU01655,3,1,1,2,2,4,2,2,2,3
STU01656,4,5,2,4,4,4,2,2,1,5
STU01657,1,1,2,2,3,1,1,1,2,4
STU01658,1,4,1,2,2,2,2,2,2,4
STU01659,3,5,2,3,2,1,1,2,2,5
STU01660,4,4,2,3,4,2,2,2,2,4
STU01661,5,5,2,2,2,5,2,2,2,5
STU01662,1,2,1,4,4,2,2,2,2,3
STU01663,1,2,2,2,2,2,1,4,2,4
STU01664,1,1,4,3,2,2,2,3,2,4
STU01665,3,2,2,1,3,2,2,4,2,5
STU01666,2,4,1,2,2,2,2,2,2,4
STU01667,4,5,2,2,2,2,2,2,2,4
STU01668,2,2,2,3,4,2,1,2,2,4
STU01669,2,2,2,5,5,4,2,2,2,3
STU01670,5,4,4,2,2,1,2,2,1,3
STU01671,4,3,2,4,1,2,1,1,2,5
STU01672,4,3,2,2,2,5,2,2,2,3
STU01673,5,4,2,2,2,5,2,2,2,5
STU01674,3,2,1,3,4,5,2,2,2,3
STU01675,3,2,2,4,4,3,2,1,2,4
STU01676,1,2,1,3,3,1,2,4,2,5
STU01677,3,3,1,2,2,5,1,1,2,5
STU01678,3,3,2,2,1,4,2,2,1,4
STU01679,5,5,2,2,1,2,1,2,2,5
STU01680,2,2,2,1,2,4,2,2,2,4
STU01681,2,2,2,2,2,4,2,2,2,3
STU01682,4,3,2,2,3,3,2,2,1,3
STU01683,1,2,1,2,2,2,1,1,2,3
STU01684,1,4,1,2,2,1,2,2,2,4
STU01685,3,1,2,4,4,4,2,2,2,4
STU01686,3,2,2,2,3,2,2,1,4,3
STU01687,2,2,2,2,4,1,1,2,2,2
STU01688,3,2,2,3,4,1,2,2,1,4
STU01689,4,5,2,2,2,2,1,2,2,5
STU01690,4,4,1,3,3,4,1,2,2,5
STU01691,5,2,4,5,5,4,2,2,2,5
STU01692,4,5,1,3,2,3,2,2,2,5
STU01693,5,2,1,2,2,5,2,2,2,3
STU01694,4,2,2,2,2,3,1,2,2,5
STU01695,1,2,2,2,2,2,2,2,4,3
STU01696,1,2,2,3,4,2,2,2,3,2
STU01697,4,5,2,3,2,3,1,2,2,5
STU01698,2,2,3,1,3,2,2,2,4,4
STU01699,1,1,2,3,4,1,1,2,1,4
STU01700,1,2,2,2,3,1,2,2,2,2
STU01701,3,4,2,1,2,2,1,2,2,3
STU01702,1,1,2,3,4,2,1,2,1,4
STU01703,1,1,2,2,2,4,2,2,3,5
STU01704,3,4,1,2,4,2,2,2,3,4
STU01705,4,3,2,5,4,4,1,2,2,4
STU01706,4,3,4,3,4,3,2,2,2,4
STU01707,5,4,2,2,2,3,1,2,2,4
STU01708,3,5,2,2,2,3,2,2,2,3
STU01709,1,2,2,1,2,3,1,2,2,4
STU01710,2,1,2,4,4,2,2,1,2,3
STU01711,4,5,1,2,2,4,2,2,2,5
STU01712,1,2,2,1,2,4,2,2,2,4
STU01713,3,4,2,2,2,1,2,2,2,4
STU01714,1,4,2,2,2,2,2,2,1,5
STU01715,2,1,2,3,4,2,1,2,2,3
STU01716,2,2,2,2,2,4,2,2,4,5
STU01717,4,2,2,4,4,2,1,3,1,5
STU01718,4,4,2,2,2,5,2,2,2,5
STU01719,1,4,1,2,2,2,2,1,2,3
STU01720,4,3,2,5,4,2,1,2,2,5
STU01721,2,1,3,3,4,2,1,2,2,4
STU01722,4,5,2,4,2,4,2,2,2,3
STU01723,3,2,2,2,3,5,2,1,2,4
STU01724,2,3,2,2,2,1,2,2,4,4
STU01725,4,5,2,4,4,3,2,2,2,5
STU01726,3,1,2,2,3,3,2,3,4,3
STU01727,5,4,2,2,2,2,1,2,2,5
STU01728,2,2,2,3,4,1,1,1,2,4
STU01729,5,4,1,5,5,4,2,2,2,5
STU01730,5,3,2,5,5,4,2,2,2,4
STU01731,4,2,1,4,2,4,2,1,4,3
STU01732,1,3,2,1,2,5,2,2,2,5
STU01733,2,2,2,1,5,2,1,2,2,3
STU01734,1,4,2,3,3,2,2,2,2,3
STU01735,1,2,3,2,2,4,2,3,1,4
STU01736,1,2,1,2,3,2,2,2,4,3
STU01737,3,3,2,2,2,4,2,2,2,5
STU01738,5,3,2,5,4,3,2,2,2,2
STU01739,1,3,2,2,2,1,2,2,4,4
STU01740,1,2,2,2,2,1,1,2,2,4
STU01741,4,5,1,2,2,2,1,2,2,5
STU01742,1,4,1,2,2,2,2,1,1,3
STU01743,3,1,2,4,4,2,2,2,1,3
STU01744,1,2,2,4,4,2,1,2,2,4
STU01745,2,1,3,4,3,2,1,3,4,5
STU01746,4,2,2,2,2,4,2,4,2,5
STU01747,5,3,2,5,5,3,2,2,2,4
STU01748,2,2,3,4,5,1,1,3,2,5
STU01749,5,5,2,4,4,2,2,2,2,3
STU01750,5,5,2,2,2,4,2,2,2,4
STU01751,4,2,3,1,4,2,2,5,1,5
STU01752,5,4,2,3,5,3,1,2,2,4
STU01753,3,2,4,1,3,2,2,3,1,4
STU01754,5,4,2,2,2,4,2,2,2,4
STU01755,5,4,2,5,5,4,2,1,2,5
STU01756,5,2,2,4,5,3,2,1,2,5
STU01757,4,4,2,3,2,3,1,2,2,4
STU01758,3,2,2,1,4,1,1,2,2,4
STU01759,1,1,1,2,3,2,1,2,2,5
STU01760,2,2,2,2,4,2,1,3,2,4
STU01761,3,3,1,2,2,3,1,2,2,3
STU01762,2,2,2,2,2,4,2,3,1,4
STU01763,4,4,2,3,4,2,2,2,2,4
STU01764,2,1,2,1,2,2,1,4,2,4
STU01765,4,3,2,2,1,3,1,2,2,4
STU01766,5,4,2,2,4,4,2,2,2,5
STU01767,2,2,2,4,4,2,2,1,1,5
STU01768,4,3,2,5,4,2,2,2,2,5
STU01769,5,4,2,5,4,4,2,2,2,5
STU01770,4,4,2,5,4,3,2,2,2,5
STU01771,1,2,3,2,1,2,1,2,2,4
STU01772,4,4,2,4,4,4,2,2,4,4
STU01773,1,2,2,2,2,2,1,1,3,3
STU01774,4,1,2,2,3,4,2,2,2,5
STU01775,3,1,2,3,5,2,1,2,3,4
STU01776,2,2,1,4,4,2,1,2,2,4
STU01777,2,2,3,2,5,2,2,3,3,4
STU01778,5,5,2,2,5,5,2,2,2,5
STU01779,3,2,1,4,2,2,1,2,2,4
STU01780,2,5,1,3,4,2,1,2,2,5
STU01781,1,4,2,2,2,1,2,2,2,4
STU01782,2,1,2,2,2,4,2,3,2,4
STU01783,5,2,2,3,5,2,2,2,3,5
STU01784,1,4,2,1,2,2,2,2,2,4
STU01785,4,3,2,5,4,3,2,2,2,3
STU01786,2,1,2,2,3,2,1,2,2,3
STU01787,1,2,2,2,1,4,2,3,1,3
STU01788,5,4,1,5,4,2,2,2,2,5
STU01789,4,3,2,5,4,2,1,2,2,4
STU01790,4,4,2,1,2,4,1,2,2,5
STU01791,2,2,2,1,2,4,2,2,2,2
STU01792,1,1,4,2,2,2,2,2,3,4
STU01793,5,4,1,5,4,2,1,2,2,5
STU01794,1,2,2,2,2,2,1,2,1,4
STU01795,1,2,3,2,2,2,2,3,4,2
STU01796,4,3,2,5,2,3,2,1,2,5
STU01797,5,5,2,4,2,4,2,2,2,5
STU01798,5,4,2,2,2,5,2,2,4,5
STU01799,4,4,2,1,2,2,2,2,2,5
STU01800,4,4,1,3,2,3,2,2,2,5
STU01801,3,1,1,2,2,4,2,1,2,5
STU01802,1,2,2,4,4,1,1,2,2,3
STU01803,2,2,2,2,3,2,2,2,4,3
STU01804,3,2,4,2,4,3,2,2,2,2
STU01805,2,2,2,4,5,2,1,2,2,2
STU01806,1,2,3,1,2,1,1,3,2,3
STU01807,5,2,3,2,5,2,1,3,3,4
STU01808,1,2,2,3,4,2,2,2,2,4
STU01809,2,5,2,2,1,5,2,2,2,5
STU01810,3,2,2,2,1,2,2,1,4,4
STU01811,2,2,2,2,2,4,2,2,1,1
STU01812,5,4,2,5,4,4,1,2,2,5
STU01813,1,2,1,1,1,2,2,2,4,3
STU01814,4,2,2,1,3,2,1,2,1,5
STU01815,3,4,2,3,3,2,2,2,2,5
STU01816,4,4,2,2,2,4,2,2,2,4
STU01817,2,1,2,3,4,2,2,2,2,2
STU01818,3,4,2,3,2,2,1,2,2,4
STU01819,1,4,3,2,3,2,2,3,2,4
STU01820,3,2,2,2,3,2,2,2,4,3
STU01821,3,4,2,2,2,2,1,2,2,4
STU01822,4,2,2,4,1,3,2,2,4,3
STU01823,1,2,2,2,1,4,2,2,2,4
STU01824,5,4,4,5,4,1,2,2,1,5
STU01825,1,1,2,2,2,2,2,2,2,3
STU01826,3,2,2,2,3,2,2,4,2,5
STU01827,5,2,2,1,2,4,1,2,2,5
STU01828,1,2,2,4,4,2,2,2,1,5
STU01829,1,2,2,2,2,2,1,1,1,4
STU01830,3,2,2,2,1,3,2,2,4,5
STU01831,2,4,2,2,2,1,2,2,2,4
STU01832,1,4,2,2,2,2,2,2,2,3
STU01833,2,2,2,4,4,2,2,3,2,5
STU01834,1,1,1,2,3,4,2,2,2,4
STU01835,5,3,1,1,1,5,2,2,1,4
STU01836,5,5,2,5,4,5,1,2,2,5
STU01837,4,4,1,1,4,3,2,2,2,5
STU01838,1,1,1,2,3,2,2,4,2,3
STU01839,3,4,2,2,2,4,1,2,2,4
STU01840,4,3,1,2,4,5,2,2,2,4
STU01841,5,5,1,1,4,2,1,2,2,4
STU01842,5,4,2,5,5,2,1,2,2,3
STU01843,3,2,1,4,1,4,2,2,1,3
STU01844,2,1,2,2,5,1,1,2,3,4
STU01845,4,4,2,2,2,3,1,2,2,5
STU01846,2,2,2,3,4,3,2,1,2,5
STU01847,3,4,2,3,2,3,2,2,2,2
STU01848,2,4,2,3,4,3,2,1,2,4
STU01849,1,3,2,2,2,4,2,2,2,4
STU01850,2,4,2,1,4,2,2,2,3,5
STU01851,1,2,2,2,2,1,1,3,2,2
STU01852,3,2,2,2,2,4,2,2,2,5
STU01853,1,1,2,1,3,2,1,1,2,3
STU01854,2,1,2,2,3,2,2,1,2,4
STU01855,5,4,2,3,4,2,2,2,4,5
STU01856,3,4,2,2,3,2,2,3,2,3
STU01857,5,2,2,2,4,5,2,2,2,5
STU01858,1,2,3,4,4,2,2,2,1,3
STU01859,1,4,3,2,2,2,2,3,1,4
STU01860,3,5,2,2,1,2,2,2,2,4
STU01861,2,1,2,3,4,2,1,2,2,2
STU01862,5,2,1,4,3,2,1,2,2,5
STU01863,4,4,1,5,4,3,2,2,2,3
STU01864,4,5,2,4,2,4,2,2,2,5
STU01865,4,3,4,3,2,4,1,2,2,4
STU01866,4,1,2,1,4,4,2,2,2,4
STU01867,1,4,1,2,2,1,2,1,2,4
STU01868,1,4,3,3,2,2,2,3,2,5
STU01869,2,2,3,3,1,4,2,3,2,4
STU01870,1,4,1,2,2,1,2,2,3,3
STU01871,4,5,2,2,4,2,2,2,2,5
STU01872,4,4,2,4,4,4,2,2,2,5
STU01873,4,5,1,1,4,3,1,2,2,4
STU01874,3,2,1,4,4,3,2,2,2,4
STU01875,1,2,2,2,3,4,2,2,2,5
STU01876,2,4,2,3,3,2,2,2,2,4
STU01877,5,3,2,3,4,2,1,2,1,4
STU01878,5,5,1,4,4,2,2,2,2,5
STU01879,2,2,2,3,4,2,1,2,2,4
STU01880,1,1,1,1,2,2,2,4,2,4
STU01881,1,2,1,2,2,4,2,2,2,2
STU01882,3,3,1,2,1,4,2,2,2,4
STU01883,2,1,2,2,2,2,2,2,4,4
STU01884,4,5,2,4,4,3,2,2,2,5
STU01885,5,1,2,5,4,2,2,2,2,4
STU01886,3,2,1,2,2,3,2,4,2,5
STU01887,2,2,3,1,4,4,2,3,2,5
STU01888,4,3,2,4,2,4,2,2,1,4
STU01889,3,3,2,4,4,3,2,2,2,3
STU01890,1,2,3,3,5,2,2,3,3,3
STU01891,2,3,4,2,2,2,2,2,2,3
STU01892,2,4,2,1,2,2,2,3,2,4
STU01893,3,1,1,2,3,2,2,2,4,3
STU01894,5,4,2,2,5,4,2,2,2,5
STU01895,1,4,2,2,3,2,2,2,2,5
STU01896,1,1,2,4,4,2,1,1,2,4
STU01897,5,2,2,4,5,4,2,2,1,4
STU01898,2,2,2,3,4,1,1,1,2,4
STU01899,2,2,2,1,3,1,2,2,4,4
STU01900,1,4,1,2,2,2,2,2,2,3
STU01901,5,4,2,2,4,4,1,2,2,5
STU01902,2,2,2,3,4,2,1,2,2,4
STU01903,4,3,2,2,2,3,2,2,4,4
STU01904,4,4,2,4,2,4,2,2,2,5
STU01905,1,2,2,2,4,1,1,2,2,4
STU01906,2,2,3,2,5,2,1,3,4,5
STU01907,1,4,2,3,2,2,2,3,2,5
STU01908,2,2,2,2,2,2,1,1,2,4
STU01909,1,4,2,2,2,2,2,3,2,3
STU01910,3,4,2,2,3,2,1,1,1,4
STU01911,4,3,2,4,4,2,1,2,2,3
STU01912,5,5,2,2,5,3,2,2,2,5
STU01913,5,4,2,2,2,5,2,2,2,5
STU01914,1,2,1,2,2,2,1,2,2,3
STU01915,1,2,3,2,2,4,2,3,1,3
STU01916,5,4,1,4,2,4,2,2,2,4
STU01917,3,4,1,1,3,2,2,2,2,4
STU01918,1,1,3,4,4,2,2,2,2,4
STU01919,2,2,2,2,4,2,2,3,2,3
STU01920,1,4,4,1,4,1,1,4,3,3
STU01921,1,2,2,2,2,2,2,2,4,5
STU01922,1,4,1,1,3,2,2,2,1,2
STU01923,2,2,2,2,5,3,1,3,2,3
STU01924,3,1,2,4,4,2,1,2,2,2
STU01925,2,2,3,3,4,1,2,2,2,4
STU01926,2,4,1,2,2,1,2,2,2,4
STU01927,5,5,2,4,2,4,2,1,2,5
STU01928,2,3,2,2,3,1,1,3,2,4
STU01929,5,5,1,5,2,5,1,1,2,5
STU01930,2,2,2,2,3,2,2,2,2,4
STU01931,3,2,1,1,3,3,1,2,2,3
STU01932,5,5,1,2,3,4,1,2,2,5
STU01933,5,3,2,5,4,4,1,2,2,5
STU01934,4,2,2,3,5,1,2,1,2,4
STU01935,5,3,1,2,2,5,1,2,2,5
STU01936,1,2,1,1,3,2,1,2,2,2
STU01937,5,5,2,2,5,4,1,1,1,5
STU01938,3,3,1,4,4,2,1,2,2,3
STU01939,4,4,2,1,2,3,1,2,2,5
STU01940,5,2,2,4,5,5,2,2,2,5
STU01941,2,2,2,1,4,2,1,3,1,4
STU01942,5,3,2,3,4,4,1,2,2,4
STU01943,5,2,2,2,2,3,2,2,4,3
STU01944,2,4,2,1,3,2,2,1,2,3
STU01945,2,1,2,2,4,2,2,2,2,4
STU01946,2,1,2,2,3,4,2,2,2,4
STU01947,2,2,4,1,2,3,2,2,2,5
STU01948,4,3,1,4,2,5,2,2,2,4
STU01949,4,4,2,3,4,2,1,2,2,4
STU01950,2,1,1,2,2,2,2,2,4,3
STU01951,4,2,2,2,4,2,1,2,4,4
STU01952,4,5,1,4,4,4,2,2,2,4
STU01953,4,2,3,1,4,4,1,3,3,4
STU01954,4,5,2,2,4,4,2,1,2,4
STU01955,5,1,2,5,5,3,1,2,2,4
STU01956,4,2,2,2,3,3,1,2,2,3
STU01957,1,1,1,2,3,4,2,2,1,2
STU01958,2,3,1,4,4,2,2,2,2,2
STU01959,3,1,2,3,3,2,1,2,2,3
STU01960,3,4,1,3,2,2,2,2,2,2
STU01961,4,3,2,4,4,4,2,2,1,5
STU01962,3,1,1,3,3,2,1,2,2,4
STU01963,2,2,2,1,4,4,2,2,4,5
STU01964,4,3,1,2,3,5,2,2,2,5
STU01965,1,2,2,4,4,2,1,2,1,4
STU01966,4,3,2,4,2,4,2,4,2,5
STU01967,5,5,2,5,2,2,2,2,2,5
STU01968,1,2,2,1,3,2,2,2,4,5
STU01969,1,2,2,2,1,4,2,1,3,4
STU01970,1,2,2,4,4,2,1,3,2,4
STU01971,5,4,4,4,4,4,2,2,2,5
STU01972,1,1,1,2,2,2,1,1,2,2
STU01973,3,4,3,3,3,2,2,2,2,5
STU01974,2,1,2,2,2,2,1,2,2,3
STU01975,1,2,2,2,3,4,2,2,2,3
STU01976,2,2,2,1,1,2,1,2,2,4
STU01977,4,3,1,2,2,4,2,2,2,3
STU01978,5,4,2,3,4,4,2,2,2,5
STU01979,2,4,2,2,2,1,2,3,1,4
STU01980,5,3,2,5,4,2,1,1,2,5
STU01981,4,5,1,2,4,2,2,2,2,4
STU01982,3,2,1,2,3,1,2,1,2,5
STU01983,5,4,2,3,2,5,2,2,2,3
STU01984,1,4,2,3,2,2,2,1,2,3
STU01985,3,2,2,3,4,2,1,2,1,3
STU01986,2,2,4,2,3,2,2,1,2,2
STU01987,4,2,2,1,5,1,1,3,2,3
STU01988,1,3,2,2,2,2,2,4,2,4
STU01989,3,2,2,2,2,4,2,2,2,4
STU01990,2,2,2,2,2,4,2,3,2,1
STU01991,5,2,2,4,4,5,2,2,2,5
STU01992,1,2,3,1,5,1,1,3,3,4
STU01993,4,3,2,4,2,2,1,2,2,5
STU01994,5,4,1,3,4,2,2,1,2,3
STU01995,1,2,2,1,1,2,2,1,4,4
STU01996,1,2,2,3,4,2,1,2,2,4
STU01997,2,2,1,1,3,3,2,2,3,2
STU01998,2,2,2,2,2,2,2,2,4,4
STU01999,1,1,2,2,2,2,2,4,2,3
STU02000,2,1,2,4,4,2,1,2,1,4
STU02001,1,4,1,2,2,2,2,2,2,5
STU02002,5,5,2,5,5,4,2,2,2,5
STU02003,5,2,2,5,4,5,2,2,2,5
STU02004,2,4,2,2,3,2,2,1,2,3
STU02005,1,2,2,2,3,2,1,3,1,2
STU02006,5,2,2,2,5,2,1,3,3,5
STU02007,1,2,2,2,5,1,1,2,3,4
STU02008,2,1,2,2,2,2,1,2,2,3
STU02009,4,3,1,5,4,3,1,2,2,4
STU02010,2,4,2,2,2,1,2,1,2,5
STU02011,1,4,2,1,1,2,2,1,1,4
STU02012,2,2,2,2,2,2,2,2,4,5
STU02013,1,2,2,2,3,2,1,2,2,4
STU02014,5,3,2,5,5,4,2,2,2,5
STU02015,3,1,1,4,1,2,2,2,4,4
STU02016,5,4,2,5,5,2,2,2,2,4
STU02017,4,4,1,4,4,3,2,5,2,5
STU02018,1,1,2,2,5,1,1,3,2,4
STU02019,4,5,2,3,2,2,2,2,2,5
STU02020,2,2,1,3,2,3,2,2,4,3
STU02021,1,2,1,2,5,2,1,1,3,4
STU02022,3,2,1,1,3,4,2,2,2,4
STU02023,4,3,2,5,4,3,1,2,1,5
STU02024,4,3,2,4,4,4,2,2,2,5
STU02025,1,4,2,4,5,2,2,2,2,5
STU02026,3,4,2,1,2,3,2,2,2,3
STU02027,2,2,3,4,4,2,1,3,2,4
STU02028,2,4,2,2,3,1,2,2,2,5
STU02029,2,1,2,3,4,2,1,2,2,3
STU02030,1,1,1,2,1,2,1,2,2,3
STU02031,2,2,3,3,4,2,1,3,2,3
STU02032,2,2,2,4,4,2,2,2,2,2
STU02033,5,3,2,5,5,3,2,2,2,5
STU02034,1,2,2,3,4,2,2,2,2,3
STU02035,5,4,2,4,4,2,1,2,2,5
STU02036,5,5,2,2,5,5,1,2,2,5
STU02037,3,4,2,3,4,2,1,2,2,5
STU02038,2,1,3,2,5,2,1,2,2,5
STU02039,5,3,2,3,3,2,1,2,2,5
STU02040,4,2,2,5,4,2,2,2,2,4
STU02041,5,5,1,2,2,2,2,2,2,4
STU02042,3,5,2,2,2,3,1,2,2,3
STU02043,4,5,2,1,2,4,2,2,2,4
STU02044,2,1,1,4,4,1,1,1,2,4
STU02045,1,4,1,2,3,1,2,2,2,4
STU02046,4,3,1,5,2,4,1,2,2,4
STU02047,3,2,2,3,2,4,2,3,2,2
STU02048,1,2,1,2,2,2,2,2,2,4
STU02049,3,3,2,2,2,1,2,2,2,5
STU02050,5,3,2,5,4,4,2,2,1,5
STU02051,4,2,3,2,5,2,1,2,3,4
STU02052,4,5,2,3,4,3,2,2,2,3
STU02053,5,5,2,4,2,2,2,2,1,5
STU02054,1,2,1,1,2,4,2,2,2,2
STU02055,1,2,2,2,2,2,1,2,2,4
STU02056,2,1,1,1,3,2,1,2,3,4
STU02057,4,4,2,1,2,4,2,1,2,5
STU02058,1,4,2,2,3,1,2,2,2,4
STU02059,5,5,2,4,4,2,2,2,2,5
STU02060,5,5,2,2,2,3,1,2,2,4
STU02061,5,3,2,3,3,2,2,2,2,4
STU02062,1,2,3,2,2,2,1,2,4,5
STU02063,2,4,2,2,2,3,2,2,2,5
STU02064,5,4,2,2,2,5,2,2,2,4
STU02065,4,3,1,5,4,3,2,2,2,4
STU02066,1,2,2,4,4,2,2,2,2,3
STU02067,5,4,1,4,2,2,1,2,2,4
STU02068,3,4,1,2,2,3,2,2,2,3
STU02069,2,1,2,2,2,2,1,4,2,3
STU02070,1,1,2,1,3,4,2,2,2,4
STU02071,3,4,2,3,3,2,2,2,2,3
STU02072,1,2,2,5,4,2,2,2,2,3
STU02073,2,2,2,3,4,2,2,2,2,4
STU02074,3,3,2,2,2,4,2,2,2,3
STU02075,4,4,2,1,3,4,1,2,2,3
STU02076,5,5,2,5,4,5,2,2,2,5
STU02077,5,5,2,2,2,2,1,2,2,3
STU02078,3,2,2,5,5,3,1,2,2,3
STU02079,1,2,2,2,3,4,2,2,1,3
STU02080,4,3,2,2,2,4,2,2,2,5
STU02081,5,4,1,4,5,5,2,2,2,4
STU02082,1,2,2,2,2,4,2,2,2,4
STU02083,1,1,2,4,4,2,1,2,3,4
STU02084,4,4,2,5,5,4,2,2,2,5
STU02085,4,2,2,4,2,2,1,2,2,3
STU02086,2,2,3,2,5,1,1,4,2,4
STU02087,1,2,2,2,3,2,2,2,4,3
STU02088,3,1,2,2,4,2,1,1,2,5
STU02089,3,4,1,2,2,1,2,2,2,3
STU02090,1,1,2,2,2,2,2,2,2,5
STU02091,4,4,2,3,2,4,1,2,2,5
STU02092,3,2,2,3,2,4,2,2,2,3
STU02093,1,2,2,3,4,2,1,2,2,3
STU02094,5,4,1,5,2,4,2,2,4,4
STU02095,4,3,2,2,4,2,2,2,2,5
STU02096,4,4,2,4,4,3,2,2,1,5
STU02097,4,4,2,2,4,3,1,2,2,4
STU02098,2,1,1,2,2,2,1,1,1,2
STU02099,5,4,1,3,5,4,2,2,1,4
STU02100,4,2,2,1,4,3,1,2,2,4
STU02101,2,1,1,2,2,2,2,2,4,1
STU02102,3,2,2,2,3,4,2,2,2,3
STU02103,5,3,1,4,4,4,2,2,2,5
STU02104,2,2,1,4,4,2,1,2,2,4
STU02105,3,3,1,2,2,4,1,2,2,4
STU02106,3,1,2,2,2,2,1,2,3,4
STU02107,5,4,1,4,4,4,2,2,2,4
STU02108,4,2,1,3,4,3,1,2,1,4
STU02109,2,4,2,2,2,2,2,3,2,3
STU02110,4,4,2,5,5,4,1,1,2,4
STU02111,2,4,1,2,2,2,2,2,2,3
STU02112,2,2,1,2,3,2,2,2,3,4
STU02113,1,2,3,2,5,2,1,3,2,5
STU02114,4,3,2,4,3,3,2,2,2,5
STU02115,4,3,2,5,5,2,1,2,2,5
STU02116,2,2,2,1,2,3,2,1,2,3
STU02117,4,4,2,4,4,2,2,2,2,5
STU02118,1,2,2,4,4,2,1,2,2,3
STU02119,1,2,4,2,3,2,2,1,2,4
STU02120,1,2,1,2,2,4,2,1,1,2
STU02121,4,3,2,4,4,3,1,2,2,4
STU02122,3,4,2,2,2,2,2,2,2,3
STU02123,2,2,4,2,2,2,2,2,1,4
STU02124,5,3,2,2,2,2,2,1,4,5
STU02125,2,2,2,1,5,2,1,2,2,4
STU02126,3,4,1,2,2,2,2,2,2,3
STU02127,5,5,1,1,4,5,1,2,2,3
STU02128,4,4,2,1,2,3,2,2,2,5
STU02129,3,2,2,2,3,2,2,3,2,4
STU02130,5,3,1,4,4,2,2,2,1,4
STU02131,4,4,3,2,3,2,2,3,2,5
STU02132,2,2,2,2,4,2,2,2,2,4
STU02133,2,2,2,2,5,2,1,2,3,4
STU02134,2,2,1,4,4,2,1,1,1,4
STU02135,4,5,1,2,4,4,1,2,2,4
STU02136,3,5,1,2,2,3,2,2,2,4
STU02137,3,2,2,2,3,4,2,2,2,4
STU02138,2,2,2,2,3,2,2,3,2,4
STU02139,1,3,2,2,1,2,2,2,4,4
STU02140,2,2,2,2,1,4,2,2,2,4
STU02141,1,2,1,4,4,3,2,2,2,5
STU02142,2,2,2,1,2,2,1,2,2,3
STU02143,2,4,1,1,2,2,2,2,3,3
STU02144,4,2,3,2,4,1,2,3,4,5
STU02145,5,4,2,5,5,4,2,2,2,5
STU02146,2,1,2,2,1,4,2,2,2,2
STU02147,5,5,2,4,2,2,1,1,2,5
STU02148,2,2,2,4,4,2,1,2,1,4
STU02149,2,2,2,2,3,2,2,2,4,5
STU02150,3,3,2,4,4,2,1,2,2,3
STU02151,2,2,1,2,3,2,1,1,2,3
STU02152,3,3,2,2,2,4,2,2,2,3
STU02153,4,4,1,2,2,3,1,2,2,4
STU02154,5,5,2,3,3,1,2,2,2,5
STU02155,2,2,1,4,4,1,2,2,1,2
STU02156,2,1,2,2,4,1,1,2,2,2
STU02157,1,2,4,2,5,1,1,3,4,4
STU02158,4,4,2,2,2,3,2,2,2,4
STU02159,1,4,2,2,2,1,2,2,2,5
STU02160,1,4,2,2,2,2,2,3,2,4
STU02161,4,5,2,1,3,3,2,2,2,3
STU02162,4,3,2,2,2,5,2,2,2,4
STU02163,1,2,4,2,2,1,2,2,2,5
STU02164,1,1,2,2,3,2,1,2,4,3
STU02165,2,2,1,1,1,4,2,2,2,2
STU02166,2,2,3,2,4,2,1,4,4,4
STU02167,3,2,2,2,2,3,1,2,2,3
STU02168,2,2,2,2,2,2,2,4,3,3
STU02169,1,1,2,2,2,4,2,1,2,4
STU02170,1,4,2,2,2,2,2,2,1,3
STU02171,3,2,2,2,1,4,2,2,2,3
STU02172,2,4,2,2,2,2,2,2,2,3
STU02173,3,2,1,2,2,5,2,2,2,4
STU02174,3,3,2,4,4,2,2,2,2,4
STU02175,3,1,2,2,2,2,2,2,4,3
STU02176,5,5,2,2,2,2,2,2,1,4
STU02177,2,1,2,2,2,2,2,2,4,4
STU02178,2,4,1,2,2,2,2,2,2,4
STU02179,5,3,1,5,5,2,1,1,2,5
STU02180,5,5,2,2,5,5,2,2,2,5
STU02181,1,4,3,2,2,2,2,3,2,3
STU02182,3,3,2,4,4,2,1,2,2,3
STU02183,5,4,2,5,5,2,1,2,2,5
STU02184,4,5,2,4,4,3,2,2,2,4
STU02185,3,1,2,1,5,1,1,2,2,3
STU02186,1,5,2,2,2,2,2,2,1,4
STU02187,4,3,4,1,4,4,2,2,2,4
STU02188,5,2,2,5,4,2,1,2,2,5
STU02189,5,5,2,2,4,2,2,1,2,5
STU02190,4,5,2,4,5,2,2,1,2,5
STU02191,1,2,1,1,2,2,1,1,3,4
STU02192,5,4,2,5,5,4,2,2,2,4
STU02193,1,4,1,1,2,2,2,2,1,4
STU02194,1,2,2,2,3,2,1,2,2,2
STU02195,4,2,2,2,5,2,1,1,1,5
STU02196,5,4,2,2,2,3,2,2,2,4
STU02197,4,4,1,2,2,3,1,2,2,5
STU02198,4,3,2,5,4,3,1,2,2,5
STU02199,2,2,2,3,4,2,1,1,2,4
STU02200,1,2,3,5,5,2,2,3,2,5
STU02201,5,4,2,4,4,5,1,1,2,4
STU02202,2,2,3,1,4,2,2,3,2,4
STU02203,1,1,3,2,4,2,1,2,1,4
STU02204,5,5,2,4,4,5,2,2,2,5
STU02205,2,2,2,3,3,4,2,2,2,3
STU02206,1,2,2,2,2,2,1,2,3,5
STU02207,3,2,2,2,4,4,2,2,1,5
STU02208,4,5,1,4,2,4,1,2,2,4
STU02209,5,5,2,5,2,2,1,2,2,5
STU02210,2,2,1,2,3,4,2,2,1,4
STU02211,1,4,1,1,3,1,2,2,2,4
STU02212,3,4,1,1,2,2,2,2,2,4
STU02213,1,2,2,2,1,4,2,1,2,3
STU02214,2,2,1,3,2,4,2,2,2,3
STU02215,2,1,3,2,5,2,1,3,2,4
STU02216,2,2,3,3,5,1,2,3,3,5
STU02217,1,2,1,2,3,2,1,1,2,3
STU02218,4,3,1,5,5,2,1,1,2,3
STU02219,1,2,1,2,1,4,2,3,2,2
STU02220,4,5,2,3,2,4,1,2,2,3
STU02221,1,2,2,2,3,1,2,2,2,4
STU02222,3,4,1,1,3,3,2,2,1,5
STU02223,2,4,1,1,3,2,2,2,2,3
STU02224,1,2,1,3,4,2,2,2,2,3
STU02225,5,5,2,2,2,3,2,2,2,5
STU02226,1,2,2,4,4,2,2,2,2,3
STU02227,3,2,4,2,2,4,2,1,2,3
STU02228,5,4,2,4,4,4,1,2,2,5
STU02229,2,1,2,2,3,2,1,5,2,5
STU02230,3,3,2,4,4,3,1,2,2,4
STU02231,1,2,4,2,2,2,2,1,2,3
STU02232,1,2,2,3,4,2,1,2,2,2
STU02233,1,2,2,3,4,1,2,2,2,2
STU02234,2,2,2,2,1,4,2,2,2,4
STU02235,1,2,2,1,4,4,2,3,3,4
STU02236,2,1,2,4,4,1,1,2,1,4
STU02237,5,4,2,2,1,5,1,2,2,5
STU02238,1,2,2,2,2,1,1,2,2,4
STU02239,5,5,2,5,4,2,1,2,2,5
STU02240,2,2,2,4,4,2,2,1,2,4
STU02241,4,2,2,2,2,3,2,2,4,5
STU02242,2,2,1,4,4,2,1,2,2,4
STU02243,2,4,1,2,3,2,2,2,2,2
STU02244,4,5,2,2,2,2,2,2,1,3
STU02245,2,1,1,2,2,2,2,2,4,3
STU02246,3,2,2,2,5,2,1,1,2,5
STU02247,5,2,1,2,2,4,1,2,2,5
STU02248,4,2,3,2,4,2,2,4,5,4
STU02249,1,2,2,2,3,1,1,1,1,4
STU02250,3,3,2,2,2,5,2,2,2,4
STU02251,2,2,4,2,2,2,2,2,2,4
STU02252,2,4,2,2,2,3,1,2,1,3
STU02253,3,1,2,1,1,4,2,2,2,5
STU02254,4,1,2,1,3,5,2,2,1,5
STU02255,2,4,2,4,4,5,2,2,2,5
STU02256,1,4,1,3,2,2,2,2,3,4
STU02257,1,2,2,1,2,4,2,2,2,3
STU02258,3,4,2,2,3,3,2,2,2,4
STU02259,1,2,2,1,5,1,1,3,1,3
STU02260,5,4,2,1,4,2,1,1,2,5
STU02261,3,4,2,2,3,2,2,2,1,5
STU02262,1,2,2,2,2,2,1,2,2,5
STU02263,5,3,1,5,4,3,1,1,2,5
STU02264,2,3,2,2,2,4,1,2,2,5
STU02265,4,3,4,4,5,2,2,2,1,4
STU02266,1,2,4,1,2,1,2,2,2,2
STU02267,3,4,2,2,3,2,2,2,2,4
STU02268,5,3,2,5,4,5,1,1,2,5
STU02269,5,2,2,4,4,4,1,2,2,5
STU02270,3,4,1,2,3,2,2,1,2,3
STU02271,2,4,2,2,3,2,2,3,2,4
STU02272,5,5,2,4,4,1,1,2,2,5
STU02273,3,5,2,2,2,1,2,2,2,3
STU02274,1,1,1,1,3,4,2,2,2,4
STU02275,5,5,2,5,4,4,1,2,2,5
STU02276,1,2,2,1,2,2,2,2,4,4
STU02277,1,4,1,2,3,2,1,1,2,4
STU02278,5,4,2,5,5,2,1,2,2,5
STU02279,3,2,2,4,4,3,2,2,2,4
STU02280,2,2,1,2,2,3,2,4,2,3
STU02281,4,3,2,4,1,2,1,2,2,4
STU02282,2,1,2,2,2,4,2,2,2,2
STU02283,4,4,1,2,2,2,1,2,2,4
STU02284,2,4,2,1,2,2,2,1,2,4
STU02285,2,2,2,4,1,2,1,2,2,4
STU02286,3,1,1,1,3,2,2,2,2,3
STU02287,1,2,2,2,3,1,1,2,2,4
STU02288,1,2,1,2,4,2,1,2,1,3
STU02289,1,2,2,2,2,2,2,2,4,5
STU02290,1,2,1,2,3,2,2,1,4,5
STU02291,2,1,1,2,5,1,1,2,3,5
STU02292,2,2,2,2,2,4,2,2,3,5
STU02293,1,2,1,1,2,1,2,2,1,3
STU02294,4,3,2,2,2,2,1,1,2,5
STU02295,4,4,2,4,2,4,1,1,2,4
STU02296,2,2,2,3,4,2,1,1,2,4
STU02297,2,1,2,4,4,2,1,2,2,4
STU02298,4,4,2,5,5,2,1,2,1,5
STU02299,4,5,2,4,4,3,2,2,1,5
STU02300,1,2,1,2,2,4,2,2,2,2
STU02301,1,2,1,3,3,2,1,2,2,3
STU02302,1,2,3,2,3,2,2,2,2,4
STU02303,5,5,1,2,2,4,2,2,2,4
STU02304,5,5,1,2,2,2,2,2,2,5
STU02305,4,3,2,3,5,2,1,2,2,5
STU02306,4,3,2,1,4,4,2,2,4,5
STU02307,5,4,2,5,5,2,1,2,2,5
STU02308,5,5,2,2,4,2,2,2,2,5
STU02309,4,3,2,3,4,2,1,2,2,4
STU02310,5,4,2,2,4,4,2,1,3,5
STU02311,1,2,2,4,2,3,2,4,2,4
STU02312,2,1,2,3,2,1,2,3,4,4
STU02313,2,2,3,3,5,2,2,3,4,5
STU02314,1,4,1,2,2,2,2,2,2,4
STU02315,1,2,2,2,2,2,1,4,2,5
STU02316,1,2,1,4,4,1,2,2,3,4
STU02317,2,2,1,2,5,2,1,1,2,5
STU02318,4,3,1,2,1,2,2,2,1,3
STU02319,3,4,3,2,3,2,2,3,2,4
STU02320,3,1,1,2,3,4,2,1,2,4
STU02321,2,1,2,2,3,4,2,2,2,5
STU02322,1,2,2,2,4,2,1,2,2,4
STU02323,4,3,4,4,4,2,2,2,2,5
STU02324,1,1,1,4,4,2,2,2,2,3
STU02325,2,2,2,1,2,4,2,2,2,3
STU02326,2,2,2,2,4,2,1,1,3,4
STU02327,2,1,4,1,2,2,2,2,2,4
STU02328,2,2,2,1,3,2,2,2,1,5
STU02329,4,4,2,1,2,4,1,2,2,4
STU02330,5,3,2,4,4,5,2,2,2,5
STU02331,4,3,1,1,2,3,1,2,1,4
STU02332,3,4,2,3,2,3,1,2,2,4
STU02333,1,4,2,2,2,2,2,3,1,3
STU02334,5,2,2,2,2,4,2,2,4,4
STU02335,5,5,1,2,2,3,1,2,2,4
STU02336,2,2,1,4,4,2,2,2,3,5
STU02337,2,4,2,1,2,1,2,2,2,4
STU02338,2,2,2,2,2,2,2,2,2,3
STU02339,2,2,2,2,3,1,1,2,2,4
STU02340,2,5,1,5,5,4,2,2,2,5
STU02341,1,2,2,1,2,2,1,2,4,4
STU02342,3,4,2,2,3,2,2,2,2,5
STU02343,1,3,4,2,2,2,2,1,3,4
STU02344,5,3,4,5,2,4,2,2,2,5
STU02345,5,5,2,2,2,2,2,2,2,5
STU02346,2,4,2,4,2,2,2,1,4,4
STU02347,1,2,2,2,1,2,2,2,4,5
STU02348,3,2,2,2,3,4,2,1,2,3
STU02349,1,3,2,3,4,2,1,1,1,4
STU02350,4,3,2,2,2,2,2,2,4,4
STU02351,5,5,2,5,5,5,2,2,4,5
STU02352,1,2,2,2,3,4,2,2,3,5
STU02353,4,4,1,3,3,2,1,2,2,3
STU02354,1,2,2,4,4,2,2,2,2,3
STU02355,1,1,2,3,1,4,2,2,2,3
STU02356,3,4,2,3,2,2,1,2,2,4
STU02357,4,3,2,2,2,5,2,2,2,5
STU02358,5,4,2,5,5,5,2,2,2,5
STU02359,3,2,1,3,4,3,1,2,1,4
STU02360,1,2,3,1,5,1,2,2,2,4
STU02361,4,4,2,3,1,3,2,2,2,4
STU02362,2,2,2,3,4,1,1,2,3,4
STU02363,3,3,2,3,3,1,1,1,1,5
STU02364,3,3,2,2,3,4,2,2,2,3
STU02365,1,2,2,2,2,2,1,4,2,4
STU02366,2,4,2,3,2,2,2,2,3,4
STU02367,4,5,2,2,2,4,2,2,2,5
STU02368,2,2,1,1,3,2,2,2,4,3
STU02369,4,4,2,4,3,3,2,2,2,4
STU02370,2,5,2,2,2,5,2,2,2,5
STU02371,1,4,2,2,3,2,2,2,2,4
STU02372,1,2,2,2,3,2,1,2,2,3
STU02373,1,1,2,4,4,2,2,3,2,4
STU02374,1,4,2,2,3,1,2,2,2,4
STU02375,5,2,4,5,2,3,1,3,2,4
STU02376,1,4,2,3,2,1,2,1,2,5
STU02377,1,2,2,2,3,2,1,2,2,4
STU02378,2,2,1,2,3,2,1,2,2,2
STU02379,2,2,2,4,3,3,2,2,2,3
STU02380,1,2,2,3,3,2,1,2,2,4
STU02381,2,2,2,3,4,2,1,2,2,3
STU02382,4,5,1,3,2,2,1,2,2,4
STU02383,1,5,2,3,3,2,2,2,2,4
STU02384,2,4,2,2,1,2,2,2,3,5
STU02385,2,2,1,1,4,1,1,1,2,3
STU02386,2,4,2,2,1,4,2,1,2,5
STU02387,4,3,2,4,4,3,2,2,2,4
STU02388,4,2,2,2,1,5,2,2,2,5
STU02389,2,2,2,2,2,2,1,2,3,4
STU02390,1,2,2,2,2,2,2,2,2,2
STU02391,3,1,1,1,3,2,2,2,4,4
STU02392,1,2,1,2,2,2,2,2,4,3
STU02393,4,5,2,2,2,3,2,2,2,5
STU02394,4,4,2,2,2,4,2,2,2,4
STU02395,1,2,2,2,2,2,1,2,2,4
STU02396,5,5,2,5,1,2,2,1,2,4
STU02397,5,4,2,2,2,3,2,4,2,5
STU02398,1,4,2,1,2,2,2,2,2,5
STU02399,4,4,2,1,2,3,1,2,2,4
STU02400,1,4,2,2,2,2,2,2,2,4
STU02401,2,2,2,2,1,1,1,4,2,3
STU02402,3,4,2,2,2,2,2,1,2,5
STU02403,4,3,2,2,2,4,1,2,2,5
STU02404,2,4,2,3,2,1,2,2,1,3
STU02405,3,3,1,2,2,2,1,2,2,3
STU02406,3,3,2,1,3,1,2,2,4,5
STU02407,4,3,5,1,3,3,1,2,2,3
STU02408,1,2,2,2,4,2,1,2,2,3
STU02409,2,4,2,2,2,2,2,2,2,4
STU02410,1,2,2,2,2,4,2,2,2,2
STU02411,5,5,2,4,4,5,2,2,2,4
STU02412,2,2,1,3,1,4,2,2,2,2
STU02413,2,2,1,2,1,2,1,2,2,4
STU02414,2,2,2,2,5,2,2,1,2,4
STU02415,5,4,2,2,5,5,2,2,2,5
STU02416,4,1,4,2,4,2,1,2,2,5
STU02417,1,2,2,1,2,1,2,4,2,4
STU02418,4,5,2,2,2,4,1,2,2,5
STU02419,5,3,2,2,2,4,1,2,1,4
STU02420,2,2,2,4,4,1,2,2,3,4
STU02421,5,5,2,2,2,2,2,2,2,5
STU02422,5,5,4,5,4,2,1,2,2,5
STU02423,3,5,2,4,4,2,2,2,2,5
STU02424,1,1,2,2,3,1,1,2,2,2
STU02425,1,1,2,3,4,2,1,3,2,4
STU02426,5,3,2,4,4,3,1,2,1,4
STU02427,4,3,2,2,2,3,1,2,2,5
STU02428,2,2,1,2,3,4,2,1,2,4
STU02429,4,5,2,4,2,4,2,2,2,4
STU02430,3,3,2,4,4,2,2,2,2,5
STU02431,3,4,2,1,3,2,2,2,2,5
STU02432,1,2,3,2,2,3,2,2,4,3
STU02433,4,4,2,2,2,3,1,1,2,4
STU02434,1,4,2,3,2,2,2,2,2,4
STU02435,2,4,2,3,3,2,2,2,2,3
STU02436,2,2,2,1,2,2,1,3,4,3
STU02437,2,2,2,2,2,2,2,1,2,5
STU02438,5,5,2,2,2,4,2,2,2,5
STU02439,2,2,1,2,2,4,2,1,2,4
STU02440,4,3,5,4,4,3,2,2,2,3
STU02441,4,4,2,2,2,4,2,2,2,5
STU02442,3,2,2,2,1,4,2,2,2,5
STU02443,2,3,2,2,2,2,2,2,4,4
STU02444,4,3,2,4,4,3,2,2,1,5
STU02445,2,4,1,2,2,2,2,1,1,2
STU02446,4,5,2,2,2,2,1,2,2,4
STU02447,1,2,1,1,2,2,1,4,2,3
STU02448,2,1,1,3,4,2,2,2,1,2
STU02449,1,4,2,2,2,2,2,2,2,3
STU02450,1,1,2,2,2,2,1,4,2,3
STU02451,5,2,2,4,4,5,2,2,2,4
STU02452,2,1,2,2,2,2,2,4,1,3
STU02453,3,3,2,2,2,3,1,1,2,3
STU02454,4,5,2,4,2,3,1,2,2,5
STU02455,3,2,1,2,3,1,2,2,4,3
STU02456,1,2,3,3,5,2,1,2,1,5
STU02457,4,3,2,2,3,4,1,2,2,5
STU02458,5,5,2,5,5,1,1,4,2,4
STU02459,2,2,2,5,4,2,1,2,1,3
STU02460,2,3,2,3,3,2,1,3,2,4
STU02461,4,4,2,2,4,3,2,2,2,4
STU02462,3,4,2,2,2,2,2,2,2,4
STU02463,2,4,1,3,3,1,2,2,1,3
STU02464,1,2,3,2,4,4,2,3,3,4
STU02465,4,3,2,3,4,4,2,2,2,5
STU02466,2,2,3,2,2,1,2,2,4,3
STU02467,2,2,2,4,1,2,1,2,3,5
STU02468,2,2,2,3,3,4,2,2,2,4
STU02469,2,2,3,1,3,2,2,3,4,5
STU02470,2,2,3,3,3,2,1,2,2,4
STU02471,4,5,1,2,2,3,1,2,2,3
STU02472,4,3,1,5,4,2,2,2,2,4
STU02473,1,2,2,2,2,1,1,2,2,4
STU02474,5,3,2,5,2,2,1,2,2,5
STU02475,4,5,2,1,2,1,2,2,2,5
STU02476,5,5,1,5,4,2,2,2,2,5
STU02477,1,1,2,2,2,4,2,3,2,3
STU02478,5,5,2,4,4,3,1,2,2,5
STU02479,5,4,2,4,2,5,2,2,2,4
STU02480,1,2,2,2,2,2,2,2,4,4
STU02481,2,4,3,1,2,2,2,3,3,4
STU02482,1,1,1,2,2,2,1,2,1,4
STU02483,2,2,1,1,2,2,2,2,4,3
STU02484,4,2,1,2,2,4,2,2,1,4
STU02485,3,2,2,2,1,3,1,2,2,4
STU02486,3,4,2,2,2,2,2,2,2,5
STU02487,3,5,2,3,2,2,1,2,1,2
STU02488,2,4,2,3,2,2,2,2,2,3
STU02489,5,4,2,5,2,4,2,2,1,5
STU02490,4,3,2,4,5,2,1,2,2,5
STU02491,1,1,2,2,1,1,1,1,3,4
STU02492,2,2,4,1,2,3,2,1,2,1
STU02493,3,4,2,3,2,3,2,1,2,3
STU02494,5,3,2,5,4,4,2,2,2,5
STU02495,5,5,2,5,2,5,2,4,1,5
STU02496,4,4,2,2,2,2,2,2,2,5
STU02497,4,4,2,2,4,4,2,1,2,5
STU02498,4,3,2,4,4,3,1,2,2,4
STU02499,3,3,2,3,3,5,2,2,1,3
STU02500,2,1,2,1,2,4,2,2,1,3
STU02501,2,2,2,1,5,1,1,2,1,4
STU02502,1,2,2,1,2,2,2,2,4,4
STU02503,5,2,3,2,5,2,1,2,2,4
STU02504,3,4,2,2,2,2,2,1,2,3
STU02505,3,4,2,2,3,4,2,2,2,2
STU02506,2,2,2,2,2,2,2,2,4,4
STU02507,2,2,2,4,3,1,1,2,2,4
STU02508,1,2,1,3,4,2,1,2,3,2
STU02509,4,2,3,1,4,2,2,3,3,3
STU02510,3,4,2,3,2,2,1,1,2,3
STU02511,4,2,2,4,5,4,2,2,4,4
STU02512,4,4,2,1,2,3,1,2,2,3
STU02513,1,2,2,1,3,2,1,1,2,3
STU02514,5,3,1,5,5,3,2,2,2,5
STU02515,5,5,2,4,2,5,2,2,2,5
STU02516,2,3,2,4,4,4,2,2,2,5
STU02517,2,2,2,2,2,5,2,2,2,2
STU02518,4,4,2,3,2,2,1,2,2,4
STU02519,3,2,2,4,4,2,1,1,3,4
STU02520,5,5,2,3,2,4,1,2,2,5
STU02521,1,2,1,2,2,2,1,1,2,3
STU02522,2,1,1,4,4,2,1,2,2,4
STU02523,4,2,3,3,3,2,2,3,5,5
STU02524,5,5,2,5,5,4,2,2,2,5
STU02525,2,2,1,1,2,2,2,2,4,3
STU02526,1,2,1,2,3,2,2,1,2,4
STU02527,2,4,2,3,2,2,2,2,2,4
STU02528,4,2,2,1,5,4,2,2,2,4
STU02529,1,4,1,2,2,1,2,1,2,2
STU02530,1,2,3,2,5,2,2,3,3,5
STU02531,4,3,4,2,4,2,1,2,2,5
STU02532,5,5,2,4,4,2,2,2,2,4
STU02533,3,1,2,2,4,1,1,2,1,4
STU02534,2,2,1,4,4,2,2,1,2,3
STU02535,5,5,1,2,2,4,2,2,2,5
STU02536,4,5,2,2,4,2,1,2,2,4
STU02537,5,4,2,4,2,5,2,2,2,4
STU02538,5,5,2,5,5,2,2,2,2,5
STU02539,1,1,2,4,4,2,1,2,2,2
STU02540,1,2,2,3,4,1,1,2,1,4
STU02541,4,2,2,4,5,4,1,2,2,5
STU02542,2,1,1,1,2,4,2,2,2,3
STU02543,5,3,2,4,4,4,2,2,1,4
STU02544,3,3,2,4,4,3,2,2,2,3
STU02545,1,2,1,3,2,2,2,2,4,4
STU02546,3,3,2,2,3,2,1,1,2,3
STU02547,3,2,3,1,3,1,1,4,3,4
STU02548,2,2,1,4,4,2,2,2,2,3
STU02549,1,1,2,3,3,2,1,2,1,3
STU02550,2,2,2,3,2,2,2,4,2,5
STU02551,1,4,1,3,2,2,2,2,2,3
STU02552,2,1,2,3,3,4,2,2,2,4
STU02553,1,2,1,2,3,2,1,2,2,2
STU02554,3,1,2,1,2,4,2,2,2,5
STU02555,3,2,2,1,2,3,1,2,2,4
STU02556,3,2,2,3,3,4,2,2,2,5
STU02557,5,4,2,2,2,4,1,2,2,5
STU02558,3,4,2,3,2,3,2,1,2,5
STU02559,1,2,2,3,4,2,1,2,2,4
STU02560,2,1,2,3,4,2,2,2,2,3
STU02561,4,1,4,4,3,3,2,2,2,5
STU02562,4,4,3,2,3,2,2,3,2,5
STU02563,2,1,2,3,4,2,1,1,2,4
STU02564,5,4,1,5,4,4,1,2,2,5
STU02565,1,4,2,1,2,2,2,2,2,4
STU02566,4,4,2,4,4,3,2,2,2,3
STU02567,1,2,1,2,1,2,1,4,2,3
STU02568,4,3,2,5,5,4,1,2,1,4
STU02569,5,5,1,5,2,5,1,2,1,5
STU02570,3,3,2,5,4,3,1,2,2,4
STU02571,2,4,3,2,3,2,2,3,2,5
STU02572,2,2,2,4,4,2,2,2,3,4
STU02573,5,3,1,4,4,2,1,2,1,5
STU02574,3,1,2,2,3,2,2,2,4,4
STU02575,3,1,2,2,2,1,1,1,2,4
STU02576,5,4,2,4,4,5,2,2,2,3
STU02577,5,3,2,2,2,4,1,2,1,5
STU02578,3,1,3,3,4,3,2,3,2,4
STU02579,3,2,2,2,2,5,2,2,2,5
STU02580,3,2,1,4,4,2,2,2,2,2
STU02581,4,4,2,4,2,4,2,2,2,5
STU02582,1,4,1,2,1,1,2,2,2,4
STU02583,4,3,1,1,2,4,2,2,4,4
STU02584,5,5,2,2,2,3,1,2,2,5
STU02585,1,2,3,2,4,4,2,3,3,5
STU02586,2,4,2,2,3,1,1,3,2,3
STU02587,3,4,2,3,3,3,2,2,2,5
STU02588,1,1,2,2,2,1,2,1,4,5
STU02589,1,2,2,2,5,2,1,2,2,5
STU02590,3,3,2,2,2,4,2,2,4,5
STU02591,4,4,2,2,4,3,1,1,2,4
STU02592,2,4,1,2,2,2,2,2,2,3
STU02593,4,4,2,2,2,2,1,2,2,5
STU02594,5,5,1,4,4,3,2,2,2,5
STU02595,5,5,2,5,4,4,2,2,2,5
STU02596,3,4,2,3,2,3,2,1,2,5
STU02597,1,3,1,3,4,3,1,2,2,5
STU02598,4,3,2,2,2,3,1,2,2,5
STU02599,4,3,1,4,2,3,2,1,1,5
STU02600,3,2,2,2,2,5,2,2,2,2
STU02601,3,2,2,2,3,4,2,2,2,4
STU02602,2,2,4,2,2,2,2,2,3,4
STU02603,1,4,2,1,2,2,2,2,2,3
STU02604,3,5,2,2,2,2,2,2,2,4
STU02605,5,4,1,4,2,4,2,2,2,5
STU02606,3,1,1,2,2,1,2,2,3,4
STU02607,5,3,2,3,5,4,2,2,2,5
STU02608,3,3,2,2,3,2,1,2,2,4
STU02609,1,1,2,4,4,2,1,1,2,4
STU02610,2,4,2,3,3,2,2,1,2,4
STU02611,3,1,1,3,4,3,1,2,2,2
STU02612,4,1,1,2,3,5,2,2,4,4
STU02613,5,3,2,2,2,5,2,1,2,5
STU02614,2,4,2,2,2,3,2,2,4,5
STU02615,4,3,2,4,4,2,2,2,2,2
STU02616,5,4,2,5,4,4,1,2,2,5
STU02617,2,3,2,4,4,2,1,2,2,4
STU02618,1,2,1,2,2,2,1,1,3,3
STU02619,3,2,2,4,4,3,2,2,1,3
STU02620,1,2,2,1,2,1,2,4,2,4
STU02621,2,3,4,4,2,3,2,1,2,5
STU02622,3,5,2,3,2,2,2,2,2,4
STU02623,5,1,3,1,5,2,1,3,2,4
STU02624,1,1,2,2,3,2,2,4,2,5
STU02625,5,5,1,2,5,2,2,2,2,5
STU02626,3,2,2,1,3,2,2,4,2,5
STU02627,1,4,2,2,2,2,2,3,1,4
STU02628,4,3,2,2,4,5,2,2,2,5
STU02629,1,2,3,2,2,2,2,3,4,3
STU02630,1,3,2,4,4,1,1,2,2,4
STU02631,1,2,2,4,4,2,1,2,2,4
STU02632,5,3,2,4,3,5,1,2,2,4
STU02633,1,4,2,2,2,2,2,1,1,4
STU02634,1,1,2,4,4,2,2,2,3,4
STU02635,5,4,2,5,5,4,2,2,2,5
STU02636,3,3,2,5,4,2,2,2,2,5
STU02637,1,2,2,2,2,1,2,1,4,3
STU02638,2,4,2,2,2,2,2,2,1,4
STU02639,5,5,4,5,2,5,2,2,2,5
STU02640,2,2,1,1,2,2,1,1,4,3
STU02641,3,2,2,3,2,2,1,2,2,3
STU02642,2,3,2,2,2,4,1,2,2,3
STU02643,3,4,2,3,3,2,2,2,2,2
STU02644,1,4,2,2,3,2,2,2,2,3
STU02645,5,4,1,5,5,4,1,2,1,5
STU02646,5,2,2,5,5,4,1,2,2,5
STU02647,4,2,2,3,5,3,2,2,2,4
STU02648,3,5,2,4,1,2,2,2,2,4
STU02649,4,3,2,2,3,4,2,2,2,5
STU02650,5,4,2,5,5,2,2,2,2,4
STU02651,3,3,2,2,2,4,1,2,2,5
STU02652,4,5,2,2,2,2,2,2,2,5
STU02653,5,5,2,5,4,5,1,2,2,4
STU02654,3,2,2,5,4,2,2,2,2,5
STU02655,5,2,1,2,3,4,1,2,2,4
STU02656,2,2,1,1,4,2,1,2,1,3
STU02657,2,3,1,3,4,2,1,2,1,4
STU02658,2,1,2,4,4,2,1,2,2,3
STU02659,5,5,1,4,4,2,2,1,2,4
STU02660,2,2,1,2,2,3,1,2,2,2
STU02661,4,4,2,3,4,2,2,2,2,4
STU02662,2,2,2,2,2,4,2,2,3,5
STU02663,4,5,2,2,4,3,2,2,2,5
STU02664,2,2,1,2,3,4,2,2,2,2
STU02665,3,4,3,4,1,3,2,2,2,4
STU02666,4,3,2,4,4,3,2,2,2,4
STU02667,2,2,1,2,5,1,1,2,2,3
STU02668,3,1,2,2,2,4,2,1,2,4
STU02669,3,4,2,2,3,3,2,1,2,5
STU02670,1,2,2,2,2,2,2,2,4,4
STU02671,4,5,2,1,5,2,1,2,2,4
STU02672,1,2,2,2,2,2,2,4,2,4
STU02673,3,2,1,3,3,1,2,2,4,3
STU02674,4,4,2,4,4,2,2,2,2,5
STU02675,1,2,4,5,2,2,2,4,4,5
STU02676,4,3,2,2,2,4,1,2,2,5
STU02677,4,2,1,1,3,4,1,2,2,3
STU02678,5,4,2,4,2,3,1,2,2,4
STU02679,3,2,2,4,4,2,2,2,2,5
STU02680,5,3,2,4,5,3,1,2,2,5
STU02681,1,2,3,2,2,4,2,4,4,5
STU02682,1,2,1,2,2,2,2,4,2,4
STU02683,1,2,2,2,2,2,2,2,4,5
STU02684,5,4,2,2,2,4,1,1,1,4
STU02685,2,2,2,2,2,2,2,2,4,4
STU02686,3,2,1,4,5,2,1,1,2,2
STU02687,4,2,3,3,2,1,1,3,1,3
STU02688,4,3,1,4,4,3,2,1,2,4
STU02689,5,4,2,5,5,4,1,1,2,5
STU02690,4,1,2,2,1,5,2,1,2,5
STU02691,2,2,1,2,4,1,1,2,3,4
STU02692,5,4,2,2,2,3,2,2,2,4
STU02693,4,3,1,2,4,2,1,2,2,4
STU02694,2,2,2,2,5,2,2,1,2,5
STU02695,5,5,2,2,2,4,1,1,2,5
STU02696,4,3,2,2,2,5,2,2,1,4
STU02697,5,4,2,5,4,5,2,2,2,5
STU02698,1,2,2,2,2,4,2,2,1,4
STU02699,5,4,2,1,2,2,1,2,2,4
STU02700,2,1,1,3,4,2,1,1,2,4
STU02701,2,2,2,3,1,4,2,2,2,4
STU02702,2,4,2,2,2,3,1,2,2,4
STU02703,5,2,2,4,2,3,1,2,2,4
STU02704,2,2,2,2,2,5,2,2,2,4
STU02705,4,4,1,2,4,4,2,2,2,4
STU02706,2,1,2,1,3,2,1,2,2,4
STU02707,1,2,1,4,4,2,2,1,2,4
STU02708,4,3,2,1,2,4,2,2,2,5
STU02709,4,4,2,4,2,2,2,2,2,5
STU02710,1,1,2,2,2,4,2,2,2,4
STU02711,1,4,2,3,3,2,2,2,2,5
STU02712,3,2,2,2,4,2,1,1,2,4
STU02713,1,1,1,1,4,2,2,2,3,4
STU02714,5,5,1,2,5,4,2,2,2,4
STU02715,1,1,2,3,3,2,1,3,4,4
STU02716,2,2,1,3,4,1,1,2,2,4
STU02717,5,4,4,2,4,1,2,4,3,5
STU02718,1,4,1,2,2,1,2,1,1,2
STU02719,3,2,2,2,2,3,1,2,2,4
STU02720,2,2,2,2,4,2,2,2,2,4
STU02721,5,5,2,2,2,3,2,2,2,3
STU02722,1,4,2,2,2,2,2,1,2,4
STU02723,5,5,2,4,1,4,1,2,2,5
STU02724,1,4,2,2,2,1,2,2,2,5
STU02725,5,4,2,2,2,4,2,2,2,4
STU02726,4,3,2,5,5,3,1,2,2,4
STU02727,1,4,2,2,2,1,2,2,2,3
STU02728,1,2,1,2,2,2,2,2,4,4
STU02729,4,5,2,4,2,3,2,2,2,4
STU02730,5,4,2,5,4,4,2,2,2,5
STU02731,3,4,2,2,2,1,2,2,3,4
STU02732,3,2,2,4,3,3,2,2,4,5
STU02733,5,4,2,2,5,5,2,2,2,5
STU02734,4,2,1,4,4,3,2,1,2,5
STU02735,1,1,3,2,4,2,1,3,3,5
STU02736,1,2,2,1,4,1,2,2,4,2
STU02737,3,2,2,4,4,4,2,2,2,3
STU02738,4,4,2,4,4,2,2,2,2,5
STU02739,2,4,2,2,3,2,2,2,1,3
STU02740,5,4,2,2,2,4,1,2,2,4
STU02741,4,4,2,2,2,3,2,2,2,4
STU02742,1,2,2,2,3,4,2,2,2,4
STU02743,4,3,2,5,4,2,1,2,1,5
STU02744,5,2,1,3,4,4,1,2,1,4
STU02745,4,5,2,2,2,3,1,2,2,5
STU02746,2,2,1,2,4,2,2,2,2,3
STU02747,1,2,2,2,3,2,2,2,4,4
STU02748,3,2,2,4,3,2,1,2,2,4
STU02749,1,2,1,2,2,2,1,2,2,3
STU02750,5,4,2,2,3,3,2,2,2,4
STU02751,5,3,2,4,2,3,1,2,2,4
STU02752,5,4,2,5,1,4,1,2,2,5
STU02753,2,4,2,2,2,2,2,2,2,4
STU02754,2,1,2,3,4,2,2,3,2,3
STU02755,3,4,2,3,1,2,2,2,2,2
STU02756,2,2,2,2,2,1,2,2,4,4
STU02757,5,3,2,5,5,2,2,2,2,4
STU02758,2,4,3,3,4,2,2,3,2,3
STU02759,3,4,1,2,2,2,2,2,2,2
STU02760,1,2,2,1,2,2,1,4,3,3
STU02761,1,3,2,1,2,1,1,4,2,3
STU02762,2,2,5,2,4,2,2,3,3,5
STU02763,5,4,1,5,4,2,1,2,2,3
STU02764,3,4,2,2,1,2,2,2,1,4
STU02765,4,5,2,4,3,3,1,2,2,4
STU02766,4,5,2,1,2,2,2,2,2,4
STU02767,2,1,1,2,1,1,1,2,1,3
STU02768,2,2,3,3,4,2,1,3,2,4
STU02769,2,4,2,2,2,2,2,2,3,4
STU02770,1,2,4,2,2,2,2,1,2,3
STU02771,5,4,2,4,5,4,2,2,2,4
STU02772,3,4,2,3,2,3,2,1,3,5
STU02773,3,4,2,2,2,4,2,2,2,5
STU02774,5,5,2,4,4,1,1,2,2,5
STU02775,3,4,2,2,2,2,2,2,2,5
STU02776,2,2,1,2,3,2,2,2,2,3
STU02777,2,2,1,2,2,2,1,2,1,1
STU02778,2,2,2,2,4,2,2,2,2,4
STU02779,4,2,2,4,2,3,1,2,2,3
STU02780,4,3,4,3,4,3,2,2,2,4
STU02781,1,1,1,2,4,2,2,4,1,3
STU02782,5,5,2,1,4,5,2,2,2,5
STU02783,4,3,2,5,4,4,2,1,2,5
STU02784,4,4,4,2,2,2,2,2,2,4
STU02785,3,1,3,2,3,4,2,3,2,4
STU02786,1,2,2,2,2,2,2,4,2,3
STU02787,2,4,1,1,1,2,2,2,2,2
STU02788,2,2,2,3,2,2,1,1,2,4
STU02789,5,5,2,2,2,4,1,2,1,5
STU02790,1,4,1,2,3,2,2,2,2,4
STU02791,1,4,1,2,1,1,2,2,2,1
STU02792,3,2,2,1,2,4,2,2,3,3
STU02793,4,3,2,4,4,2,2,2,2,3
STU02794,3,2,2,2,1,1,1,2,1,5
STU02795,5,4,1,5,4,2,1,2,2,4
STU02796,4,4,2,2,3,2,1,2,1,3
STU02797,3,1,4,3,3,2,2,3,2,4
STU02798,3,4,3,1,2,2,2,3,2,3
STU02799,3,1,2,2,2,2,1,2,1,4
STU02800,3,2,2,3,5,2,1,2,2,5
STU02801,2,1,4,1,4,2,2,4,5,5
STU02802,2,3,2,1,2,4,2,1,2,2
STU02803,4,3,1,4,4,2,1,2,2,5
STU02804,4,3,4,4,4,3,2,2,2,5
STU02805,4,3,2,1,2,4,2,1,2,4
STU02806,4,4,1,1,4,3,1,2,2,5
STU02807,2,2,1,3,4,2,1,1,2,3
STU02808,2,2,1,3,4,2,1,2,2,3
STU02809,3,2,2,3,1,1,2,4,3,5
STU02810,1,1,2,2,2,2,2,2,2,5
STU02811,1,1,2,3,4,2,1,1,3,4
STU02812,5,3,2,4,5,4,2,2,4,5
STU02813,3,4,2,3,2,3,2,2,2,5
STU02814,5,4,2,5,3,2,1,2,2,5
STU02815,1,2,1,3,4,2,2,2,2,4
STU02816,5,3,2,4,3,3,1,2,2,5
STU02817,2,1,2,3,4,2,1,3,2,4
STU02818,4,3,1,4,4,2,2,2,2,3
STU02819,5,4,2,4,4,5,2,2,2,4
STU02820,2,2,2,2,2,2,1,2,2,3
STU02821,1,2,2,2,4,1,2,1,2,4
STU02822,4,4,1,2,2,3,2,2,2,4
STU02823,1,4,2,2,3,2,2,1,2,4
STU02824,2,2,2,3,4,2,1,1,1,4
STU02825,2,2,1,2,3,2,1,1,3,5
STU02826,5,4,2,4,5,4,2,2,2,5
STU02827,3,1,1,2,2,2,2,4,2,3
STU02828,4,3,2,2,4,3,2,5,2,5
STU02829,2,1,2,2,2,2,2,2,2,2
STU02830,5,4,2,2,4,1,2,2,3,4
STU02831,1,4,2,2,2,2,2,2,2,3
STU02832,3,2,4,2,2,3,2,3,2,3
STU02833,1,4,1,2,2,2,2,2,2,4
STU02834,2,2,3,2,2,2,1,3,2,5
STU02835,5,4,2,3,4,4,2,2,2,5
STU02836,3,2,1,4,4,3,2,2,1,3
STU02837,5,2,1,5,5,2,1,2,2,3
STU02838,1,2,2,4,4,1,1,2,2,4
STU02839,3,2,3,3,5,2,1,2,2,4
STU02840,3,2,2,3,3,1,2,4,2,5
STU02841,3,2,1,1,3,2,1,2,1,2
STU02842,5,4,2,5,4,2,2,2,1,5
STU02843,4,2,1,4,4,1,2,2,3,3
STU02844,3,2,2,2,1,1,1,2,2,4
STU02845,1,2,2,2,2,4,2,1,2,4
STU02846,5,5,2,2,2,3,2,2,2,4
STU02847,5,4,2,4,3,4,2,1,2,4
STU02848,1,2,1,2,3,2,1,2,2,4
STU02849,4,3,2,5,2,3,1,2,2,3
STU02850,1,2,1,1,4,1,1,3,2,3
STU02851,4,2,2,1,2,3,1,2,2,4
STU02852,5,4,1,2,2,5,2,2,2,5
STU02853,4,2,2,3,4,3,1,2,2,5
STU02854,1,4,2,2,1,2,2,2,2,3
STU02855,4,3,2,2,4,3,2,2,2,5
STU02856,5,4,2,4,5,5,2,2,2,5
STU02857,1,2,2,1,1,2,1,2,2,3
STU02858,5,5,2,4,3,1,1,2,2,5
STU02859,4,5,2,4,2,2,1,2,2,4
STU02860,1,2,2,1,2,4,2,2,3,4
STU02861,2,4,2,2,2,2,2,2,2,2
STU02862,2,3,4,2,3,2,2,2,2,2
STU02863,3,2,2,4,2,4,2,2,2,4
STU02864,3,3,2,3,4,2,1,2,2,5
STU02865,1,2,2,3,4,2,1,2,2,4
STU02866,5,5,1,4,5,2,2,2,2,5
STU02867,2,4,1,2,2,2,2,2,2,2
STU02868,5,3,2,5,2,2,1,2,2,4
STU02869,4,3,2,4,5,4,1,1,1,5
STU02870,4,3,1,4,2,4,1,2,2,5
STU02871,3,4,1,2,3,1,2,2,2,3
STU02872,5,4,2,5,2,4,2,2,2,5
STU02873,3,2,1,2,1,2,1,2,1,3
STU02874,5,4,1,4,5,4,1,2,2,5
STU02875,4,3,2,2,2,5,2,2,2,5
STU02876,1,2,2,4,4,1,1,2,2,3
STU02877,3,2,4,2,3,2,2,1,2,4
STU02878,1,1,2,1,5,1,1,2,2,5
STU02879,3,2,2,2,1,1,2,2,2,4
STU02880,3,2,2,3,3,2,2,4,2,5
STU02881,2,1,2,3,4,1,1,2,2,3
STU02882,3,5,1,2,2,3,2,2,2,5
STU02883,5,4,2,5,4,4,2,2,2,5
STU02884,3,3,1,4,4,1,1,2,2,3
STU02885,4,3,1,2,2,5,2,1,2,4
STU02886,5,4,2,5,4,2,2,2,2,4
STU02887,3,1,2,2,1,1,1,2,2,4
STU02888,5,3,2,2,3,2,2,2,2,4
STU02889,5,4,2,4,2,4,1,2,2,3
STU02890,5,5,2,4,5,5,2,2,2,4
STU02891,2,2,2,2,4,4,2,1,2,5
STU02892,4,5,2,2,2,3,1,1,2,5
STU02893,3,2,2,2,2,4,2,2,3,5
STU02894,1,2,1,2,2,4,2,1,2,4
STU02895,2,2,1,3,4,2,1,2,2,3
STU02896,5,3,2,5,4,4,2,2,2,5
STU02897,1,2,2,2,3,2,2,2,2,4
STU02898,1,4,2,2,3,1,2,2,2,4
STU02899,4,3,2,4,3,5,2,2,2,5
STU02900,3,1,2,2,2,4,2,1,2,4
STU02901,2,2,2,4,4,2,1,2,2,4
STU02902,1,3,2,4,4,2,1,2,2,5
STU02903,2,2,2,4,4,2,1,2,3,5
STU02904,1,2,2,3,2,4,2,2,2,4
STU02905,4,3,4,4,3,4,2,2,2,5
STU02906,3,1,2,3,2,4,2,2,2,5
STU02907,2,2,4,1,3,2,2,3,2,3
STU02908,3,5,2,2,2,2,2,2,2,4
STU02909,2,4,1,3,3,2,2,2,2,4
STU02910,1,2,2,2,3,4,2,1,2,2
STU02911,1,2,1,2,2,2,2,2,3,3
STU02912,5,4,2,5,4,2,1,2,2,5
STU02913,5,4,2,4,4,5,1,2,2,5
STU02914,2,2,3,1,3,2,2,5,3,4
STU02915,1,2,2,1,5,2,1,2,2,4
STU02916,3,2,1,2,3,2,2,2,4,3
STU02917,4,5,2,2,2,2,2,2,2,4
STU02918,1,2,3,4,4,1,2,3,2,4
STU02919,1,2,4,2,1,2,2,2,2,4
STU02920,1,1,2,2,2,1,1,4,2,2
STU02921,4,5,2,2,2,4,2,2,2,4
STU02922,5,5,2,5,5,4,2,2,2,5
STU02923,2,1,3,4,4,2,2,3,2,4
STU02924,2,4,2,2,2,2,2,2,2,2
STU02925,4,3,2,4,4,2,1,2,2,5
STU02926,5,5,2,5,4,4,2,2,2,5
STU02927,4,3,2,2,2,5,2,2,2,4
STU02928,1,2,2,3,4,2,1,2,2,4
STU02929,5,2,2,2,2,3,1,2,2,4
STU02930,3,3,2,3,4,4,1,2,2,5
STU02931,2,2,2,4,4,2,2,2,2,3
STU02932,1,2,1,1,2,1,2,2,4,3
STU02933,4,4,1,4,4,3,2,2,2,5
STU02934,3,4,2,2,2,2,1,1,2,4
STU02935,2,4,2,2,2,2,2,2,1,2
STU02936,2,2,2,2,2,4,2,2,2,3
STU02937,4,1,2,1,4,2,1,2,2,5
STU02938,1,5,2,2,2,1,1,2,1,3
STU02939,1,2,1,1,4,4,2,2,2,4
STU02940,1,2,3,2,5,4,1,4,1,4
STU02941,1,2,1,2,2,2,1,2,4,4
STU02942,3,2,1,3,3,2,2,2,1,3
STU02943,1,4,1,2,2,2,2,3,2,3
STU02944,1,1,2,1,4,2,2,2,1,4
STU02945,4,5,2,2,2,4,2,1,1,4
STU02946,4,2,2,2,1,2,1,2,3,5
STU02947,3,2,2,4,4,3,2,2,3,4
STU02948,5,4,2,5,1,4,2,2,2,5
STU02949,2,4,3,2,3,2,2,2,2,5
STU02950,5,2,2,3,5,3,1,2,2,4
STU02951,4,3,1,2,1,4,2,2,1,5
STU02952,1,4,2,2,3,2,2,2,2,4
STU02953,2,3,2,2,2,3,2,2,2,5
STU02954,5,2,1,5,4,4,2,2,1,5
STU02955,4,5,2,2,4,3,2,2,2,5
STU02956,2,4,1,2,3,1,2,2,2,3
STU02957,1,2,3,4,4,2,1,3,2,3
STU02958,5,4,3,5,4,1,2,3,2,4
STU02959,4,4,2,4,3,2,2,2,2,5
STU02960,5,5,2,2,4,4,2,2,2,5
STU02961,5,1,1,5,5,3,2,2,2,4
STU02962,1,2,2,2,4,1,1,2,2,3
STU02963,5,4,4,2,4,2,2,2,2,4
STU02964,5,5,1,2,2,4,2,2,2,4
STU02965,4,3,2,2,2,2,1,2,1,5
STU02966,2,3,2,2,2,1,1,2,2,3
STU02967,4,4,2,4,4,2,1,2,1,4
STU02968,4,3,2,5,4,4,2,2,2,4
STU02969,2,2,2,2,3,2,2,2,2,4
STU02970,3,4,1,1,2,4,1,2,2,2
STU02971,4,3,1,2,2,5,2,2,2,3
STU02972,1,5,3,2,3,2,2,3,2,3
STU02973,1,1,2,2,2,4,2,3,2,4
STU02974,1,3,2,1,1,2,1,4,2,4
STU02975,5,4,2,5,4,5,2,2,2,5
STU02976,2,1,2,2,3,2,1,4,2,5
STU02977,3,5,2,2,2,3,2,2,2,4
STU02978,3,2,2,2,2,5,2,2,2,5
STU02979,3,2,2,2,3,2,2,3,4,4
STU02980,1,2,2,2,5,1,2,2,1,4
STU02981,2,2,1,1,3,2,1,2,2,4
STU02982,2,2,2,2,2,1,1,3,2,4
STU02983,2,4,2,2,3,2,2,3,1,3
STU02984,5,1,2,4,4,4,2,2,2,4
STU02985,5,5,2,4,4,1,2,2,2,4
STU02986,3,2,2,2,2,3,1,2,2,4
STU02987,2,2,2,3,4,2,1,1,2,4
STU02988,2,1,3,1,3,2,1,4,1,5
STU02989,2,2,4,3,2,1,2,2,2,3
STU02990,4,2,3,2,2,4,2,3,1,4
STU02991,3,3,4,2,2,3,2,2,2,4
STU02992,1,2,4,2,4,2,1,3,2,4
STU02993,4,3,2,4,2,3,1,2,2,4
STU02994,3,5,2,2,2,2,1,2,2,5
STU02995,4,5,2,3,4,4,1,2,2,4
STU02996,3,2,2,2,2,4,2,2,2,4
STU02997,1,4,3,2,4,2,1,2,2,4
STU02998,3,2,2,2,2,1,1,1,1,4
STU02999,3,3,2,2,2,3,2,4,2,3
STU03000,1,1,2,2,2,4,2,1,2,4
STU03001,1,2,2,2,2,1,1,2,2,3
STU03002,2,1,2,2,4,2,2,1,2,5
STU03003,2,2,2,4,4,2,2,2,2,5
STU03004,5,4,2,1,4,2,2,4,2,5
STU03005,1,2,2,2,2,4,2,2,2,4
STU03006,5,3,2,5,5,3,1,2,2,3
STU03007,5,5,2,4,2,4,1,2,2,4
STU03008,5,5,2,4,4,4,2,2,2,5
STU03009,1,2,2,3,4,2,2,2,2,3
STU03010,2,4,2,2,1,2,2,2,2,2
STU03011,2,2,4,2,4,2,2,2,3,5
STU03012,3,4,1,1,3,3,2,1,2,4
STU03013,2,4,2,1,2,2,2,1,1,4
STU03014,4,3,2,5,4,4,1,2,2,5
STU03015,1,2,2,2,2,4,2,2,1,3
STU03016,4,2,1,1,2,2,1,2,2,4
STU03017,5,2,2,2,2,5,2,2,2,4
STU03018,2,2,2,4,4,2,1,2,2,3
STU03019,5,4,1,4,3,2,2,2,1,4
STU03020,3,4,2,2,2,2,2,2,2,3
STU03021,4,4,2,2,2,3,2,2,2,5
STU03022,4,3,4,2,2,4,2,2,2,4
STU03023,2,4,3,2,2,2,2,2,1,3
STU03024,4,3,2,2,2,2,1,2,1,3
STU03025,1,1,2,3,4,1,1,3,2,3
STU03026,3,5,2,2,2,3,2,2,2,3
STU03027,5,5,2,4,2,5,2,2,2,5
STU03028,1,2,2,3,4,2,2,3,2,4
STU03029,4,2,3,2,1,4,2,4,2,5
STU03030,4,3,2,3,5,2,1,2,2,4
STU03031,1,2,2,2,1,1,1,3,2,4
STU03032,5,1,3,2,4,2,2,4,4,5
STU03033,3,4,2,2,2,3,1,2,2,3
STU03034,3,5,2,3,4,2,2,2,2,2
STU03035,2,2,2,1,2,1,2,2,4,3
STU03036,3,2,1,1,3,2,2,2,4,4
STU03037,4,4,2,2,2,3,1,2,2,4
STU03038,1,2,2,2,1,4,2,3,1,2
STU03039,5,5,2,1,2,4,2,2,2,4
STU03040,4,4,2,4,4,2,2,2,2,4
STU03041,3,2,2,2,2,4,2,2,2,3
STU03042,2,1,1,2,3,2,2,2,2,4
STU03043,5,4,2,2,4,2,2,2,2,5
STU03044,2,1,2,1,2,2,1,2,2,4
STU03045,1,1,4,1,2,1,2,2,2,3
STU03046,3,2,4,2,3,3,2,2,2,4
STU03047,3,1,1,2,1,3,2,2,4,5
STU03048,2,2,2,2,2,2,1,2,3,4
STU03049,4,4,2,2,2,3,1,2,2,5
STU03050,4,3,2,5,5,1,1,2,2,5
STU03051,5,3,2,2,4,5,2,2,2,5
STU03052,1,2,2,2,5,1,1,1,3,5
STU03053,2,4,2,2,2,2,2,2,3,3
STU03054,1,2,2,4,4,2,2,2,3,4
STU03055,3,4,2,2,2,3,1,2,2,5
STU03056,4,3,2,4,3,4,2,2,2,5
STU03057,3,4,1,4,4,3,2,2,2,3
STU03058,2,4,2,1,2,1,2,3,2,4
STU03059,5,4,1,5,4,3,1,2,2,4
STU03060,5,5,1,2,2,4,1,2,2,5
STU03061,1,3,2,2,1,2,1,3,4,4
STU03062,1,1,1,4,4,1,1,2,2,3
STU03063,3,4,1,2,3,2,2,2,2,5
STU03064,4,4,2,1,2,4,1,2,2,4
STU03065,5,5,2,4,4,2,1,2,2,5
STU03066,1,4,1,1,1,2,2,2,1,4
STU03067,1,2,2,3,4,2,1,2,2,3
STU03068,5,4,2,2,2,4,1,2,2,5
STU03069,4,3,2,2,2,5,2,2,2,4
STU03070,2,1,2,1,1,1,2,4,1,3
STU03071,2,4,2,2,2,2,2,2,2,4
STU03072,2,2,1,2,1,4,2,2,2,4
STU03073,1,1,1,2,3,2,2,2,2,4
STU03074,4,3,2,2,4,4,1,1,2,4
STU03075,1,1,1,2,2,4,2,1,2,3
STU03076,3,2,2,1,2,5,2,2,3,4
STU03077,3,2,2,2,2,4,2,1,2,4
STU03078,4,3,2,1,2,5,2,2,2,5
STU03079,4,5,2,2,3,4,2,2,2,5
STU03080,2,1,1,1,2,4,2,2,2,4
STU03081,2,2,2,1,1,2,1,3,1,3
STU03082,4,5,1,2,4,2,2,2,2,3
STU03083,5,4,2,4,4,3,2,2,1,5
STU03084,5,3,2,4,4,4,2,2,2,4
STU03085,3,2,2,4,4,2,2,2,2,5
STU03086,2,1,2,2,3,2,2,2,2,4
STU03087,2,4,1,1,2,2,2,2,2,2
STU03088,5,5,2,3,4,2,2,1,2,5
STU03089,4,2,2,1,5,2,1,2,2,4
STU03090,2,1,1,4,4,2,2,2,1,2
STU03091,3,3,2,3,2,1,2,2,4,5
STU03092,3,4,2,3,2,2,2,2,2,4
STU03093,1,2,1,2,2,1,1,1,1,4
STU03094,1,2,1,2,3,1,1,4,2,2
STU03095,1,4,2,3,2,2,2,1,2,4
STU03096,2,1,1,1,2,2,1,2,2,4
STU03097,2,2,2,2,1,2,1,2,1,2
STU03098,4,4,2,4,2,3,2,2,1,5
STU03099,5,4,2,2,2,4,1,2,2,5
STU03100,4,2,1,2,4,4,2,1,2,4
STU03101,1,4,2,2,2,2,2,1,2,2
STU03102,1,2,4,2,2,2,2,2,2,2
STU03103,5,3,2,5,4,4,1,2,2,3
STU03104,1,1,1,4,4,1,1,2,2,3
STU03105,2,2,1,3,3,1,2,1,4,3
STU03106,3,3,2,1,2,5,2,2,2,2
STU03107,2,2,1,1,2,2,2,2,4,3
STU03108,4,5,2,2,3,3,2,2,2,5
STU03109,1,2,2,4,4,2,1,1,2,3
STU03110,3,2,2,2,2,3,1,2,1,3
STU03111,1,2,1,2,4,1,1,2,3,3
STU03112,1,2,4,2,2,2,2,2,2,4
STU03113,4,5,2,3,2,3,1,2,2,5
STU03114,5,2,4,1,4,4,2,4,2,5
STU03115,2,2,2,2,3,2,2,2,2,4
STU03116,4,2,2,2,3,5,2,2,2,5
STU03117,5,5,2,2,3,3,2,2,2,5
STU03118,5,4,4,5,4,5,2,2,2,5
STU03119,2,4,2,3,2,2,2,2,2,4
STU03120,2,4,2,4,2,2,1,2,2,5
STU03121,3,2,2,3,3,4,2,2,1,5
STU03122,3,2,1,2,3,2,1,1,2,4
STU03123,2,2,2,3,4,2,1,2,2,4
STU03124,2,1,1,3,4,1,1,1,2,4
STU03125,3,2,1,2,2,2,1,4,2,3
STU03126,1,2,3,3,4,2,2,3,1,4
STU03127,2,2,2,1,4,2,2,3,3,3
STU03128,2,2,1,3,4,2,1,2,2,3
STU03129,3,3,2,5,4,3,2,2,1,3
STU03130,4,5,2,2,1,4,2,1,2,5
STU03131,4,3,4,3,4,2,2,2,1,4
STU03132,4,4,2,3,3,3,2,1,2,3
STU03133,3,4,2,1,3,2,2,2,2,4
STU03134,5,4,2,5,5,4,1,2,2,5
STU03135,1,2,2,2,2,2,1,2,2,4
STU03136,5,5,2,2,4,4,1,2,2,5
STU03137,4,3,2,2,2,2,1,2,2,5
STU03138,2,4,2,1,2,2,2,2,2,4
STU03139,4,2,2,5,4,2,1,2,2,4
STU03140,3,3,2,1,2,3,1,2,2,4
STU03141,2,2,2,5,4,2,1,2,2,4
STU03142,1,2,2,1,4,1,1,3,2,3
STU03143,3,2,2,3,4,3,1,2,2,4
STU03144,2,4,2,2,2,2,2,1,1,4
STU03145,3,2,3,2,2,4,2,3,2,4
STU03146,1,2,1,2,2,1,2,4,2,3
STU03147,1,4,2,2,3,2,2,1,1,4
STU03148,4,3,2,5,4,3,2,2,2,5
STU03149,4,5,2,2,1,4,1,1,2,5
STU03150,2,4,2,2,3,2,2,2,2,4
STU03151,1,4,1,2,2,1,2,2,2,3
STU03152,3,3,1,3,5,3,1,2,1,2
STU03153,5,2,2,4,5,4,1,2,2,5
STU03154,1,2,1,2,2,4,2,2,2,3
STU03155,1,2,2,2,2,2,2,2,2,4
STU03156,2,2,2,1,2,2,2,4,1,3
STU03157,3,2,2,1,3,4,2,2,2,4
STU03158,4,2,2,3,2,5,2,2,2,4
STU03159,4,2,1,4,3,3,2,2,4,5
STU03160,2,2,3,2,4,4,2,4,1,5
STU03161,1,4,2,1,2,2,2,2,3,4
STU03162,4,4,2,2,1,2,2,2,2,5
STU03163,4,4,2,4,2,2,1,2,2,4
STU03164,4,2,3,1,4,1,2,3,2,5
STU03165,1,2,2,3,4,1,1,2,2,1
STU03166,2,4,2,2,2,2,2,2,1,4
STU03167,4,5,2,2,2,4,2,2,2,5
STU03168,4,5,2,2,2,3,2,2,2,4
STU03169,3,4,2,4,4,2,1,1,1,4
STU03170,4,3,2,2,1,2,1,2,2,5
STU03171,3,3,4,4,4,2,2,2,2,5
STU03172,3,3,2,2,3,4,2,2,2,5
STU03173,4,4,1,3,4,3,1,2,2,5
STU03174,2,4,2,2,3,2,2,2,1,4
STU03175,4,3,2,5,4,2,2,2,2,4
STU03176,1,3,2,2,1,2,1,4,2,4
STU03177,2,1,2,4,4,2,1,2,1,2
STU03178,4,2,2,2,3,2,1,2,2,3
STU03179,3,1,2,2,2,3,1,2,2,4
STU03180,3,2,2,2,3,2,2,2,3,3
STU03181,2,2,2,2,2,4,2,1,1,4
STU03182,4,2,2,2,2,2,1,2,2,3
STU03183,1,1,2,2,4,1,1,2,2,2
STU03184,1,4,2,2,2,2,2,2,2,4
STU03185,2,2,2,3,2,2,2,4,2,5
STU03186,1,2,1,2,2,4,2,2,1,2
STU03187,1,1,2,3,2,4,2,1,2,4
STU03188,1,2,2,1,4,1,1,3,2,3
STU03189,4,5,2,2,4,4,2,2,2,4
STU03190,4,3,4,2,1,3,2,2,2,5
STU03191,5,5,1,5,1,4,2,2,2,4
STU03192,4,5,2,3,4,3,2,2,2,3
STU03193,1,2,2,1,2,4,2,2,3,4
STU03194,4,3,2,3,3,5,2,2,2,5
STU03195,2,2,1,1,2,4,2,2,2,5
STU03196,1,2,2,2,2,1,1,2,2,4
STU03197,4,2,2,2,2,3,1,2,2,5
STU03198,2,1,1,1,3,2,1,1,2,3
STU03199,3,1,2,2,3,1,2,4,1,3
STU03200,1,2,2,4,4,1,1,2,2,4
STU03201,2,1,1,2,2,4,2,2,1,2
STU03202,4,2,3,2,4,2,1,4,4,5
STU03203,1,2,1,1,3,4,2,2,2,4
STU03204,4,3,2,4,5,3,1,2,2,5
STU03205,4,4,1,3,3,4,2,2,2,5
STU03206,1,3,2,3,4,4,2,2,2,5
STU03207,4,5,2,2,2,3,1,2,2,5
STU03208,1,4,2,2,3,2,2,2,2,5
STU03209,4,4,2,1,2,1,1,2,2,5
STU03210,4,5,2,2,2,4,2,2,2,3
STU03211,3,1,1,3,2,4,2,2,2,4
STU03212,4,2,3,2,5,1,2,2,3,4
STU03213,3,5,2,3,3,4,2,2,2,4
STU03214,2,2,3,3,2,2,1,4,2,5
STU03215,1,1,2,2,2,1,1,4,3,3
STU03216,1,2,2,2,2,4,2,1,2,2
STU03217,4,1,2,4,3,4,2,2,2,4
STU03218,2,1,2,4,4,2,2,2,1,4
STU03219,3,3,2,2,3,2,2,4,2,5
STU03220,1,1,2,3,2,4,2,2,2,4
STU03221,4,5,2,3,4,4,2,2,2,4
STU03222,2,4,2,2,2,2,2,2,1,4
STU03223,1,1,2,3,4,2,1,2,1,3
STU03224,5,2,4,4,5,4,2,2,2,5
STU03225,3,4,1,2,2,4,2,2,2,2
STU03226,1,4,1,2,2,2,2,2,2,1
STU03227,1,1,2,3,4,2,1,2,3,4
STU03228,5,4,2,5,5,4,1,2,2,4
STU03229,5,4,2,1,2,4,1,2,2,5
STU03230,1,2,2,2,4,2,1,2,4,5
STU03231,3,2,2,2,3,4,2,3,1,3
STU03232,5,4,2,4,4,5,2,2,2,5
STU03233,1,1,2,3,5,2,2,2,2,4
STU03234,5,4,2,5,5,4,2,2,2,5
STU03235,1,2,3,2,1,4,2,3,2,5
STU03236,1,1,2,2,2,1,2,2,2,4
STU03237,1,4,2,2,3,2,2,3,2,4
STU03238,3,3,1,1,2,3,1,2,2,4
STU03239,4,4,2,1,4,2,2,2,2,4
STU03240,3,2,2,2,2,3,1,2,2,2
STU03241,1,4,1,2,3,2,2,2,1,2
STU03242,3,2,1,2,3,4,2,2,2,4
STU03243,4,4,2,4,1,3,1,2,2,5
STU03244,3,2,2,4,4,2,2,2,2,5
STU03245,1,2,2,2,2,2,2,4,2,4
STU03246,1,1,3,4,5,2,1,2,2,5
STU03247,5,5,2,5,4,2,1,2,2,5
STU03248,4,3,1,3,4,3,1,2,2,3
STU03249,1,2,1,1,2,2,1,2,1,3
STU03250,3,4,1,3,3,2,2,2,2,3
STU03251,1,2,2,2,5,2,1,2,1,4
STU03252,1,2,2,2,2,4,2,3,2,5
STU03253,1,2,2,2,3,2,1,2,2,4
STU03254,4,4,1,2,2,4,2,2,2,4
STU03255,3,4,2,2,3,2,2,2,2,4
STU03256,1,1,2,2,2,1,2,1,4,4
STU03257,3,3,2,4,4,4,2,2,2,5
STU03258,4,3,1,2,3,4,2,2,2,5
STU03259,4,3,2,2,4,4,2,2,2,5
STU03260,4,4,2,2,1,5,2,2,2,5
STU03261,4,5,2,2,2,2,2,2,2,5
STU03262,3,2,2,2,2,2,1,1,1,4
STU03263,1,2,2,2,2,2,2,2,4,5
STU03264,1,2,4,2,2,1,2,2,3,4
STU03265,5,4,2,3,4,2,2,4,2,5
STU03266,4,5,1,4,2,2,2,2,2,4
STU03267,1,2,2,4,4,1,1,3,2,4
STU03268,4,4,2,2,3,3,1,1,2,5
STU03269,5,4,2,5,4,3,2,2,2,5
STU03270,4,5,2,2,2,4,1,2,2,5
STU03271,1,3,1,4,4,2,2,2,2,3
STU03272,4,2,3,3,4,1,2,3,3,4
STU03273,4,5,2,4,4,1,1,2,2,5
STU03274,4,3,2,3,2,5,2,2,2,4
STU03275,5,3,4,4,4,4,2,2,2,4
STU03276,1,1,2,3,2,4,2,2,2,4
STU03277,1,4,2,2,2,2,2,1,3,4
STU03278,2,4,2,2,3,1,2,1,2,4
STU03279,4,3,2,4,4,2,1,2,2,5
STU03280,4,5,2,2,1,2,2,2,2,5
STU03281,2,4,1,2,2,2,2,2,2,4
STU03282,1,2,4,2,2,2,2,2,2,3
STU03283,1,1,2,2,2,2,1,2,2,4
STU03284,5,2,2,4,4,4,2,2,2,5
STU03285,1,4,2,2,2,2,2,2,2,3
STU03286,2,2,2,2,2,2,2,2,4,4
STU03287,5,5,2,4,1,2,2,2,1,3
STU03288,1,2,1,2,2,4,2,2,2,3
STU03289,2,4,3,1,5,2,2,3,3,4
STU03290,5,4,2,4,4,4,2,2,2,5
STU03291,4,4,2,2,3,4,2,1,1,5
STU03292,4,3,1,4,4,4,2,2,2,5
STU03293,4,5,1,2,2,3,1,2,2,4
STU03294,1,2,2,2,2,4,2,3,2,3
STU03295,3,3,2,2,2,4,2,2,2,3
STU03296,4,3,2,4,4,5,2,2,2,5
STU03297,4,2,2,3,2,3,2,2,4,5
STU03298,2,2,2,2,3,4,2,2,2,5
STU03299,2,4,2,2,2,2,2,2,3,2
STU03300,1,3,2,2,2,4,2,2,1,3
STU03301,2,2,1,2,2,2,2,2,4,4
STU03302,4,4,2,4,2,4,2,2,2,5
STU03303,1,2,2,1,3,4,2,3,2,2
STU03304,1,2,2,1,3,4,2,2,2,4
STU03305,2,4,2,1,3,2,2,2,2,5
STU03306,3,2,2,2,1,2,1,2,1,3
STU03307,1,2,1,2,4,1,1,2,2,2
STU03308,2,2,1,2,2,2,2,2,4,1
STU03309,4,3,4,2,2,4,2,2,2,4
STU03310,5,2,2,5,4,3,2,2,2,3
STU03311,3,3,2,5,4,1,2,2,2,3
STU03312,4,2,3,2,5,2,2,2,3,3
STU03313,1,1,2,2,2,2,1,2,2,3
STU03314,5,4,2,3,4,5,2,2,2,4
STU03315,2,3,2,2,2,4,2,1,2,4
STU03316,4,3,1,5,5,2,1,2,2,4
STU03317,3,2,2,4,4,1,1,2,2,2
STU03318,2,1,2,2,1,4,2,1,3,5
STU03319,4,5,2,2,2,4,1,2,2,5
STU03320,2,4,3,3,3,2,2,4,2,4
STU03321,4,2,2,2,1,5,2,1,2,5
STU03322,1,2,2,3,3,2,2,2,2,4
STU03323,1,1,2,2,2,2,1,2,2,5
STU03324,5,4,2,2,2,3,1,2,2,5
STU03325,5,5,2,2,2,4,2,1,2,4
STU03326,3,5,2,2,2,3,1,2,1,4
STU03327,4,4,1,4,4,3,2,2,1,5
STU03328,2,1,3,2,3,2,2,2,1,3
STU03329,2,2,2,2,2,2,1,2,2,3
STU03330,3,3,1,4,5,2,1,2,2,3
STU03331,4,5,2,2,4,2,1,2,2,4
STU03332,1,4,2,3,2,1,2,2,2,2
STU03333,1,2,2,4,4,2,1,2,1,4
STU03334,5,3,2,4,4,2,2,2,2,5
STU03335,2,2,2,2,3,2,2,2,4,3
STU03336,2,4,2,2,3,1,2,1,2,3
STU03337,3,2,2,2,3,1,2,3,4,4
STU03338,5,5,2,2,5,4,2,2,2,5
STU03339,5,5,1,2,2,2,2,2,2,5
STU03340,4,5,2,4,5,2,2,1,2,5
STU03341,1,2,1,2,3,2,2,2,3,2
STU03342,4,4,2,2,2,4,2,1,2,4
STU03343,1,4,2,2,2,2,2,2,2,5
STU03344,1,5,2,2,2,2,1,2,1,5
STU03345,2,1,2,2,2,2,2,4,2,4
STU03346,4,1,2,2,3,3,1,1,2,4
STU03347,4,3,2,5,4,1,1,2,2,5
STU03348,1,5,2,1,2,4,1,2,2,5
STU03349,1,3,2,2,2,4,2,2,2,5
STU03350,3,2,2,2,3,2,1,2,1,4
STU03351,1,1,2,2,4,2,1,2,2,4
STU03352,1,2,2,2,2,2,1,2,2,2
STU03353,4,5,2,2,2,2,1,2,1,5
STU03354,1,4,1,2,2,2,2,2,2,4
STU03355,3,4,2,2,2,2,2,2,2,4
STU03356,5,5,2,4,4,4,2,2,2,4
STU03357,4,4,2,1,4,4,2,1,2,5
STU03358,1,2,2,2,3,1,2,2,4,2
STU03359,2,3,2,3,4,2,1,2,2,4
STU03360,1,2,2,4,4,2,2,2,1,2
STU03361,1,1,2,2,5,2,1,2,2,2
STU03362,3,3,2,4,4,2,2,2,2,4
STU03363,1,2,1,2,3,2,1,2,1,4
STU03364,3,1,2,4,4,2,1,2,2,5
STU03365,4,5,2,2,2,2,2,2,2,4
STU03366,1,3,2,2,5,1,1,2,2,4
STU03367,5,4,2,2,2,4,2,2,2,5
STU03368,1,1,2,3,4,2,1,2,2,4
STU03369,3,4,2,2,2,3,2,2,2,2
STU03370,2,2,2,3,4,4,2,2,2,4
STU03371,1,2,4,3,2,2,2,2,3,3
STU03372,1,1,2,2,2,2,1,2,2,4
STU03373,4,4,2,2,4,1,2,4,2,5
STU03374,5,5,2,5,5,2,2,2,1,5
STU03375,4,3,2,1,2,3,1,2,2,5
STU03376,1,3,1,2,1,2,2,1,4,3
STU03377,5,4,2,2,4,4,1,2,2,5
STU03378,2,2,2,2,3,4,2,2,2,2
STU03379,5,4,2,1,2,2,1,3,2,4
STU03380,1,2,2,3,4,1,1,2,3,4
STU03381,4,3,1,1,4,4,2,4,2,4
STU03382,2,2,2,3,4,2,2,2,3,5
STU03383,1,2,1,4,4,2,2,2,2,4
STU03384,1,2,2,2,2,2,1,2,2,5
STU03385,2,4,2,2,2,1,2,2,2,3
STU03386,4,4,1,2,1,4,2,4,2,5
STU03387,5,4,2,3,5,4,2,2,2,3
STU03388,1,5,1,2,2,2,2,2,1,5
STU03389,4,2,2,5,4,4,2,2,2,4
STU03390,1,2,1,1,3,1,2,4,3,4
STU03391,1,1,2,4,4,2,2,2,2,2
STU03392,1,2,1,2,4,2,2,2,1,3
STU03393,1,2,2,2,3,2,2,2,4,4
STU03394,4,2,4,2,2,3,1,4,2,5
STU03395,2,4,2,1,2,2,2,3,2,3
STU03396,1,1,2,1,3,2,2,2,2,5
STU03397,4,4,2,2,2,5,2,2,2,5
STU03398,2,1,3,2,3,2,2,3,4,4
STU03399,4,5,1,2,2,2,2,2,2,3
STU03400,3,1,2,2,1,4,2,1,3,4
STU03401,4,2,2,2,2,3,1,1,2,5
STU03402,3,5,2,2,2,3,2,2,2,3
STU03403,4,3,2,1,2,3,1,2,2,5
STU03404,2,4,2,2,1,1,2,2,2,3
STU03405,1,2,1,2,5,2,1,2,2,3
STU03406,1,2,2,4,4,2,1,2,2,5
STU03407,3,2,2,1,4,2,1,2,2,3
STU03408,4,4,2,2,2,2,2,2,2,5
STU03409,4,4,1,2,4,3,2,2,2,4
STU03410,1,2,2,4,4,1,1,1,2,5
STU03411,2,2,2,2,2,2,2,2,4,4
STU03412,5,4,2,4,3,5,2,2,2,4
STU03413,4,2,1,3,5,2,1,2,2,5
STU03414,3,2,3,3,3,1,2,3,2,5
STU03415,1,4,2,1,3,2,2,3,2,4
STU03416,3,2,2,2,1,3,1,2,2,4
STU03417,1,2,2,1,3,1,1,2,2,4
STU03418,5,4,2,4,1,3,2,1,2,5
STU03419,3,3,2,2,2,3,1,2,2,2
STU03420,1,4,2,3,3,1,2,2,2,4
STU03421,2,2,2,2,3,2,1,2,1,3
STU03422,3,1,2,2,3,2,2,2,2,5
STU03423,4,3,2,3,3,5,2,2,2,3
STU03424,1,2,2,3,4,2,1,2,3,4
STU03425,2,4,2,2,3,2,2,2,2,5
STU03426,4,2,2,2,3,1,1,2,2,4
STU03427,2,3,2,4,4,2,2,2,2,4
STU03428,5,4,2,5,4,4,1,2,2,5
STU03429,4,3,2,4,4,3,1,2,2,3
STU03430,2,1,1,2,3,2,2,1,4,4
STU03431,2,2,2,2,2,1,2,2,4,4
STU03432,5,4,2,5,5,4,2,2,2,5
STU03433,5,4,2,2,1,4,1,2,2,4
STU03434,1,1,2,2,4,4,2,2,2,5
STU03435,2,4,2,1,2,1,2,2,1,3
STU03436,5,4,2,2,2,5,2,2,2,5
STU03437,2,4,2,2,3,2,2,1,2,3
STU03438,5,3,1,4,3,2,1,2,2,4
STU03439,4,4,2,4,2,4,2,2,2,3
STU03440,2,2,2,2,4,2,2,2,2,3
STU03441,1,2,2,3,4,2,2,2,1,4
STU03442,3,5,2,1,4,3,1,2,2,3
STU03443,3,3,1,2,3,4,2,2,2,4
STU03444,4,4,3,1,4,2,2,4,3,5
STU03445,2,4,2,1,2,2,2,2,1,4
STU03446,1,2,1,2,2,2,2,2,3,4
STU03447,1,2,2,2,3,1,1,2,2,3
STU03448,4,4,2,2,1,4,2,1,2,4
STU03449,3,4,2,2,3,2,2,2,3,5
STU03450,1,2,2,1,4,2,2,1,2,4
STU03451,1,4,2,2,1,1,2,2,1,3
STU03452,4,5,2,5,2,3,2,2,2,5
STU03453,5,3,2,3,5,4,2,2,2,5
STU03454,5,5,1,4,5,1,2,2,2,4
STU03455,5,4,2,5,5,5,1,2,2,5
STU03456,3,2,2,2,5,1,1,2,2,4
STU03457,5,3,2,3,4,3,1,2,1,5
STU03458,5,3,2,4,4,4,2,2,2,5
STU03459,4,4,2,5,4,4,1,2,2,5
STU03460,4,2,2,2,4,2,2,2,3,5
STU03461,1,2,2,1,2,1,2,4,2,3
STU03462,2,2,1,3,4,2,2,2,2,4
STU03463,1,4,2,2,3,2,2,3,2,3
STU03464,4,3,2,3,2,3,2,4,2,5
STU03465,3,3,2,2,2,5,2,2,1,3
STU03466,5,3,2,4,4,3,1,2,2,4
STU03467,1,2,2,2,2,2,1,4,3,5
STU03468,4,5,2,3,2,2,2,2,2,4
STU03469,4,4,2,1,3,3,1,2,2,5
STU03470,1,2,1,2,3,1,1,1,3,2
STU03471,2,1,2,5,4,2,1,2,2,3
STU03472,2,4,1,1,1,1,2,2,1,3
STU03473,4,4,2,2,3,4,2,2,2,5
STU03474,1,2,2,4,4,1,2,1,2,4
STU03475,2,4,2,2,2,3,1,2,2,4
STU03476,2,2,1,3,3,4,2,2,2,3
STU03477,1,2,1,3,4,1,1,2,2,3
STU03478,5,4,1,2,2,5,2,2,2,5
STU03479,2,1,1,2,3,4,2,1,2,4
STU03480,3,2,2,2,2,5,2,2,2,3
STU03481,1,4,2,1,2,2,2,2,2,4
STU03482,4,4,1,2,2,2,1,2,2,5
STU03483,1,2,2,1,5,1,1,2,2,4
STU03484,1,1,2,2,5,2,2,2,2,4
STU03485,5,4,2,4,4,1,1,4,2,5
STU03486,4,5,2,2,2,3,1,2,2,4
STU03487,1,2,2,3,3,2,1,2,1,5
STU03488,1,2,2,2,1,1,2,2,4,3
STU03489,2,2,2,4,4,2,1,2,2,4
STU03490,4,2,1,3,4,4,1,1,2,3
STU03491,1,2,2,2,3,2,1,2,2,3
STU03492,4,3,2,3,4,3,2,2,2,5
STU03493,5,5,1,2,4,2,2,2,2,5
STU03494,4,3,2,4,4,4,2,2,2,5
STU03495,4,3,2,3,2,4,2,2,2,3
STU03496,2,2,2,2,3,1,2,2,4,4
STU03497,4,3,4,2,4,3,2,2,2,5
STU03498,3,2,1,3,3,4,2,2,1,4
STU03499,1,4,2,2,3,2,2,2,2,3
STU03500,3,1,2,3,2,4,2,2,2,4
STU03501,3,3,2,4,5,3,2,2,2,4
STU03502,5,4,2,5,5,4,1,2,2,3
STU03503,4,4,2,4,2,3,1,2,2,5
STU03504,3,2,2,2,4,3,2,2,1,5
STU03505,2,4,2,2,2,1,2,1,2,3
STU03506,3,2,3,2,4,2,1,3,2,5
STU03507,2,2,4,2,2,2,2,2,2,3
STU03508,1,2,2,4,4,1,1,2,1,5
STU03509,5,3,2,2,2,4,1,2,2,5
STU03510,1,2,1,1,3,1,1,2,3,3
STU03511,4,2,2,3,5,2,1,3,2,4
STU03512,5,5,2,5,5,4,2,1,2,5
STU03513,4,3,2,2,2,4,1,2,1,5
STU03514,5,4,1,2,2,5,2,2,2,5
STU03515,1,1,2,1,4,2,2,2,2,3
STU03516,2,2,2,2,2,2,1,4,2,4
STU03517,4,2,4,2,2,3,2,3,2,2
STU03518,4,4,1,4,2,5,2,2,2,5
STU03519,3,4,2,2,3,2,2,2,2,4
STU03520,1,2,2,1,1,4,2,2,1,3
STU03521,5,2,2,2,5,2,1,2,3,3
STU03522,2,1,1,2,2,4,2,2,3,2
STU03523,2,4,1,2,2,2,2,1,3,2
STU03524,5,4,2,4,4,5,2,2,2,4
STU03525,5,5,1,2,2,4,2,1,2,5
STU03526,2,2,3,3,2,4,2,3,1,4
STU03527,4,5,2,1,2,2,2,2,2,4
STU03528,5,3,2,4,5,5,2,2,2,5
STU03529,2,2,2,1,3,2,1,2,2,3
STU03530,4,3,1,2,1,5,2,2,2,5
STU03531,1,2,2,2,3,2,2,2,4,4
STU03532,3,4,2,3,2,1,2,2,2,3
STU03533,1,2,2,4,4,1,1,1,2,4
STU03534,1,2,2,2,3,4,2,2,2,3
STU03535,1,2,1,1,2,4,2,2,2,2
STU03536,4,4,1,4,4,2,2,2,2,4
STU03537,1,2,2,3,2,2,1,1,2,4
STU03538,4,3,1,2,2,5,2,2,2,5
STU03539,1,2,2,2,4,2,1,2,2,3
STU03540,1,2,2,2,4,1,2,2,1,4
STU03541,4,5,2,2,4,4,2,2,2,5
STU03542,1,1,2,2,3,2,2,2,2,4
STU03543,5,2,3,1,5,2,1,3,3,4
STU03544,4,4,2,1,2,4,1,2,2,3
STU03545,5,4,2,5,5,5,1,2,1,5
STU03546,5,4,2,2,2,4,2,2,2,5
STU03547,4,3,2,2,2,3,2,1,2,4
STU03548,2,2,2,1,3,2,1,1,3,4
STU03549,2,2,1,2,2,2,1,2,2,4
STU03550,1,2,2,2,2,1,2,4,2,5
STU03551,1,1,2,2,2,5,2,2,1,4
STU03552,5,2,1,5,4,3,1,2,2,4
STU03553,1,1,3,2,2,2,1,4,1,5
STU03554,5,5,2,2,3,2,1,2,2,3
STU03555,4,3,2,2,4,5,2,2,1,4
STU03556,1,2,1,4,5,1,1,1,3,3
STU03557,3,2,2,2,2,4,2,1,2,3
STU03558,3,2,1,3,2,4,2,1,2,4
STU03559,3,3,1,2,2,4,2,2,2,4
STU03560,4,5,2,2,1,3,1,2,2,4
STU03561,2,5,2,5,5,5,2,2,1,5
STU03562,3,3,1,2,2,1,2,2,4,3
STU03563,4,3,2,4,2,3,1,2,2,5
STU03564,2,1,1,3,3,1,2,2,4,4
STU03565,1,2,3,2,2,2,1,2,3,4
STU03566,1,4,1,2,2,2,2,2,3,2
STU03567,5,5,2,5,5,4,2,2,2,4
STU03568,5,4,2,5,5,2,2,2,2,3
STU03569,4,3,4,4,3,3,2,2,2,4
STU03570,3,2,2,1,2,4,2,2,2,5
STU03571,5,4,2,5,2,2,2,1,2,5
STU03572,2,2,3,3,5,1,1,3,3,5
STU03573,1,2,2,4,4,2,2,2,2,4
STU03574,1,2,3,4,4,2,1,2,2,4
STU03575,5,5,2,5,5,4,2,2,2,5
STU03576,5,5,2,3,2,3,1,2,2,3
STU03577,2,4,3,2,2,1,2,2,2,4
STU03578,2,1,2,2,2,1,1,4,3,3
STU03579,4,3,2,4,4,3,2,2,2,5
STU03580,1,2,2,4,4,2,2,2,2,3
STU03581,2,1,2,2,2,4,2,2,2,4
STU03582,3,2,2,2,3,3,1,2,1,2
STU03583,3,2,2,3,4,2,2,2,2,4
STU03584,5,4,2,3,4,3,2,2,2,5
STU03585,4,5,1,2,1,4,1,2,2,4
STU03586,2,1,2,2,3,2,2,4,2,4
STU03587,1,4,2,2,2,2,2,3,2,5
STU03588,1,2,1,2,3,2,2,2,4,4
STU03589,1,2,2,4,4,2,2,2,2,4
STU03590,3,3,2,5,4,3,1,2,2,4
STU03591,5,3,2,5,5,4,1,2,2,5
STU03592,2,2,2,2,3,4,2,1,2,5
STU03593,2,4,2,1,3,2,2,2,1,4
STU03594,1,2,1,3,2,4,2,1,2,3
STU03595,3,4,2,3,2,2,1,2,2,3
STU03596,4,5,1,2,4,4,2,2,2,4
STU03597,1,4,2,2,2,2,2,2,2,3
STU03598,1,1,2,2,2,4,2,1,1,4
STU03599,1,1,3,2,3,2,1,3,2,5
STU03600,2,2,2,4,4,3,2,2,2,2
STU03601,3,2,2,3,3,1,1,2,2,4
STU03602,4,3,1,2,2,5,2,2,1,3
STU03603,2,4,1,2,2,1,2,2,2,4
STU03604,3,1,2,1,5,3,2,2,2,5
STU03605,5,4,1,3,4,2,1,2,2,3
STU03606,3,2,2,4,3,2,1,2,1,3
STU03607,2,1,3,1,2,4,2,3,2,5
STU03608,2,1,1,3,4,2,1,1,2,3
STU03609,4,4,1,4,2,3,2,2,2,5
STU03610,3,2,2,3,4,2,2,2,2,5
STU03611,4,5,2,2,1,3,2,2,2,5
STU03612,4,3,1,4,4,3,1,2,2,3
STU03613,1,2,1,2,3,2,1,4,2,4
STU03614,3,3,1,2,3,3,2,2,1,4
STU03615,1,1,1,2,2,3,2,1,4,2
STU03616,1,4,1,2,2,1,2,1,2,3
STU03617,3,2,4,2,2,2,2,1,3,4
STU03618,3,5,2,2,2,3,1,2,2,2
STU03619,4,4,2,2,3,1,2,2,1,4
STU03620,2,4,3,2,2,2,2,2,2,4
STU03621,1,3,1,3,4,2,1,2,1,4
STU03622,4,3,2,4,4,2,2,2,2,5
STU03623,1,1,4,2,2,1,2,2,2,4
STU03624,3,4,2,2,4,3,2,2,2,3
STU03625,5,4,2,5,4,4,2,2,2,3
STU03626,4,3,2,3,2,4,2,2,2,4
STU03627,4,4,2,1,2,3,2,2,2,3
STU03628,1,1,3,2,5,1,2,2,2,4
STU03629,5,5,1,3,4,2,2,2,2,4
STU03630,5,4,2,4,5,5,2,2,2,3
STU03631,5,4,2,5,5,4,2,2,2,5
STU03632,2,2,2,2,4,2,2,3,2,5
STU03633,5,3,2,2,2,2,1,2,2,5
STU03634,1,3,2,2,2,2,1,1,2,4
STU03635,5,2,1,2,2,5,2,2,2,5
STU03636,5,3,2,1,2,2,1,2,2,5
STU03637,4,4,2,4,3,3,2,2,2,5
STU03638,1,1,2,3,4,2,2,2,2,4
STU03639,5,4,1,4,4,4,1,2,2,5
STU03640,4,3,2,4,4,3,2,2,2,4
STU03641,3,1,2,1,2,2,2,1,4,5
STU03642,5,5,2,4,4,5,1,1,2,4
STU03643,4,1,2,5,4,2,2,1,2,4
STU03644,1,1,2,2,2,1,1,2,1,5
STU03645,1,5,2,2,2,2,2,2,2,3
STU03646,5,5,2,1,2,3,1,2,2,5
STU03647,2,4,2,2,2,2,2,2,2,4
STU03648,2,2,1,3,4,2,2,2,2,5
STU03649,5,5,2,5,5,2,2,2,2,4
STU03650,4,5,2,2,2,4,2,2,2,4
STU03651,3,4,1,2,2,2,2,2,2,4
STU03652,3,2,2,1,3,3,1,2,1,5
STU03653,4,3,2,2,1,4,2,2,2,5
STU03654,1,2,1,1,3,1,2,2,2,4
STU03655,3,3,2,4,4,3,1,2,2,4
STU03656,3,4,2,2,2,2,2,2,2,5
STU03657,5,3,1,5,4,4,2,2,2,4
STU03658,4,3,1,2,3,5,2,2,2,5
STU03659,1,1,2,2,3,2,1,4,2,4
STU03660,1,2,1,2,2,1,2,4,1,3
STU03661,5,4,2,4,4,5,1,2,2,4
STU03662,3,3,2,1,3,3,1,2,2,3
STU03663,1,4,2,2,1,2,2,2,1,3
STU03664,2,4,2,1,1,2,2,2,2,4
STU03665,5,1,1,3,3,5,2,1,2,5
STU03666,5,3,2,5,5,4,1,2,2,5
STU03667,5,5,2,2,2,2,2,2,2,3
STU03668,2,2,2,2,3,2,2,2,2,4
STU03669,3,4,2,2,2,4,2,2,2,5
STU03670,5,4,2,4,4,3,2,2,2,4
STU03671,2,2,2,2,2,2,1,2,2,4
STU03672,5,4,2,4,4,3,1,2,2,5
STU03673,1,2,2,1,2,1,1,4,2,5
STU03674,1,2,1,3,4,2,1,1,3,3
STU03675,3,2,1,5,4,2,1,2,1,3
STU03676,2,1,2,2,2,2,1,2,1,4
STU03677,5,5,1,2,2,2,2,2,2,5
STU03678,1,1,1,2,3,1,2,4,2,2
STU03679,2,2,2,2,1,2,1,1,2,4
STU03680,4,5,1,4,5,4,1,2,2,4
STU03681,4,5,2,3,2,4,2,2,2,5
STU03682,5,5,2,2,2,4,1,2,2,4
STU03683,4,4,2,2,1,3,2,2,2,4
STU03684,1,2,2,2,3,1,2,2,4,5
STU03685,2,2,1,2,3,2,1,3,4,4
STU03686,1,2,2,2,2,2,1,2,2,4
STU03687,4,5,2,2,2,3,2,2,2,5
STU03688,1,2,2,2,5,2,1,3,2,3
STU03689,4,3,2,3,2,4,1,2,2,5
STU03690,5,4,2,4,4,3,1,2,2,3
STU03691,5,5,1,5,5,2,2,2,2,5
STU03692,3,2,2,4,2,3,1,2,2,3
STU03693,1,1,2,2,2,4,2,2,2,4
STU03694,5,4,1,4,5,5,2,2,2,4
STU03695,1,2,1,3,3,2,2,2,2,4
STU03696,1,1,1,2,2,2,2,2,4,5
STU03697,5,5,2,2,2,4,2,2,2,4
STU03698,3,1,2,2,2,5,2,2,2,5
STU03699,4,3,2,5,4,2,2,2,2,5
STU03700,5,4,1,2,2,5,2,2,2,5
STU03701,4,2,4,4,2,3,2,2,2,5
STU03702,1,2,2,3,4,4,2,2,2,5
STU03703,1,1,2,2,4,2,2,2,3,4
STU03704,1,1,1,4,4,1,1,2,2,4
STU03705,3,4,2,1,3,2,2,2,3,4
STU03706,2,4,1,5,5,4,2,2,1,5
STU03707,2,4,3,3,2,2,1,3,1,4
STU03708,3,2,1,4,4,2,1,2,2,5
STU03709,1,4,2,2,2,1,2,2,2,3
STU03710,2,3,2,3,4,2,1,2,2,4
STU03711,2,2,2,2,2,2,1,3,1,3
STU03712,2,2,2,3,4,2,1,1,2,4
STU03713,3,2,2,5,5,3,1,2,2,5
STU03714,4,3,2,4,4,2,2,2,2,3
STU03715,5,5,2,2,2,3,2,2,1,5
STU03716,5,4,2,1,2,5,2,1,1,3
STU03717,2,1,1,2,3,1,2,3,1,3
STU03718,2,2,1,2,2,5,2,2,2,4
STU03719,2,4,2,1,4,2,2,2,3,4
STU03720,5,5,2,4,4,1,2,2,2,5
STU03721,4,2,2,3,5,2,1,1,2,5
STU03722,5,4,4,2,2,3,2,1,2,5
STU03723,1,2,1,2,1,2,1,5,3,4
STU03724,4,5,2,2,4,3,1,2,2,3
STU03725,4,3,2,4,4,5,2,2,2,5
STU03726,5,4,1,4,3,4,2,2,2,4
STU03727,2,5,2,5,5,4,2,2,2,5
STU03728,5,4,1,2,2,5,1,2,2,4
STU03729,5,4,2,4,4,4,1,1,2,3
STU03730,4,5,2,2,1,3,1,2,2,5
STU03731,1,2,2,4,4,3,2,2,2,3
STU03732,1,2,3,2,5,4,1,4,3,4
STU03733,1,2,2,2,4,2,1,2,2,3
STU03734,4,3,2,2,2,2,1,2,2,4
STU03735,4,5,1,2,4,3,2,1,2,4
STU03736,3,2,2,1,1,3,1,2,1,3
STU03737,1,2,1,2,2,2,2,4,2,4
STU03738,5,2,2,5,4,2,2,2,2,3
STU03739,1,2,1,4,4,1,1,2,3,3
STU03740,5,2,2,1,4,3,1,2,2,5
STU03741,5,5,1,2,2,5,2,2,2,5
STU03742,3,5,2,2,2,3,1,2,2,4
STU03743,4,4,1,2,3,4,1,2,2,5
STU03744,5,5,2,5,5,2,2,2,2,4
STU03745,2,1,1,4,4,1,1,1,2,2
STU03746,4,3,2,5,4,2,1,2,2,4
STU03747,3,3,2,2,2,2,2,2,4,5
STU03748,2,4,2,2,2,2,2,1,2,4
STU03749,1,2,2,3,4,1,1,3,2,3
STU03750,4,5,1,1,2,4,2,2,1,4
STU03751,3,4,2,3,3,3,2,2,2,3
STU03752,5,5,2,5,5,4,2,2,2,5
STU03753,1,2,1,2,3,2,1,2,2,2
STU03754,4,2,4,4,1,2,2,2,2,3
STU03755,4,3,2,4,1,5,2,2,2,5
STU03756,4,3,2,4,4,2,2,2,2,4
STU03757,5,5,1,2,1,2,1,2,2,5
STU03758,5,1,2,1,3,3,1,2,2,5
STU03759,5,1,2,2,4,5,2,2,2,5
STU03760,4,2,3,2,5,2,1,2,1,3
STU03761,4,1,2,1,2,3,1,2,2,4
STU03762,4,4,2,2,2,3,1,2,1,5
STU03763,2,4,1,1,2,2,2,2,2,3
STU03764,2,2,1,2,2,2,2,2,4,2
STU03765,1,2,2,2,2,4,2,2,2,4
STU03766,4,4,1,2,2,3,2,2,2,5
STU03767,1,2,2,3,4,2,1,1,2,4
STU03768,4,5,2,3,2,2,1,2,1,5
STU03769,3,2,2,4,2,1,1,2,2,5
STU03770,5,5,2,4,4,4,2,1,2,5
STU03771,2,2,2,4,4,2,1,3,2,3
STU03772,1,1,3,3,2,2,1,3,2,4
STU03773,1,2,1,3,2,2,2,1,4,3
STU03774,1,4,2,3,3,2,2,1,2,3
STU03775,4,3,2,2,2,3,1,2,1,4
STU03776,4,3,2,2,2,2,1,2,2,5
STU03777,4,4,2,4,4,4,1,2,2,5
STU03778,5,4,1,4,5,2,1,2,2,5
STU03779,2,2,1,3,4,2,2,2,2,2
STU03780,5,5,2,2,4,2,2,2,2,4
STU03781,1,2,2,1,2,2,2,2,4,4
STU03782,3,4,2,2,2,3,2,2,2,3
STU03783,2,3,2,4,4,2,2,2,1,4
STU03784,1,2,1,2,2,4,2,1,2,4
STU03785,2,4,2,2,2,2,2,2,2,1
STU03786,2,2,2,4,4,2,1,1,2,4
STU03787,4,2,2,4,2,2,2,2,2,5
STU03788,2,1,3,2,4,2,1,2,2,4
STU03789,3,2,2,4,5,2,1,2,2,4
STU03790,3,2,2,4,4,2,1,2,1,4
STU03791,4,4,1,2,2,3,1,2,2,4
STU03792,1,2,2,2,1,1,1,4,2,3
STU03793,1,1,4,1,2,2,2,2,2,3
STU03794,3,2,2,3,3,3,1,2,2,5
STU03795,4,1,2,1,5,2,2,1,2,4
STU03796,3,4,1,2,3,3,2,2,1,5
STU03797,1,2,2,4,4,2,1,2,3,3
STU03798,3,1,3,1,2,4,2,3,2,5
STU03799,1,2,1,2,2,2,2,2,4,2
STU03800,4,3,1,3,4,3,1,2,2,5
STU03801,3,2,2,3,2,2,2,2,4,4
STU03802,4,4,2,2,2,2,1,2,2,5
STU03803,5,5,2,5,5,4,1,2,2,5
STU03804,3,4,1,1,2,3,2,2,2,3
STU03805,2,2,2,2,2,4,2,2,2,3
STU03806,2,2,3,2,2,1,1,2,3,4
STU03807,2,2,2,2,2,4,2,2,2,5
STU03808,4,3,2,2,2,5,1,2,2,5
STU03809,2,3,2,4,4,2,2,2,2,4
STU03810,3,2,2,2,3,1,2,2,4,4
STU03811,1,1,2,2,2,2,2,2,4,4
STU03812,3,2,2,2,2,2,1,2,2,4
STU03813,5,5,2,2,2,2,1,2,2,5
STU03814,3,4,2,2,3,2,2,2,1,4
STU03815,3,2,2,2,2,1,1,1,2,4
STU03816,2,2,3,4,4,2,1,3,3,5
STU03817,1,3,1,2,1,4,2,2,2,4
STU03818,2,1,1,2,2,2,2,2,4,3
STU03819,3,2,2,1,2,2,1,2,2,3
STU03820,3,3,2,2,2,2,1,2,2,4
STU03821,1,1,2,4,4,2,2,2,2,4
STU03822,2,4,2,1,2,2,2,1,2,3
STU03823,1,4,2,2,3,2,2,1,2,4
STU03824,2,1,2,2,4,2,2,1,1,4
STU03825,5,3,2,5,4,2,2,2,2,4
STU03826,2,2,2,2,3,1,2,2,4,2
STU03827,4,2,2,4,2,5,2,2,2,5
STU03828,1,4,2,2,2,2,2,1,2,4
STU03829,1,2,1,1,2,2,2,2,4,3
STU03830,2,4,1,3,3,2,2,2,2,3
STU03831,1,2,2,3,4,2,1,2,2,3
STU03832,2,2,1,2,2,4,2,2,2,2
STU03833,4,5,1,2,2,2,2,2,2,4
STU03834,1,4,2,2,2,2,2,2,3,4
STU03835,4,3,1,3,3,5,2,2,2,4
STU03836,1,1,4,2,2,2,2,2,2,4
STU03837,3,4,1,3,3,2,2,2,2,4
STU03838,5,4,2,5,5,2,1,2,2,5
STU03839,1,2,2,2,2,1,1,2,2,2
STU03840,2,2,2,4,2,4,2,2,2,4
STU03841,5,4,2,1,2,4,2,2,2,4
STU03842,1,2,1,2,2,4,2,2,2,1
STU03843,2,4,2,2,2,2,2,2,1,4
STU03844,5,4,2,5,5,5,1,2,2,5
STU03845,5,3,2,2,2,5,2,2,2,4
STU03846,1,2,2,2,2,4,2,2,2,4
STU03847,3,4,2,1,2,1,2,1,2,4
STU03848,3,1,3,2,1,4,2,3,2,5
STU03849,4,5,2,2,2,3,2,2,2,5
STU03850,2,4,3,2,3,1,2,3,2,3
STU03851,3,2,1,3,3,4,2,2,2,4
STU03852,3,1,2,5,4,3,2,2,2,5
STU03853,1,2,3,4,4,2,2,3,2,5
STU03854,1,2,1,3,4,2,2,1,3,2
STU03855,1,2,1,3,4,2,1,2,3,3
STU03856,1,4,2,4,5,1,2,2,2,4
STU03857,1,2,4,3,2,2,2,2,3,4
STU03858,3,3,2,4,4,3,1,2,2,3
STU03859,4,2,2,2,2,5,2,2,2,3
STU03860,4,5,2,3,2,3,1,2,2,5
STU03861,5,2,2,4,4,5,2,2,2,5
STU03862,4,3,2,3,3,2,1,1,2,4
STU03863,4,3,2,2,2,4,2,4,2,4
STU03864,3,2,2,1,2,2,1,2,2,3
STU03865,1,1,4,2,3,2,2,2,1,2
STU03866,4,1,2,3,4,1,1,2,2,3
STU03867,2,4,2,2,2,2,2,2,2,2
STU03868,5,5,2,5,5,2,2,2,2,4
STU03869,3,3,1,4,4,2,2,2,2,3
STU03870,2,2,2,2,4,2,2,2,2,4
STU03871,2,4,2,2,2,3,2,1,2,1
STU03872,2,4,2,2,3,2,1,2,1,4
STU03873,1,1,2,4,4,1,1,2,2,3
STU03874,2,2,2,1,2,2,2,2,4,3
STU03875,1,1,2,2,3,2,1,2,2,5
STU03876,1,2,2,3,4,2,1,2,3,4
STU03877,1,2,2,3,4,2,1,3,2,4
STU03878,2,2,2,4,4,2,1,1,2,4
STU03879,1,2,2,2,3,2,1,2,2,3
STU03880,2,2,1,1,4,1,1,2,1,2
STU03881,1,1,2,2,2,2,2,3,4,3
STU03882,3,2,4,2,2,2,2,2,2,4
STU03883,1,2,2,3,4,2,1,2,3,3
STU03884,1,2,2,4,4,1,2,1,2,4
STU03885,1,2,2,2,2,2,1,2,2,4
STU03886,5,1,2,5,3,2,1,2,2,3
STU03887,1,4,2,3,3,1,2,2,2,5
STU03888,1,2,1,2,5,2,1,1,2,2
STU03889,1,2,2,3,3,2,1,1,1,3
STU03890,1,4,2,3,2,2,2,2,2,2
STU03891,1,2,2,1,5,2,1,3,2,2
STU03892,5,5,1,5,5,2,2,2,2,5
STU03893,2,1,3,2,5,2,2,3,2,5
STU03894,5,4,2,1,2,5,2,2,2,5
STU03895,4,3,2,4,4,4,1,2,1,5
STU03896,1,2,1,3,4,2,2,2,3,3
STU03897,3,5,1,2,2,2,2,2,2,5
STU03898,1,2,3,2,2,2,2,2,4,4
STU03899,3,3,2,3,3,4,2,2,1,4
STU03900,1,1,2,1,4,4,2,2,2,3
STU03901,3,2,2,2,2,1,1,2,2,4
STU03902,5,2,2,4,4,4,2,2,2,5
STU03903,1,2,2,2,1,2,1,2,2,2
STU03904,4,4,1,3,4,2,1,2,2,4
STU03905,1,2,2,3,1,1,2,2,4,5
STU03906,5,5,2,2,1,4,2,2,2,5
STU03907,3,2,2,2,4,1,1,3,3,3
STU03908,2,2,3,1,3,1,1,3,2,4
STU03909,5,2,2,2,2,4,2,2,4,5
STU03910,4,3,2,3,4,4,1,2,2,5
STU03911,3,3,2,2,3,4,2,2,2,4
STU03912,2,2,1,4,4,2,1,2,2,2
STU03913,3,2,2,2,4,2,1,1,2,4
STU03914,2,2,3,1,2,2,1,3,2,4
STU03915,1,2,2,2,3,2,1,2,2,5
STU03916,4,3,2,4,4,4,2,2,2,5
STU03917,1,2,1,2,2,4,2,2,3,4
STU03918,5,4,4,2,2,4,2,2,2,5
STU03919,3,4,1,2,1,4,2,2,2,4
STU03920,3,1,2,2,3,2,1,2,2,3
STU03921,1,2,2,2,5,2,1,1,2,4
STU03922,1,2,1,4,4,2,2,2,3,3
STU03923,2,2,2,1,2,2,2,2,2,2
STU03924,1,2,2,4,4,2,1,3,2,4
STU03925,2,2,1,4,5,2,1,2,2,5
STU03926,4,1,3,2,5,1,1,2,1,4
STU03927,2,1,2,2,3,2,2,2,4,5
STU03928,4,3,2,4,4,3,2,2,2,2
STU03929,3,5,2,4,4,3,2,2,2,5
STU03930,4,3,2,3,4,4,2,2,2,5
STU03931,4,3,1,5,5,4,1,2,2,4
STU03932,2,4,2,2,2,1,2,3,2,3
STU03933,4,2,2,4,4,4,2,2,2,5
STU03934,3,2,2,1,2,2,1,2,2,4
STU03935,4,4,2,1,4,2,1,2,2,4
STU03936,5,4,2,3,5,2,1,2,2,5
STU03937,5,4,2,5,1,2,1,1,2,5
STU03938,4,2,2,5,4,1,2,2,1,5
STU03939,3,2,2,2,2,4,2,2,2,3
STU03940,2,2,1,2,4,1,1,2,3,2
STU03941,1,2,2,5,4,1,1,1,2,4
STU03942,3,4,3,1,2,2,2,3,2,3
STU03943,1,2,4,2,2,1,2,2,1,4
STU03944,1,2,2,1,3,1,2,4,2,4
STU03945,4,4,1,2,2,2,1,1,2,4
STU03946,4,5,2,2,2,4,2,2,2,5
STU03947,1,1,2,4,4,2,2,2,2,5
STU03948,1,2,3,1,5,1,2,2,2,3
STU03949,1,2,2,4,4,2,1,3,1,5
STU03950,1,2,2,4,4,1,1,2,2,4
STU03951,3,2,1,4,4,2,1,2,2,3
STU03952,1,2,1,1,2,1,1,4,2,3
STU03953,4,4,2,2,2,3,2,2,2,5
STU03954,3,3,2,5,5,2,2,2,2,5
STU03955,4,5,1,2,4,3,2,2,2,4
STU03956,4,3,1,4,2,5,2,2,2,4
STU03957,4,5,1,2,2,3,1,2,2,4
STU03958,1,1,1,2,3,4,2,1,1,2
STU03959,4,5,2,3,3,3,2,2,2,3
STU03960,2,2,3,2,5,1,1,3,2,4
STU03961,5,4,2,5,5,2,1,2,2,5
STU03962,3,2,2,3,2,2,1,1,2,5
STU03963,2,2,2,2,2,1,2,2,4,4
STU03964,2,2,2,1,2,2,1,2,2,3
STU03965,4,2,1,3,3,5,2,2,1,4
STU03966,5,4,2,4,1,4,2,2,2,4
STU03967,3,4,2,2,2,3,2,1,1,5
STU03968,3,2,1,2,2,2,2,2,4,3
STU03969,4,1,2,2,2,3,1,2,2,5
STU03970,2,2,2,3,4,2,1,2,1,4
STU03971,5,5,1,2,5,5,1,2,2,5
STU03972,5,4,2,3,4,4,1,2,1,5
STU03973,2,1,2,3,4,2,1,2,2,3
STU03974,3,2,2,2,3,2,1,2,2,4
STU03975,1,2,1,5,4,2,1,1,2,4
STU03976,5,2,2,2,5,2,1,2,2,4
STU03977,1,2,3,2,4,2,2,3,2,4
STU03978,5,5,2,4,4,5,1,2,2,4
STU03979,2,2,2,3,4,1,1,2,3,5
STU03980,5,4,4,5,2,5,2,2,2,5
STU03981,4,3,4,3,2,3,2,2,2,5
STU03982,4,2,2,4,4,2,2,2,2,3
STU03983,2,2,2,2,1,2,1,2,3,4
STU03984,3,2,1,2,3,2,2,4,2,4
STU03985,4,3,2,2,4,4,2,2,2,5
STU03986,5,5,2,2,2,4,1,2,2,4
STU03987,5,5,2,2,5,2,2,2,2,5
STU03988,5,3,2,2,2,4,1,2,2,4
STU03989,4,5,2,2,4,2,2,1,2,4
STU03990,1,2,2,3,3,2,2,1,4,4
STU03991,4,4,2,2,4,3,2,4,2,5
STU03992,5,4,2,3,4,4,2,2,2,5
STU03993,4,4,1,4,4,2,2,2,2,3
STU03994,4,4,2,2,2,2,1,2,2,5
STU03995,1,2,4,4,5,2,2,3,2,5
STU03996,4,3,2,2,2,5,2,2,2,3
STU03997,4,2,2,4,5,4,1,2,2,5
STU03998,4,5,2,2,2,4,1,2,2,4
STU03999,3,4,3,1,4,1,1,3,2,4
STU04000,2,2,2,1,2,3,1,1,2,2
STU04001,5,4,1,4,4,4,1,2,2,5
STU04002,4,4,2,2,2,3,1,2,2,2
STU04003,4,2,2,3,2,1,1,2,2,5
STU04004,3,4,3,3,2,2,2,2,1,3
STU04005,2,4,1,3,3,1,2,2,3,3
STU04006,1,2,2,1,1,4,2,2,3,4
STU04007,2,3,4,1,2,2,2,2,2,4
STU04008,5,3,2,2,2,4,1,2,2,5
STU04009,1,2,2,3,3,1,1,2,2,4
STU04010,5,5,1,2,2,4,2,2,2,4
STU04011,2,2,1,2,2,2,1,2,1,5
STU04012,2,3,1,2,1,2,1,4,1,3
STU04013,2,4,2,2,2,2,2,1,2,2
STU04014,2,1,2,2,3,2,1,4,2,4
STU04015,1,1,2,2,2,2,2,2,2,4
STU04016,2,2,2,4,4,2,2,2,2,2
STU04017,5,4,2,4,4,4,1,2,2,4
STU04018,3,3,2,2,1,4,2,2,2,3
STU04019,1,4,2,2,2,2,2,2,2,3
STU04020,2,1,2,1,2,2,2,2,4,2
STU04021,2,2,2,2,2,4,2,1,2,4
STU04022,5,5,2,5,2,4,1,2,2,5
STU04023,1,2,2,2,1,1,2,2,4,2
STU04024,4,4,2,2,2,3,2,2,2,4
STU04025,1,2,1,4,4,2,1,1,2,2
STU04026,5,5,2,4,2,2,2,2,2,5
STU04027,4,4,1,1,2,4,2,2,2,4
STU04028,2,2,2,1,2,2,2,2,3,3
STU04029,4,2,4,2,2,4,2,3,2,4
STU04030,2,2,2,2,2,2,1,2,2,3
STU04031,5,5,2,4,2,4,2,2,2,5
STU04032,2,2,1,2,2,2,2,2,4,2
STU04033,1,1,2,1,2,2,2,4,2,4
STU04034,5,2,2,2,2,4,1,1,2,5
STU04035,5,3,2,1,2,5,2,2,2,5
STU04036,5,5,2,4,2,3,2,2,2,5
STU04037,5,4,2,5,4,4,2,2,2,5
STU04038,3,3,2,5,5,3,2,2,2,5
STU04039,1,1,2,3,4,1,1,2,2,4
STU04040,1,4,1,2,2,2,2,1,1,4
STU04041,4,1,2,5,4,2,1,2,2,5
STU04042,1,2,2,1,5,1,1,2,2,3
STU04043,5,3,2,4,4,4,1,2,2,5
STU04044,5,5,2,4,4,3,1,2,2,5
STU04045,3,1,2,2,5,2,2,1,2,5
STU04046,2,3,2,4,4,4,2,2,2,5
STU04047,5,4,2,5,2,4,2,2,2,5
STU04048,1,4,1,2,2,2,2,1,1,3
STU04049,1,2,1,2,2,1,2,4,2,4
STU04050,1,2,2,2,3,2,2,2,4,3
STU04051,5,5,2,2,2,5,1,2,2,5
STU04052,5,4,2,5,5,5,2,2,2,5
STU04053,4,5,2,4,2,2,2,2,2,4
STU04054,2,4,2,2,2,3,2,2,2,4
STU04055,1,4,2,3,3,1,2,2,3,5
STU04056,2,2,2,4,4,1,2,2,2,3
STU04057,5,4,2,3,5,2,1,2,2,4
STU04058,4,3,2,4,2,5,2,1,2,3
STU04059,4,5,2,2,3,4,1,2,2,5
STU04060,1,5,1,1,2,3,2,2,2,4
STU04061,4,4,1,3,2,3,1,1,2,3
STU04062,4,4,2,5,5,2,1,2,2,5
STU04063,1,1,2,2,2,4,2,2,3,2
STU04064,2,2,2,1,3,1,1,2,3,3
STU04065,5,3,2,4,2,2,2,2,4,5
STU04066,3,4,2,2,2,2,1,2,2,3
STU04067,5,5,2,3,4,2,2,2,2,4
STU04068,1,2,2,3,4,1,2,1,2,4
STU04069,1,2,2,2,2,2,2,4,1,2
STU04070,5,5,2,4,5,2,1,2,1,5
STU04071,1,2,1,4,4,2,2,2,2,2
STU04072,2,2,2,2,3,2,1,4,2,4
STU04073,4,1,2,2,2,5,2,2,2,4
STU04074,5,5,2,5,2,5,2,2,2,5
STU04075,4,3,2,2,2,2,1,2,2,5
STU04076,1,1,2,3,4,2,1,1,2,4
STU04077,1,2,2,2,3,2,1,2,2,4
STU04078,1,2,1,1,3,2,1,2,1,3
STU04079,2,4,1,1,2,3,2,2,2,2
STU04080,2,2,1,3,3,4,2,2,2,4
STU04081,5,2,2,4,3,2,1,2,2,5
STU04082,1,2,3,4,4,2,2,2,1,4
STU04083,5,5,1,4,5,3,2,2,2,4
STU04084,3,3,2,2,3,2,2,2,2,3
STU04085,3,3,2,2,3,4,2,1,1,4
STU04086,4,5,2,4,2,3,2,2,2,5
STU04087,3,2,2,1,2,2,1,2,1,4
STU04088,1,4,2,1,1,2,2,2,2,4
STU04089,2,5,2,2,2,2,1,2,2,4
STU04090,5,5,2,4,4,2,2,2,2,3
STU04091,2,2,2,4,4,1,1,5,2,4
STU04092,3,2,2,2,3,4,2,2,2,5
STU04093,2,2,2,2,1,2,2,2,4,2
STU04094,1,2,2,2,3,1,1,2,2,5
STU04095,1,4,1,1,2,2,2,2,2,3
STU04096,3,1,2,4,4,2,2,2,2,4
STU04097,1,2,4,1,3,2,2,2,2,4
STU04098,5,3,2,4,2,4,1,2,2,5
STU04099,2,4,2,3,1,2,2,2,2,4
STU04100,1,1,2,1,3,4,2,1,2,5
STU04101,5,4,2,2,2,3,2,1,4,5
STU04102,2,2,2,2,3,2,2,4,2,5
STU04103,4,2,1,4,4,3,2,2,2,2
STU04104,4,4,2,4,2,4,2,2,2,4
STU04105,3,4,2,2,3,2,2,1,2,4
STU04106,5,2,2,3,4,4,2,2,1,5
STU04107,2,4,1,2,1,2,2,2,2,3
STU04108,1,2,2,4,4,2,2,2,2,4
STU04109,5,3,2,5,2,5,2,2,2,5
STU04110,4,2,2,4,4,4,1,2,2,4
STU04111,4,5,2,2,2,4,1,2,2,5
STU04112,3,2,1,3,2,4,2,2,2,4
STU04113,4,5,1,2,2,3,2,1,2,4
STU04114,4,5,2,4,1,2,2,1,2,5
STU04115,2,4,2,1,3,2,2,1,2,5
STU04116,1,4,1,1,2,2,2,1,2,3
STU04117,5,3,4,5,4,3,2,2,1,5
STU04118,5,4,2,5,4,4,2,2,2,5
STU04119,1,4,2,1,2,2,2,2,2,4
STU04120,4,5,2,2,2,3,2,2,2,5
STU04121,4,4,2,2,1,2,1,2,2,4
STU04122,1,2,2,5,4,2,1,2,2,3
STU04123,5,2,2,5,2,3,1,1,2,4
STU04124,1,1,3,2,2,4,2,3,2,3
STU04125,5,5,2,4,2,4,2,2,2,5
STU04126,5,5,2,2,2,4,2,2,2,5
STU04127,1,1,2,2,2,2,1,4,2,4
STU04128,1,1,1,2,4,2,1,1,2,5
STU04129,2,2,2,4,4,2,1,2,2,4
STU04130,5,3,2,4,4,1,1,2,2,3
STU04131,2,4,2,1,2,2,2,2,3,4
STU04132,5,4,2,5,4,2,1,2,2,5
STU04133,1,1,1,2,2,2,2,2,4,3
STU04134,2,4,2,2,3,2,2,3,2,5
STU04135,1,2,4,2,2,2,2,1,2,3
STU04136,2,1,2,2,2,1,1,1,2,4
STU04137,1,2,2,1,2,2,2,3,1,1
STU04138,4,4,2,3,2,3,2,2,2,5
STU04139,3,4,1,2,2,2,2,1,1,3
STU04140,4,4,2,3,5,4,1,2,2,5
STU04141,3,3,1,5,5,3,1,2,2,4
STU04142,1,2,1,1,4,2,1,2,4,5
STU04143,1,3,2,2,3,2,1,1,2,4
STU04144,5,4,3,2,4,2,2,4,3,4
STU04145,1,1,2,1,2,4,2,2,2,4
STU04146,2,2,2,3,3,1,2,2,2,4
STU04147,4,5,2,2,2,4,2,2,1,5
STU04148,5,5,2,5,1,5,2,2,2,4
STU04149,4,3,2,5,4,2,1,2,2,3
STU04150,4,3,2,2,5,1,2,2,2,3
STU04151,2,4,2,2,1,2,2,3,2,4
STU04152,1,2,2,2,4,2,2,2,1,4
STU04153,1,1,2,4,5,1,2,2,3,5
STU04154,5,3,2,4,4,4,1,2,2,5
STU04155,5,3,2,2,2,4,2,2,2,5
STU04156,4,4,2,4,4,2,2,1,2,5
STU04157,3,1,2,2,2,1,2,2,4,4
STU04158,1,4,2,1,3,2,2,2,2,4
STU04159,4,5,2,2,4,4,1,2,2,5
STU04160,4,5,2,4,4,2,1,2,2,5
STU04161,3,2,1,2,2,2,1,2,2,4
STU04162,1,2,2,1,3,4,2,2,2,2
STU04163,2,4,2,2,2,2,2,2,2,2
STU04164,5,5,2,2,4,2,1,2,1,5
STU04165,3,2,2,2,2,2,1,2,2,3
STU04166,2,4,1,3,4,2,2,1,2,4
STU04167,5,4,2,1,2,3,1,2,2,4
STU04168,5,5,2,5,5,5,2,2,2,5
STU04169,4,5,1,4,5,4,2,2,2,5
STU04170,4,5,2,3,3,3,2,2,2,5
STU04171,5,4,2,5,4,4,2,2,2,5
STU04172,4,4,2,1,2,2,1,2,2,5
STU04173,1,4,2,2,3,1,2,2,1,5
STU04174,1,1,2,4,4,1,1,2,2,5
STU04175,2,4,2,2,2,2,2,3,3,4
STU04176,1,1,3,2,2,2,2,3,4,4
STU04177,2,2,2,2,2,2,2,4,2,3
STU04178,5,5,1,4,5,3,1,2,2,5
STU04179,1,2,2,1,2,4,2,2,2,2
STU04180,5,5,2,2,2,4,2,2,2,5
STU04181,3,4,2,2,2,2,2,2,2,4
STU04182,1,2,2,2,4,2,2,2,2,4
STU04183,1,2,2,1,1,2,1,2,2,3
STU04184,1,1,3,2,4,2,2,3,2,4
STU04185,1,2,2,2,1,2,2,2,4,4
STU04186,3,4,2,3,2,2,2,2,2,5
STU04187,3,4,2,1,2,2,2,2,2,4
STU04188,5,4,2,3,5,3,2,2,2,5
STU04189,4,2,2,4,4,3,2,2,2,5
STU04190,1,4,2,1,2,2,2,2,2,2
STU04191,3,3,2,1,2,3,2,2,4,4
STU04192,5,2,4,4,5,1,1,3,3,5
STU04193,3,3,2,2,2,3,1,2,1,5
STU04194,1,1,1,3,4,2,2,2,2,4
STU04195,3,2,1,4,4,2,1,2,2,4
STU04196,3,1,3,5,4,2,2,3,1,4
STU04197,1,2,2,2,2,2,2,2,4,3
STU04198,2,2,1,4,4,2,2,2,3,5
STU04199,4,1,2,5,4,4,2,2,2,4
STU04200,4,4,2,2,2,3,1,2,1,4
STU04201,4,3,2,4,4,2,2,2,2,5
STU04202,3,1,2,2,3,3,2,1,4,3
STU04203,2,2,2,2,2,2,2,2,4,5
STU04204,1,1,2,2,3,2,2,3,4,4
STU04205,4,2,2,4,4,2,2,2,2,3
STU04206,1,2,1,2,3,4,2,2,2,4
STU04207,3,2,1,1,3,5,2,2,2,5
STU04208,4,3,2,2,2,2,1,1,2,4
STU04209,2,2,2,2,3,2,2,3,2,4
STU04210,2,2,2,2,3,4,2,1,2,5
STU04211,2,2,1,3,4,2,1,2,2,2
STU04212,4,5,2,2,2,3,2,2,2,4
STU04213,4,2,2,4,4,3,1,2,2,3
STU04214,5,3,4,2,2,2,2,2,2,3
STU04215,4,3,2,2,2,3,1,2,2,5
STU04216,1,4,2,2,2,2,2,1,2,4
STU04217,5,5,1,4,2,5,2,2,4,5
STU04218,2,4,2,2,2,2,2,2,2,3
STU04219,2,2,2,3,4,2,1,1,2,4
STU04220,5,4,2,4,2,4,1,2,2,5
STU04221,4,3,2,4,3,2,1,2,2,2
STU04222,2,1,2,2,2,4,2,3,1,3
STU04223,4,3,2,2,2,4,2,4,1,5
STU04224,5,5,2,2,4,4,2,1,2,5
STU04225,1,1,2,1,1,4,2,2,2,2
STU04226,1,2,3,2,3,1,2,2,4,5
STU04227,2,2,2,2,2,2,1,2,2,4
STU04228,2,2,3,2,2,1,2,4,1,5
STU04229,1,2,2,4,4,2,2,3,2,3
STU04230,2,2,2,2,2,2,1,1,4,3
STU04231,2,4,1,2,2,2,2,3,1,3
STU04232,2,1,2,4,4,3,2,1,2,5
STU04233,2,2,2,2,2,4,2,2,1,4
STU04234,2,2,2,2,2,2,2,2,4,5
STU04235,1,2,3,3,5,2,1,3,3,4
STU04236,4,5,2,2,4,3,2,2,2,5
STU04237,2,4,2,4,4,5,2,2,2,4
STU04238,4,3,4,4,3,2,2,2,2,4
STU04239,3,4,2,4,4,2,2,2,2,3
STU04240,2,2,1,2,3,2,1,2,2,3
STU04241,1,4,2,1,3,2,2,2,2,3
STU04242,4,3,2,2,2,2,1,2,1,5
STU04243,3,3,2,1,2,2,2,2,4,3
STU04244,5,5,2,3,4,5,2,2,2,5
STU04245,4,4,2,2,3,3,1,2,2,5
STU04246,1,2,2,2,4,2,1,2,2,4
STU04247,5,3,2,4,4,5,2,2,2,5
STU04248,1,2,2,2,3,1,2,1,4,4
STU04249,4,3,2,2,2,5,2,2,2,3
STU04250,3,5,2,2,2,2,1,2,2,4
STU04251,2,4,2,2,3,2,2,1,2,5
STU04252,1,4,1,2,2,1,2,2,1,3
STU04253,5,3,2,1,2,2,1,2,2,3
STU04254,1,1,2,2,3,2,2,2,4,4
STU04255,2,4,1,2,2,2,2,2,1,3
STU04256,2,2,1,2,2,2,1,2,3,3
STU04257,5,2,3,1,5,2,1,3,2,4
STU04258,3,2,2,1,3,2,1,2,1,3
STU04259,5,5,2,1,2,2,1,2,1,3
STU04260,5,5,2,2,3,2,2,2,2,5
STU04261,5,4,2,4,4,2,2,2,2,5
STU04262,4,3,2,5,4,3,1,2,2,4
STU04263,1,2,2,2,3,2,1,2,2,5
STU04264,1,2,2,4,4,2,2,2,2,3
STU04265,4,2,1,4,4,4,2,1,2,5
STU04266,3,4,2,2,2,2,2,2,2,5
STU04267,2,2,2,2,4,2,1,1,1,5
STU04268,4,3,2,4,4,3,1,2,2,5
STU04269,1,1,2,2,4,2,2,2,3,3
STU04270,4,3,2,3,4,3,1,2,2,5
STU04271,2,2,3,2,2,2,2,2,4,4
STU04272,5,3,2,5,5,2,1,2,2,4
STU04273,4,2,2,2,1,4,1,2,2,5
STU04274,5,5,2,2,1,4,2,2,2,5
STU04275,5,4,2,4,2,2,1,1,2,4
STU04276,5,4,2,5,2,3,1,2,1,3
STU04277,3,2,2,4,4,2,2,2,2,3
STU04278,4,4,2,2,4,3,1,2,2,5
STU04279,4,5,1,2,2,4,1,2,2,4
STU04280,2,2,3,2,4,2,2,5,4,5
STU04281,2,4,1,2,1,1,2,2,2,3
STU04282,3,1,1,1,2,4,2,2,2,4
STU04283,4,5,2,3,1,2,2,2,2,5
STU04284,1,4,2,2,3,1,2,3,2,3
STU04285,1,4,1,2,2,2,2,2,3,3
STU04286,5,4,2,4,2,4,2,2,2,5
STU04287,4,2,2,3,3,1,1,2,2,4
STU04288,1,4,3,2,3,1,2,2,2,4
STU04289,1,2,2,1,4,2,1,2,2,1
STU04290,4,3,2,5,4,3,1,2,2,5
STU04291,1,2,2,3,3,2,2,2,4,4
STU04292,2,2,1,1,1,4,2,1,2,2
STU04293,1,1,1,1,2,2,2,4,2,4
STU04294,1,1,1,4,4,1,2,2,1,4
STU04295,4,3,1,2,3,3,2,2,2,4
STU04296,1,2,2,2,2,2,2,2,4,3
STU04297,5,5,2,2,4,2,1,2,2,4
STU04298,4,5,2,2,3,2,1,2,2,3
STU04299,4,5,2,2,2,3,2,2,2,5
STU04300,5,4,2,4,4,4,1,1,2,5
STU04301,2,4,3,2,4,1,1,4,2,5
STU04302,2,4,3,2,2,2,2,3,2,4
STU04303,1,2,1,2,4,2,1,2,2,3
STU04304,3,2,2,3,4,2,2,2,2,4
STU04305,4,4,2,4,2,2,1,1,2,4
STU04306,4,3,2,4,4,4,1,2,2,5
STU04307,3,2,2,3,3,3,1,2,2,2
STU04308,4,5,2,4,2,2,2,2,2,4
STU04309,4,2,2,2,3,5,2,2,2,5
STU04310,3,4,3,3,1,2,2,3,2,3
STU04311,5,3,2,5,4,5,2,2,2,5
STU04312,2,2,1,5,4,1,1,2,2,3
STU04313,4,3,2,1,3,3,2,2,2,5
STU04314,4,3,2,2,4,2,1,2,2,5
STU04315,3,2,2,3,3,2,2,2,2,4
STU04316,2,4,2,1,2,1,2,3,3,3
STU04317,4,2,2,2,3,5,2,2,1,4
STU04318,4,3,2,2,2,3,1,2,2,5
STU04319,4,2,4,2,3,3,2,2,2,5
STU04320,3,4,2,3,2,2,2,1,2,4
STU04321,4,3,2,2,4,4,1,2,2,5
STU04322,3,4,1,1,2,2,2,1,2,3
STU04323,2,4,1,1,1,2,2,1,2,4
STU04324,1,2,2,1,1,1,1,1,2,3
STU04325,1,1,3,3,5,2,1,2,3,4
STU04326,3,2,1,3,2,2,2,1,4,3
STU04327,2,1,2,2,3,2,2,2,2,5
STU04328,3,2,1,2,3,2,2,2,4,4
STU04329,4,5,1,2,2,2,1,2,2,5
STU04330,1,2,2,1,3,1,2,2,2,4
STU04331,2,4,2,2,2,2,2,2,3,5
STU04332,2,4,1,2,2,3,2,2,2,5
STU04333,3,2,2,4,4,3,2,2,2,5
STU04334,4,4,1,4,4,4,2,2,2,3
STU04335,5,3,2,5,5,4,1,2,2,5
STU04336,1,4,2,2,4,2,2,2,3,5
STU04337,4,4,2,4,4,3,2,2,1,5
STU04338,5,5,2,4,4,4,2,2,2,5
STU04339,1,1,2,3,3,1,1,3,2,3
STU04340,5,4,2,2,4,3,1,2,1,5
STU04341,1,4,1,2,2,2,2,2,2,2
STU04342,4,4,2,3,4,3,2,2,1,4
STU04343,5,5,1,4,4,2,2,2,2,5
STU04344,5,5,2,5,4,4,2,2,2,5
STU04345,5,3,1,2,2,5,2,2,2,4
STU04346,3,2,1,3,4,2,2,1,2,4
STU04347,1,2,2,3,3,1,2,2,4,3
STU04348,4,4,2,3,2,2,2,2,2,5
STU04349,1,2,2,3,4,1,1,3,2,2
STU04350,2,2,4,2,2,2,2,2,2,4
STU04351,2,2,2,2,3,2,2,2,2,4
STU04352,2,2,1,2,2,4,2,2,2,3
STU04353,1,1,2,2,2,4,2,1,2,3
STU04354,5,5,1,4,4,4,2,2,2,5
STU04355,3,4,2,2,3,3,2,2,2,3
STU04356,1,1,2,3,4,2,1,1,2,3
STU04357,2,3,2,3,4,5,2,1,2,5
STU04358,1,1,3,2,3,4,2,2,2,4
STU04359,2,2,2,3,2,1,2,2,1,5
STU04360,1,4,1,2,2,1,2,2,1,4
STU04361,4,1,1,2,5,2,2,1,3,4
STU04362,2,4,2,1,4,2,1,2,3,4
STU04363,1,1,2,2,2,2,1,4,2,3
STU04364,5,5,2,1,1,4,2,2,2,5
STU04365,3,5,2,2,2,3,2,2,2,4
STU04366,2,2,2,4,4,2,1,2,2,5
STU04367,1,2,3,2,2,2,1,2,4,4
STU04368,1,2,1,4,4,2,2,2,2,3
STU04369,3,4,1,1,3,2,2,2,2,5
STU04370,2,2,2,1,2,4,2,2,2,4
STU04371,4,5,2,1,2,4,1,2,2,5
STU04372,4,2,2,2,1,4,2,1,1,4
STU04373,1,2,2,2,2,2,1,2,2,4
STU04374,4,4,2,1,2,5,2,2,2,5
STU04375,1,4,1,1,3,1,1,2,2,3
STU04376,1,1,1,1,3,2,1,2,4,5
STU04377,2,2,3,2,4,2,1,5,3,5
STU04378,3,2,1,4,2,3,1,2,2,3
STU04379,2,2,3,3,5,1,1,4,2,5
STU04380,5,5,2,4,3,2,2,1,2,5
STU04381,5,5,2,2,2,4,1,2,2,5
STU04382,3,3,1,2,2,4,2,1,2,4
STU04383,3,2,1,1,3,2,2,2,2,4
STU04384,2,3,2,3,4,1,1,1,1,3
STU04385,3,4,2,3,2,2,2,2,2,5
STU04386,1,2,2,1,3,2,2,2,4,4
STU04387,5,2,2,3,5,2,2,2,3,5
STU04388,1,2,2,1,2,1,2,2,2,3
STU04389,2,2,1,4,4,2,2,2,2,4
STU04390,3,3,2,1,4,1,1,2,2,3
STU04391,5,4,2,2,2,5,2,2,2,5
STU04392,4,2,2,4,3,1,1,2,1,5
STU04393,5,4,2,4,2,4,1,2,2,4
STU04394,5,4,2,5,4,4,1,2,2,4
STU04395,4,5,2,2,2,3,2,2,2,5
STU04396,4,4,1,2,2,5,2,2,2,4
STU04397,3,4,2,3,3,3,2,2,2,3
STU04398,2,2,1,1,1,1,1,2,2,4
STU04399,5,4,5,4,4,5,2,2,2,3
STU04400,2,2,2,3,4,3,2,3,1,3
STU04401,3,4,3,2,3,1,2,2,1,5
STU04402,2,5,2,2,2,3,2,2,2,5
STU04403,2,2,2,2,5,2,1,1,2,4
STU04404,3,2,1,2,1,3,1,2,3,5
STU04405,5,5,2,1,2,4,1,2,2,4
STU04406,4,5,2,2,2,4,1,2,2,5
STU04407,2,2,1,3,3,2,1,1,2,4
STU04408,1,2,2,4,4,2,2,2,1,4
STU04409,4,5,2,2,4,3,2,1,2,4
STU04410,5,5,2,3,4,4,1,2,2,5
STU04411,5,5,2,4,4,4,1,4,2,5
STU04412,3,2,3,2,4,1,2,3,2,3
STU04413,1,4,1,3,2,2,2,2,2,3
STU04414,1,4,1,2,2,2,2,2,2,3
STU04415,4,3,4,2,2,3,2,2,2,5
STU04416,4,3,2,5,5,2,1,2,2,3
STU04417,1,2,2,1,2,2,1,3,2,4
STU04418,1,4,2,2,3,1,2,2,2,5
STU04419,3,4,1,1,2,3,2,1,2,4
STU04420,5,5,1,5,4,5,1,2,2,5
STU04421,1,1,2,2,2,2,2,4,2,2
STU04422,5,5,2,4,2,3,2,2,2,5
STU04423,3,2,2,1,3,2,1,2,1,3
STU04424,4,4,2,3,4,2,2,2,2,3
STU04425,3,3,1,3,1,4,2,1,2,3
STU04426,5,5,1,2,2,4,2,2,2,5
STU04427,1,2,1,2,2,2,2,1,4,3
STU04428,4,5,1,2,2,4,2,2,2,3
STU04429,2,4,2,2,2,2,2,2,2,4
STU04430,2,1,1,2,3,2,1,2,1,3
STU04431,3,2,2,2,3,2,1,2,2,4
STU04432,3,4,2,2,1,3,2,2,1,4
STU04433,1,1,2,4,4,2,2,2,1,3
STU04434,3,5,2,2,2,2,2,2,1,5
STU04435,4,1,2,2,5,2,1,2,2,3
STU04436,1,4,1,2,2,2,2,1,2,4
STU04437,3,3,2,4,2,4,2,2,2,4
STU04438,4,4,2,2,3,2,2,2,1,3
STU04439,1,2,4,2,2,2,2,2,2,4
STU04440,1,2,4,1,1,2,2,2,2,1
STU04441,2,2,2,2,2,1,1,2,2,4
STU04442,5,2,1,3,5,2,2,2,3,4
STU04443,4,1,1,4,4,3,2,2,1,5
STU04444,1,1,2,1,2,2,2,4,1,5
STU04445,1,2,2,4,4,2,2,2,2,4
STU04446,5,3,2,4,4,5,2,2,2,5
STU04447,5,4,2,5,2,5,2,2,2,4
STU04448,4,5,2,2,2,2,2,2,1,4
STU04449,2,2,2,2,2,4,2,2,3,5
STU04450,2,1,2,5,5,1,1,2,3,4
STU04451,3,5,2,4,2,2,1,2,1,5
STU04452,4,4,2,4,3,2,1,2,2,5
STU04453,4,2,2,2,2,5,2,2,2,5
STU04454,4,2,2,3,3,3,1,2,2,5
STU04455,2,2,2,1,2,2,1,2,2,3
STU04456,1,2,1,2,2,2,1,2,2,3
STU04457,4,5,2,2,3,2,1,2,2,4
STU04458,2,1,2,1,3,2,2,2,2,5
STU04459,1,2,1,4,4,2,1,2,2,3
STU04460,2,2,2,3,4,1,2,2,3,3
STU04461,5,5,2,4,5,5,2,2,2,4
STU04462,3,2,1,2,5,1,1,2,2,5
STU04463,4,5,2,2,2,4,2,2,2,5
STU04464,5,4,2,4,2,4,2,2,2,5
STU04465,3,2,2,3,4,1,1,2,2,4
STU04466,3,2,1,2,5,2,2,2,1,4
STU04467,5,5,1,2,2,4,1,2,2,5
STU04468,1,2,2,1,3,4,2,2,2,5
STU04469,5,3,1,4,4,3,1,2,2,5
STU04470,2,2,1,2,3,1,2,1,1,4
STU04471,1,2,2,4,4,2,2,2,2,4
STU04472,3,3,2,4,4,4,1,2,2,4
STU04473,1,2,3,1,4,2,2,3,3,5
STU04474,1,4,2,2,2,2,2,2,3,3
STU04475,4,3,2,4,2,4,1,2,2,5
STU04476,5,4,2,5,4,4,2,2,2,5
STU04477,1,1,2,2,4,2,1,2,1,4
STU04478,5,4,2,4,4,3,2,2,2,4
STU04479,1,2,2,4,4,4,2,1,2,3
STU04480,4,3,2,2,4,3,1,2,2,5
STU04481,2,1,1,2,3,5,2,2,1,5
STU04482,3,3,2,2,3,4,1,2,2,4
STU04483,1,2,2,2,3,2,1,1,1,5
STU04484,1,2,3,1,4,2,1,5,3,4
STU04485,4,3,2,4,4,4,2,1,2,5
STU04486,4,3,1,2,2,5,2,1,2,5
STU04487,2,4,2,1,3,2,2,2,3,4
STU04488,4,4,2,2,1,3,2,2,2,5
STU04489,1,2,4,2,2,2,2,2,2,3
STU04490,3,2,2,2,2,3,2,4,2,3
STU04491,4,4,1,5,4,3,1,2,1,3
STU04492,4,4,2,5,4,3,1,1,2,4
STU04493,3,5,2,2,2,3,1,2,2,3
STU04494,5,4,2,2,4,2,1,2,2,5
STU04495,3,3,2,3,3,3,1,2,2,3
STU04496,5,4,1,2,2,5,2,2,1,4
STU04497,1,3,4,1,2,2,2,2,2,3
STU04498,1,4,3,2,2,1,2,3,2,3
STU04499,1,2,2,3,4,2,1,3,2,3
STU04500,5,4,2,3,3,3,2,2,2,5
STU04501,5,5,2,4,5,5,1,2,2,5
STU04502,2,2,2,3,4,2,1,2,3,4
STU04503,5,4,2,4,4,2,2,4,2,4
STU04504,5,2,2,5,2,5,1,2,2,5
STU04505,4,4,2,4,2,3,1,2,2,3
STU04506,4,5,2,2,3,3,1,2,2,4
STU04507,2,4,3,2,2,2,2,3,2,4
STU04508,1,2,3,1,4,2,2,2,2,4
STU04509,4,4,1,1,2,2,2,2,4,3
STU04510,2,4,2,1,3,2,2,2,2,4
STU04511,1,4,2,2,2,2,2,1,1,4
STU04512,1,2,2,2,4,2,1,2,2,4
STU04513,2,2,2,4,4,2,2,1,2,3
STU04514,2,2,2,5,4,4,2,2,2,5
STU04515,1,2,2,2,3,2,1,2,2,4
STU04516,1,2,2,1,2,2,1,2,1,3
STU04517,4,5,2,1,3,2,1,2,2,5
STU04518,1,2,3,4,5,2,1,3,3,5
STU04519,1,1,2,1,2,2,1,2,2,3
STU04520,4,2,2,2,4,4,2,2,4,3
STU04521,2,2,4,2,3,2,2,2,1,3
STU04522,1,2,2,2,2,2,1,2,2,5
STU04523,4,5,2,2,2,3,2,2,2,5
STU04524,1,2,2,1,3,5,2,2,3,3
STU04525,1,4,2,2,3,2,2,3,2,5
STU04526,2,3,2,4,4,2,2,2,1,4
STU04527,4,2,1,2,4,2,1,1,2,5
STU04528,2,4,2,2,1,2,2,2,1,3
STU04529,5,5,2,2,2,4,1,2,2,5
STU04530,1,4,1,2,2,1,2,2,2,4
STU04531,3,3,2,3,3,2,2,1,2,4
STU04532,2,4,2,3,3,2,2,2,2,5
STU04533,1,2,2,2,2,1,2,1,3,4
STU04534,1,2,1,3,4,2,1,1,2,3
STU04535,1,4,1,2,3,1,2,1,2,3
STU04536,2,1,2,3,4,1,1,2,3,4
STU04537,1,1,2,2,3,4,2,2,2,4
STU04538,3,3,1,3,4,3,1,1,2,3
STU04539,1,2,1,2,5,2,1,1,2,4
STU04540,5,2,2,3,5,2,1,2,2,4
STU04541,4,5,2,1,4,2,2,2,2,5
STU04542,1,4,2,2,2,2,2,1,2,4
STU04543,2,1,2,2,3,2,1,3,1,3
STU04544,4,4,2,2,2,5,2,2,2,4
STU04545,5,3,4,3,3,1,2,2,2,5
STU04546,1,2,2,2,2,4,2,2,2,4
STU04547,4,2,1,4,4,4,1,2,2,4
STU04548,1,1,2,2,1,2,1,4,2,3
STU04549,4,2,2,2,3,5,2,2,1,5
STU04550,3,2,2,2,2,3,1,1,2,5
STU04551,1,1,2,2,2,2,1,4,2,3
STU04552,1,2,2,1,2,2,1,2,2,2
STU04553,4,3,2,5,5,3,2,2,2,5
STU04554,1,2,1,2,2,2,1,2,1,2
STU04555,5,5,2,4,4,4,2,2,2,5
STU04556,4,4,1,2,2,4,1,2,2,4
STU04557,2,2,2,3,1,2,1,2,1,5
STU04558,2,2,2,2,4,4,2,1,3,5
STU04559,5,3,2,4,2,2,1,1,2,3
STU04560,5,4,2,2,2,5,2,2,2,4
STU04561,1,4,2,1,3,2,2,2,3,3
STU04562,3,3,1,5,4,2,2,2,2,4
STU04563,3,3,2,5,4,2,2,2,1,5
STU04564,4,3,2,3,5,3,2,2,2,3
STU04565,3,4,1,2,3,2,1,2,1,4
STU04566,4,3,2,5,4,2,1,2,2,4
STU04567,5,4,2,3,4,4,2,2,1,4
STU04568,4,3,1,3,4,4,1,2,2,5
STU04569,5,3,2,2,2,4,2,2,4,4
STU04570,4,2,1,3,3,2,1,2,2,5
STU04571,5,4,2,4,4,4,1,2,2,5
STU04572,5,1,2,4,2,1,1,2,4,5
STU04573,4,5,1,4,3,2,2,2,2,2
STU04574,2,2,2,2,2,2,2,2,3,5
STU04575,5,3,2,4,5,2,2,1,1,5
STU04576,2,2,2,2,2,2,2,2,4,4
STU04577,1,4,1,1,2,2,2,2,2,2
STU04578,2,4,2,3,3,1,2,2,2,4
STU04579,4,5,2,4,2,4,1,2,2,4
STU04580,2,2,3,1,5,2,2,4,4,5
STU04581,3,2,1,3,4,4,2,2,2,3
STU04582,2,2,1,1,2,2,2,2,5,3
STU04583,5,4,2,4,5,4,1,2,2,5
STU04584,4,2,1,2,2,3,1,2,2,4
STU04585,3,2,2,5,4,2,2,2,2,5
STU04586,1,2,2,1,2,2,1,2,3,4
STU04587,5,5,2,1,4,2,2,1,2,4
STU04588,1,1,2,2,3,1,1,1,2,3
STU04589,4,4,2,4,4,3,2,2,2,4
STU04590,2,4,2,2,3,1,2,1,1,5
STU04591,2,2,3,3,5,2,1,3,2,4
STU04592,3,2,2,4,4,1,2,2,1,4
STU04593,2,2,2,2,3,4,2,2,3,5
STU04594,5,4,2,4,5,2,1,2,2,5
STU04595,3,2,2,3,2,3,2,2,4,5
STU04596,1,2,2,2,3,4,2,2,2,3
STU04597,3,1,2,5,4,1,2,2,2,4
STU04598,3,2,2,1,2,4,2,2,2,5
STU04599,2,2,1,2,3,2,2,4,1,3
STU04600,2,3,1,3,3,2,2,2,2,2
STU04601,5,5,2,2,2,4,2,2,2,5
STU04602,1,4,2,2,2,2,2,3,2,5
STU04603,5,5,2,4,4,5,1,2,1,5
STU04604,4,1,2,4,4,4,1,2,2,4
STU04605,2,4,1,2,2,1,2,2,2,2
STU04606,4,1,2,2,2,2,1,2,1,4
STU04607,1,4,2,3,2,2,2,2,1,4
STU04608,4,5,2,4,4,2,2,2,2,5
STU04609,1,4,2,2,2,1,2,2,2,4
STU04610,2,2,3,2,1,3,1,2,2,3
STU04611,1,4,3,2,2,2,2,3,2,5
STU04612,3,1,4,2,1,2,2,2,3,3
STU04613,1,4,2,2,3,2,2,1,2,5
STU04614,5,4,2,2,4,5,2,2,2,3
STU04615,5,5,2,4,5,4,1,2,2,5
STU04616,4,3,2,3,4,3,2,2,2,3
STU04617,4,4,2,2,2,5,2,2,1,5
STU04618,1,4,2,1,2,1,2,2,1,3
STU04619,4,5,2,2,2,2,2,2,2,5
STU04620,2,2,1,2,2,2,2,2,4,5
STU04621,2,2,2,2,2,2,2,2,2,2
STU04622,4,3,1,2,3,2,1,2,2,5
STU04623,4,5,2,4,2,4,1,2,1,5
STU04624,1,2,1,2,5,2,1,1,2,3
STU04625,4,3,1,2,2,2,1,1,2,5
STU04626,3,2,2,2,4,2,2,2,4,4
STU04627,4,5,2,1,3,4,1,2,2,5
STU04628,5,3,2,2,2,5,2,2,2,5
STU04629,3,1,2,2,1,1,2,2,4,4
STU04630,1,2,2,2,4,2,1,3,2,3
STU04631,1,4,2,2,2,2,2,2,2,3
STU04632,3,2,2,3,4,2,2,2,2,4
STU04633,1,1,3,3,4,2,2,2,2,5
STU04634,4,4,3,2,4,2,1,3,1,5
STU04635,1,2,4,3,2,2,2,2,1,2
STU04636,5,4,2,5,5,2,1,2,2,5
STU04637,5,5,2,2,1,2,2,2,2,4
STU04638,2,1,4,2,3,1,2,2,2,4
STU04639,3,2,2,1,3,4,2,2,3,5
STU04640,2,1,2,1,3,2,1,2,1,4
STU04641,2,2,2,2,2,2,1,2,1,5
STU04642,5,4,2,4,4,2,2,2,2,5
STU04643,5,4,2,4,4,4,2,1,1,5
STU04644,2,4,2,2,2,2,2,2,2,4
STU04645,5,3,2,2,2,5,2,2,2,4
STU04646,4,5,2,2,2,4,2,2,1,5
STU04647,4,5,2,3,4,2,1,2,2,5
STU04648,4,3,2,3,4,1,2,2,2,4
STU04649,5,4,2,5,4,4,2,2,2,5
STU04650,2,2,2,1,2,1,2,1,4,3
STU04651,5,2,1,3,4,2,1,2,2,4
STU04652,3,2,1,3,3,4,2,2,2,3
STU04653,4,5,2,3,2,1,1,2,2,3
STU04654,3,3,2,2,4,2,2,2,2,4
STU04655,5,5,1,4,2,4,2,2,2,4
STU04656,3,3,2,4,2,2,2,2,4,4
STU04657,3,2,2,4,4,3,2,2,1,4
STU04658,5,3,1,5,4,2,1,2,1,5
STU04659,5,3,1,4,4,4,2,2,2,5
STU04660,4,3,2,3,5,3,1,2,2,3
STU04661,2,4,2,2,2,2,2,2,2,4
STU04662,1,2,2,2,2,4,2,3,2,3
STU04663,2,5,2,2,2,2,1,2,1,5
STU04664,4,4,2,2,4,3,2,2,2,5
STU04665,2,3,2,2,2,5,2,2,2,5
STU04666,1,1,2,2,4,2,1,2,2,3
STU04667,5,4,2,5,5,2,2,4,2,5
STU04668,5,5,2,4,4,2,2,2,1,4
STU04669,1,2,3,2,3,2,2,4,2,4
STU04670,2,4,4,4,4,2,1,4,1,5
STU04671,5,1,2,3,3,5,2,2,2,4
STU04672,2,2,2,2,4,2,2,2,2,4
STU04673,2,5,2,4,4,5,2,2,2,4
STU04674,1,4,2,2,1,1,2,2,1,4
STU04675,5,5,1,4,4,4,2,2,2,4
STU04676,3,2,1,1,1,3,2,2,4,4
STU04677,4,3,2,4,4,3,2,2,2,4
STU04678,5,5,2,2,2,4,1,2,2,5
STU04679,4,5,1,4,2,2,2,2,2,5
STU04680,1,4,2,1,2,1,2,3,2,4
STU04681,3,2,1,2,3,4,2,1,2,4
STU04682,1,1,2,1,2,4,2,2,2,4
STU04683,4,4,2,2,3,3,2,1,2,5
STU04684,1,2,3,3,4,1,1,2,2,4
STU04685,5,3,2,4,4,5,2,2,2,5
STU04686,1,2,3,2,3,1,2,3,4,3
STU04687,5,3,2,1,2,3,2,2,4,5
STU04688,4,4,4,2,4,2,2,2,2,5
STU04689,4,1,2,3,5,1,1,1,3,5
STU04690,1,3,2,2,2,1,2,3,4,4
STU04691,2,2,1,3,4,2,1,1,1,3
STU04692,4,3,1,2,2,5,2,2,2,3
STU04693,2,4,1,3,2,2,1,2,2,2
STU04694,3,2,2,1,2,2,2,2,4,4
STU04695,5,3,1,3,5,4,2,2,2,4
STU04696,1,4,1,2,2,2,2,1,3,4
STU04697,3,3,2,4,4,1,2,2,2,4
STU04698,2,2,4,2,3,2,1,3,4,5
STU04699,5,2,2,3,4,4,2,2,2,4
STU04700,4,5,2,4,2,3,1,2,2,5
STU04701,4,4,1,3,5,4,2,2,2,4
STU04702,4,3,2,2,3,2,2,2,2,4
STU04703,4,3,2,4,4,2,2,1,2,5
STU04704,2,2,2,2,2,2,2,2,4,2
STU04705,3,2,2,4,4,3,2,2,2,3
STU04706,3,2,1,4,4,3,1,1,2,5
STU04707,2,2,2,2,3,2,2,4,3,5
STU04708,2,1,2,3,4,1,2,3,2,2
STU04709,4,5,2,4,3,4,2,2,1,5
STU04710,5,4,2,2,2,5,2,1,2,5
STU04711,2,2,4,2,3,2,2,2,2,4
STU04712,5,4,2,2,2,5,2,4,2,5
STU04713,3,1,1,4,4,3,2,2,1,4
STU04714,2,2,2,2,3,1,2,2,1,4
STU04715,1,2,1,2,2,4,2,2,2,3
STU04716,2,1,2,2,2,1,1,2,2,2
STU04717,3,2,1,2,1,3,1,2,2,3
STU04718,3,2,3,5,4,1,2,3,1,4
STU04719,3,2,2,2,3,2,1,2,1,4
STU04720,1,2,2,1,2,2,1,2,3,4
STU04721,4,4,2,2,2,4,2,1,2,5
STU04722,1,2,3,4,5,2,2,3,3,5
STU04723,5,5,2,4,4,4,2,2,1,4
STU04724,1,1,2,3,4,2,2,1,2,4
STU04725,5,5,2,5,5,4,2,2,2,5
STU04726,2,2,2,2,4,2,2,2,2,4
STU04727,5,4,2,2,2,5,2,2,2,4
STU04728,4,4,2,4,4,4,2,2,2,4
STU04729,2,2,2,3,4,2,2,3,1,4
STU04730,1,2,2,2,2,2,1,2,2,4
STU04731,5,5,2,2,2,4,1,2,2,5
STU04732,4,5,1,2,1,4,2,2,2,4
STU04733,1,2,2,4,4,2,2,2,2,4
STU04734,2,2,4,2,2,2,2,2,2,5
STU04735,5,2,3,2,5,2,2,3,2,5
STU04736,1,2,2,2,2,2,1,2,2,4
STU04737,5,3,2,2,2,4,1,2,2,4
STU04738,1,2,2,2,5,2,2,1,3,3
STU04739,3,1,2,3,2,3,1,2,2,5
STU04740,1,2,2,2,3,1,1,2,2,3
STU04741,1,2,2,2,4,1,1,3,3,4
STU04742,5,2,3,2,4,1,2,3,4,5
STU04743,1,2,2,2,2,3,1,2,2,5
STU04744,3,2,2,2,2,4,2,1,2,4
STU04745,4,5,2,4,2,2,2,2,2,5
STU04746,2,4,2,3,3,2,2,2,4,5
STU04747,3,2,2,2,3,4,2,1,2,4
STU04748,1,2,2,2,2,4,2,2,2,4
STU04749,4,3,2,2,1,5,2,2,2,5
STU04750,4,4,2,2,2,4,2,2,2,4
STU04751,2,4,1,2,2,1,2,2,2,4
STU04752,1,2,2,2,2,2,2,1,2,3
STU04753,2,2,3,2,2,1,1,3,2,3
STU04754,5,5,2,4,4,1,2,2,2,5
STU04755,1,2,1,2,2,2,2,2,4,5
STU04756,4,4,2,2,2,3,2,2,1,4
STU04757,1,4,1,2,3,2,2,2,1,3
STU04758,4,4,2,2,4,4,2,2,2,5
STU04759,3,2,2,2,3,2,1,2,1,5
STU04760,3,3,2,2,3,4,2,2,2,2
STU04761,3,4,2,1,2,2,2,2,2,5
STU04762,1,1,1,1,3,4,2,2,2,2
STU04763,5,3,2,5,4,4,2,2,2,4
STU04764,3,4,2,2,3,2,1,2,2,5
STU04765,1,2,3,2,5,1,2,3,3,5
STU04766,1,2,2,2,3,2,1,2,2,4
STU04767,3,2,1,2,3,4,2,1,1,5
STU04768,5,4,1,3,4,2,1,2,2,4
STU04769,5,4,2,2,2,4,2,2,2,5
STU04770,1,2,1,4,4,1,1,2,2,4
STU04771,1,4,2,3,2,2,2,2,2,2
STU04772,3,5,2,4,4,3,2,2,2,5
STU04773,3,5,2,4,4,3,2,2,2,4
STU04774,4,4,1,4,4,4,2,1,2,5
STU04775,5,3,2,5,4,3,1,1,2,5
STU04776,4,3,1,2,2,1,2,1,4,4
STU04777,1,2,2,1,3,2,2,3,4,3
STU04778,4,5,2,4,2,2,2,2,1,5
STU04779,2,5,2,5,5,2,2,2,2,5
STU04780,1,2,3,3,4,2,2,2,1,4
STU04781,2,1,1,2,4,1,2,2,4,5
STU04782,3,3,1,3,2,3,1,2,2,5
STU04783,2,4,2,2,3,2,2,2,2,4
STU04784,3,4,1,2,3,2,2,2,2,2
STU04785,4,4,2,4,4,2,2,2,2,4
STU04786,2,4,1,2,1,2,2,1,3,4
STU04787,5,4,2,4,3,5,2,2,2,5
STU04788,2,2,2,3,4,2,1,3,2,4
STU04789,5,4,2,2,2,1,1,2,2,5
STU04790,4,5,2,4,2,4,2,2,2,5
STU04791,4,3,2,2,4,5,2,2,2,3
STU04792,2,4,2,3,3,2,1,2,2,2
STU04793,2,2,1,2,2,2,2,4,2,3
STU04794,4,2,2,2,2,2,1,1,1,3
STU04795,2,2,2,3,4,2,2,2,1,4
STU04796,1,1,1,2,2,1,2,2,2,3
STU04797,2,4,2,4,4,4,2,2,2,5
STU04798,4,3,4,4,4,4,1,2,2,5
STU04799,2,4,2,2,3,1,2,2,1,4
STU04800,2,4,3,2,2,2,2,3,2,5
STU04801,1,2,2,3,5,2,2,1,2,5
STU04802,3,3,2,3,4,4,2,1,2,4
STU04803,5,5,1,5,5,4,2,1,2,5
STU04804,1,2,2,4,4,2,2,2,2,4
STU04805,5,4,2,2,2,3,1,2,2,5
STU04806,4,4,2,4,4,2,2,2,2,5
STU04807,4,5,2,4,5,4,2,2,2,4
STU04808,2,5,1,2,1,4,2,1,2,4
STU04809,1,1,2,2,3,2,2,1,4,4
STU04810,5,3,1,4,4,4,1,2,2,4
STU04811,2,4,1,1,3,2,2,2,2,3
STU04812,4,4,2,2,4,3,2,2,1,4
STU04813,2,2,1,4,4,1,2,1,2,4
STU04814,5,5,2,2,4,5,1,2,2,5
STU04815,2,2,2,2,2,3,1,2,2,4
STU04816,4,3,2,2,2,5,2,2,2,4
STU04817,2,4,2,2,2,2,2,2,2,4
STU04818,5,5,2,2,2,4,2,2,2,5
STU04819,1,1,1,3,4,2,1,2,3,3
STU04820,3,4,2,3,2,2,2,2,2,3
STU04821,2,4,2,2,2,3,2,1,2,5
STU04822,1,4,2,2,2,2,2,2,2,3
STU04823,1,2,2,1,2,2,2,1,2,2
STU04824,2,2,4,2,2,3,2,1,3,3
STU04825,1,2,4,1,3,2,2,3,3,4
STU04826,3,4,2,4,4,4,2,2,2,5
STU04827,2,2,1,2,1,4,2,2,3,3
STU04828,4,3,1,5,5,4,1,2,2,5
STU04829,2,2,1,2,2,4,2,2,1,4
STU04830,3,2,3,2,2,1,2,3,4,4
STU04831,1,1,2,2,2,2,2,4,2,3
STU04832,1,2,3,4,4,2,2,2,2,4
STU04833,3,2,2,5,4,4,1,2,2,3
STU04834,1,2,2,3,2,2,1,2,2,5
STU04835,3,2,2,1,1,4,2,2,2,4
STU04836,3,4,3,3,2,2,2,3,2,3
STU04837,3,2,2,3,4,1,1,2,2,4
STU04838,5,3,1,4,5,4,1,1,2,5
STU04839,1,2,1,2,2,4,2,1,2,3
STU04840,4,5,1,1,2,1,1,2,2,4
STU04841,1,2,1,2,1,2,1,4,2,4
STU04842,2,4,2,2,2,3,2,1,2,5
STU04843,4,1,3,2,5,1,1,2,1,2
STU04844,5,5,2,1,5,5,1,1,2,4
STU04845,4,3,2,4,4,2,2,2,2,5
STU04846,1,2,2,2,5,1,1,2,2,3
STU04847,2,2,2,3,4,3,2,2,2,3
STU04848,4,3,1,2,2,5,2,2,2,5
STU04849,2,2,2,2,2,4,2,2,1,2
STU04850,2,2,1,2,2,4,2,2,2,3
STU04851,4,4,2,2,2,5,2,2,2,4
STU04852,2,1,1,2,4,2,2,2,2,3
STU04853,2,2,2,2,2,1,1,1,2,4
STU04854,3,2,2,2,3,2,1,2,2,4
STU04855,3,2,2,2,2,3,1,1,2,4
STU04856,1,2,2,2,1,2,1,1,2,5
STU04857,1,2,2,3,4,3,2,2,2,2
STU04858,3,1,1,2,2,2,1,2,2,3
STU04859,1,1,1,3,4,2,1,2,2,4
STU04860,2,2,3,2,3,2,2,4,4,5
STU04861,4,4,1,2,1,4,2,2,1,4
STU04862,1,2,2,1,2,2,2,4,2,3
STU04863,1,2,2,3,4,2,2,2,2,4
STU04864,5,3,2,5,4,4,2,2,2,5
STU04865,4,2,3,3,3,4,2,3,2,5
STU04866,1,2,2,3,4,2,1,2,2,4
STU04867,3,2,2,2,3,2,1,2,3,5
STU04868,1,4,2,2,3,2,2,2,1,3
STU04869,3,3,2,4,4,2,2,2,1,5
STU04870,1,2,1,2,2,4,2,1,2,2
STU04871,2,2,1,4,4,2,2,2,2,4
STU04872,2,1,2,2,2,4,2,2,2,4
STU04873,1,2,2,3,4,1,1,2,1,3
STU04874,4,2,2,4,2,5,2,2,2,5
STU04875,4,1,2,1,1,5,2,2,2,4
STU04876,3,2,2,2,3,1,2,4,2,5
STU04877,3,4,1,1,3,2,2,1,2,3
STU04878,3,2,2,2,3,2,2,4,3,3
STU04879,4,3,1,2,2,4,2,2,2,4
STU04880,1,2,2,3,4,1,1,1,3,5
STU04881,2,2,2,1,2,5,2,1,2,5
STU04882,4,5,2,4,2,3,1,2,2,5
STU04883,2,1,1,1,3,2,2,2,4,2
STU04884,1,2,2,2,2,2,2,4,2,3
STU04885,4,2,2,3,4,2,1,2,2,3
STU04886,2,1,2,1,3,2,2,1,4,2
STU04887,2,4,1,2,2,2,2,2,2,3
STU04888,3,2,2,5,4,2,2,2,2,5
STU04889,2,1,3,2,5,2,1,3,1,3
STU04890,1,1,2,2,4,2,2,2,2,4
STU04891,3,5,2,2,2,2,2,2,2,4
STU04892,1,2,3,2,3,4,2,4,4,5
STU04893,4,5,2,2,2,1,2,2,2,3
STU04894,1,2,2,5,4,2,1,2,2,5
STU04895,2,2,1,4,4,2,2,1,2,3
STU04896,3,2,3,2,1,4,2,3,2,5
STU04897,3,1,2,2,2,2,1,2,1,4
STU04898,4,2,2,2,2,5,2,2,2,5
STU04899,1,2,2,4,4,2,1,1,2,4
STU04900,3,3,2,2,2,4,2,2,2,5
STU04901,4,4,1,4,2,4,1,4,2,5
STU04902,1,4,3,2,3,1,1,3,3,4
STU04903,5,5,2,2,2,2,2,2,2,5
STU04904,5,5,2,2,2,5,2,2,2,5
STU04905,4,3,2,5,4,2,2,2,2,5
STU04906,5,5,2,2,3,2,1,2,2,5
STU04907,3,2,2,2,2,2,2,2,4,3
STU04908,1,2,2,2,4,2,2,2,2,4
STU04909,3,2,1,2,2,4,2,2,2,4
STU04910,1,2,2,2,2,4,2,3,2,4
STU04911,5,5,2,5,5,4,1,2,2,4
STU04912,3,3,2,4,4,1,2,2,2,5
STU04913,2,2,2,2,4,1,2,2,2,4
STU04914,3,1,2,4,4,2,2,1,1,3
STU04915,1,2,2,2,1,2,1,4,2,4
STU04916,2,1,2,2,2,4,2,2,2,4
STU04917,5,5,2,2,1,4,2,2,2,5
STU04918,3,3,2,4,2,2,1,2,2,4
STU04919,4,5,2,2,1,4,2,2,2,5
STU04920,3,5,2,2,2,2,2,2,2,4
STU04921,4,3,1,2,2,4,1,2,2,4
STU04922,2,4,2,2,3,2,2,2,2,4
STU04923,5,4,4,4,5,3,2,2,2,5
STU04924,1,1,2,2,3,1,2,2,3,4
STU04925,1,4,2,3,4,4,1,2,2,5
STU04926,5,2,2,4,5,4,2,1,2,4
STU04927,5,4,2,5,2,4,2,2,1,5
STU04928,2,2,2,2,2,4,2,2,2,3
STU04929,1,2,2,2,3,1,1,2,2,5
STU04930,2,2,2,3,4,2,2,3,2,4
STU04931,4,3,2,3,4,2,2,2,2,4
STU04932,2,2,3,3,4,2,1,2,2,5
STU04933,3,1,2,1,2,1,1,2,1,4
STU04934,4,3,4,1,3,4,2,2,1,5
STU04935,2,2,2,2,2,2,2,2,4,3
STU04936,1,2,2,3,3,2,1,3,1,3
STU04937,4,3,2,4,4,4,2,2,2,4
STU04938,4,2,2,2,1,4,2,2,2,4
STU04939,2,1,2,4,5,2,1,2,2,4
STU04940,1,2,2,2,3,1,2,2,2,4
STU04941,2,4,2,3,3,2,2,2,2,5
STU04942,4,4,2,2,4,2,2,2,2,5
STU04943,5,3,2,5,4,4,1,1,2,5
STU04944,4,4,2,2,2,3,2,1,2,5
STU04945,5,5,2,5,4,5,2,2,2,5
STU04946,4,5,1,2,2,4,2,2,2,4
STU04947,2,4,1,2,2,2,2,2,2,3
STU04948,1,2,2,4,4,2,2,2,2,3
STU04949,1,2,2,1,5,2,1,2,3,4
STU04950,1,2,2,2,2,2,2,2,4,4
STU04951,1,2,1,3,3,1,1,2,1,3
STU04952,1,1,2,3,3,2,2,4,2,4
STU04953,1,2,2,4,4,2,2,2,2,3
STU04954,1,2,2,2,3,2,2,4,2,4
STU04955,1,4,1,1,3,2,2,2,2,3
STU04956,3,2,2,4,4,2,2,1,3,4
STU04957,4,3,1,4,4,4,2,2,2,4
STU04958,1,2,2,3,2,2,1,3,1,4
STU04959,1,4,2,2,2,2,2,2,1,4
STU04960,1,2,2,2,3,4,2,2,2,4
STU04961,1,2,1,4,4,2,2,2,2,4
STU04962,4,2,4,1,4,2,2,2,3,5
STU04963,1,2,1,2,3,1,2,2,4,4
STU04964,2,4,2,1,2,2,2,2,2,4
STU04965,3,2,2,4,4,3,2,1,1,4
STU04966,3,2,2,4,4,2,1,2,2,3
STU04967,3,4,1,2,2,1,2,2,3,5
STU04968,3,4,1,2,3,1,2,2,1,4
STU04969,1,2,4,1,2,2,2,3,2,3
STU04970,2,2,2,4,4,2,2,2,1,2
STU04971,3,3,2,2,2,2,1,1,2,5
STU04972,4,4,1,3,2,2,2,2,1,5
STU04973,1,2,3,2,3,2,1,4,2,2
STU04974,3,2,2,4,4,2,2,2,2,5
STU04975,2,2,4,1,2,2,2,2,2,3
STU04976,2,2,2,2,4,2,2,2,2,4
STU04977,2,1,2,2,2,4,2,2,2,4
STU04978,1,1,2,1,4,1,2,2,2,4
STU04979,1,2,2,5,4,2,1,3,2,4
STU04980,4,2,2,2,4,5,2,2,2,5
STU04981,3,3,1,4,4,3,1,2,1,4
STU04982,4,1,1,2,5,2,1,1,2,4
STU04983,4,2,2,4,1,4,1,2,2,5
STU04984,5,4,2,4,4,3,2,2,2,5
STU04985,5,1,1,5,4,4,2,2,1,4
STU04986,1,2,2,1,3,2,2,1,4,4
STU04987,3,2,2,1,1,3,2,4,2,4
STU04988,2,5,2,2,2,2,2,1,2,4
STU04989,1,2,2,2,3,2,2,2,2,4
STU04990,2,1,2,4,4,2,2,2,2,4
STU04991,1,1,3,4,4,2,2,2,2,4
STU04992,3,4,2,1,3,1,2,2,2,3
STU04993,1,1,1,4,4,3,2,2,1,3
STU04994,1,2,2,1,2,1,2,2,2,3
STU04995,3,4,2,2,2,3,2,2,2,3
STU04996,1,4,2,2,4,2,1,3,2,5
STU04997,2,2,2,2,5,2,1,2,2,4
STU04998,2,2,3,3,2,2,1,3,2,5
STU04999,1,2,3,2,3,2,1,3,4,5
STU05000,3,2,3,1,2,2,2,2,2,4
STU05001,2,2,2,3,4,2,1,2,2,4
STU05002,1,2,1,2,2,2,1,2,2,3
STU05003,4,3,2,4,2,5,2,2,2,5
STU05004,5,5,2,2,2,2,2,2,2,5
STU05005,2,1,2,3,4,1,1,1,2,4
STU05006,1,1,2,4,4,1,1,2,2,4
STU05007,1,2,2,3,4,1,1,2,2,4
STU05008,1,1,2,4,4,2,2,2,1,4
STU05009,4,3,1,2,3,4,1,2,2,4
STU05010,2,1,2,2,2,1,2,4,1,2
STU05011,5,5,1,5,2,4,2,2,2,5
STU05012,5,3,2,2,2,5,2,2,2,5
STU05013,5,5,2,2,2,3,2,2,2,5
STU05014,1,2,1,2,2,2,2,2,4,3
STU05015,2,2,1,1,2,4,2,2,3,4
STU05016,1,2,1,2,2,4,2,2,1,3
STU05017,3,4,1,2,2,3,2,2,2,3
STU05018,1,2,1,2,4,2,2,2,2,3
STU05019,4,3,2,1,2,4,2,2,2,3
STU05020,3,2,2,2,3,4,2,2,2,5
STU05021,4,3,2,2,4,2,2,1,1,5
STU05022,2,2,2,4,4,1,1,1,2,4
STU05023,5,3,1,4,5,3,1,2,2,5
STU05024,1,4,3,2,2,2,2,2,2,3
STU05025,2,2,2,2,2,2,1,2,2,5
STU05026,2,3,2,4,4,2,1,2,2,3
STU05027,1,4,2,1,2,2,2,3,2,3
STU05028,4,3,2,4,4,4,1,2,2,5
STU05029,1,2,2,4,4,2,2,2,2,5
STU05030,3,1,1,4,5,2,2,2,2,3
STU05031,3,3,2,2,4,2,2,2,2,4
STU05032,3,3,2,3,4,3,2,1,2,5
STU05033,5,4,4,5,5,4,2,2,2,5
STU05034,3,1,4,2,2,2,2,2,2,3
STU05035,1,2,2,2,2,4,2,2,1,3
STU05036,2,2,4,3,1,2,2,2,2,4
STU05037,5,5,2,4,4,2,1,2,2,5
STU05038,5,4,2,5,5,5,1,2,2,4
STU05039,1,2,3,2,4,2,2,2,4,5
STU05040,5,4,2,5,4,5,2,2,2,5
STU05041,2,3,2,3,3,2,1,2,2,3
STU05042,4,4,2,2,4,2,1,2,1,4
STU05043,4,2,1,4,4,2,1,1,2,4
STU05044,1,2,2,2,2,2,2,2,4,2
STU05045,2,4,2,2,1,4,2,2,1,5
STU05046,4,3,4,4,2,2,2,2,2,5
STU05047,5,3,1,2,4,1,1,2,2,5
STU05048,5,1,2,2,2,5,2,2,2,4
STU05049,4,1,2,2,3,4,2,2,2,5
STU05050,4,5,2,4,4,3,2,2,2,5
STU05051,4,2,2,3,4,2,1,2,2,4
STU05052,2,2,1,2,4,2,1,2,2,3
STU05053,3,4,2,3,3,2,2,2,2,5
STU05054,5,5,4,4,4,5,1,2,2,4
STU05055,1,2,1,2,2,1,2,2,4,4
STU05056,1,1,2,2,2,2,2,1,4,5
STU05057,3,2,2,1,3,2,2,1,4,4
STU05058,1,2,2,3,4,2,1,2,2,4
STU05059,3,4,2,3,5,3,2,2,2,4
STU05060,5,2,2,2,4,5,2,2,2,5
STU05061,1,2,2,2,3,4,2,1,2,5
STU05062,5,5,2,2,2,2,1,2,2,5
STU05063,4,2,2,2,5,2,2,2,1,3
STU05064,4,5,1,2,4,2,2,1,2,5
STU05065,4,4,3,1,4,2,2,4,4,3
STU05066,4,2,2,2,2,5,2,2,2,4
STU05067,4,3,2,5,4,2,2,2,2,4
STU05068,2,2,4,2,3,2,2,3,2,4
STU05069,4,3,2,3,5,4,2,2,2,5
STU05070,1,2,2,2,3,2,2,2,4,5
STU05071,1,1,2,2,2,1,2,2,4,4
STU05072,1,2,3,2,2,4,2,3,1,4
STU05073,5,3,2,2,1,3,1,2,2,5
STU05074,4,3,1,5,5,3,1,2,1,5
STU05075,5,4,2,4,3,4,2,4,2,5
STU05076,2,1,1,1,3,1,1,1,2,3
STU05077,3,2,1,2,2,4,2,2,1,3
STU05078,4,5,2,4,2,4,2,2,2,5
STU05079,5,5,2,2,4,4,2,2,2,5
STU05080,1,2,3,2,4,2,1,4,4,5
STU05081,1,2,1,3,4,1,2,1,3,2
STU05082,4,3,1,4,3,1,2,2,4,5
STU05083,5,5,2,2,2,2,2,2,2,5
STU05084,4,2,1,4,4,2,2,2,2,5
STU05085,4,3,2,4,2,5,2,2,2,5
STU05086,5,3,2,4,2,5,2,2,2,5
STU05087,4,5,1,4,4,2,2,1,2,5
STU05088,1,2,2,2,1,2,1,2,2,4
STU05089,2,2,2,2,1,1,2,1,4,4
STU05090,1,2,2,3,4,1,1,2,2,4
STU05091,4,2,2,2,4,2,2,2,2,3
STU05092,4,4,2,1,2,3,2,2,2,5
STU05093,5,5,2,2,2,3,2,2,2,5
STU05094,1,1,2,2,5,1,1,3,2,5
STU05095,5,4,2,2,3,2,2,2,4,5
STU05096,2,2,1,3,4,1,1,2,2,3
STU05097,4,3,1,3,3,4,2,2,2,4
STU05098,4,3,2,4,4,3,1,2,2,3
STU05099,2,4,2,2,2,2,1,2,3,3
STU05100,1,2,3,1,2,1,2,4,2,2
STU05101,2,4,1,2,2,2,2,2,2,3
STU05102,1,2,2,2,2,1,1,4,3,5
STU05103,1,3,2,4,5,2,1,2,2,3
STU05104,4,5,1,2,3,2,1,2,2,5
STU05105,3,1,4,2,3,2,2,2,2,4
STU05106,2,2,3,1,1,4,2,2,1,4
STU05107,4,2,2,4,3,2,1,1,2,5
STU05108,5,5,2,4,4,4,1,2,2,4
STU05109,1,4,3,2,2,2,2,2,3,5
STU05110,4,2,2,4,4,3,1,2,2,5
STU05111,4,3,2,4,4,3,2,2,2,5
STU05112,4,4,2,5,4,2,2,2,2,3
STU05113,2,2,2,3,4,1,1,2,2,3
STU05114,4,5,2,1,2,3,2,2,1,3
STU05115,2,2,4,3,3,2,2,3,2,4
STU05116,1,2,2,2,1,4,2,2,2,3
STU05117,2,2,2,2,3,2,2,2,4,4
STU05118,2,3,1,2,2,4,2,2,2,1
STU05119,1,1,2,2,2,4,2,2,2,4
STU05120,5,4,2,4,4,4,1,1,2,5
STU05121,4,5,2,4,2,4,1,2,1,5
STU05122,5,5,2,2,4,3,1,2,1,5
STU05123,4,3,4,4,1,2,2,1,2,4
STU05124,4,3,2,4,4,3,2,2,2,5
STU05125,2,3,1,1,2,1,1,4,2,3
STU05126,1,2,2,4,4,2,2,1,2,3
STU05127,1,1,2,4,4,2,2,2,2,3
STU05128,5,2,2,3,4,4,2,2,4,5
STU05129,1,2,1,2,3,2,2,4,3,3
STU05130,3,2,2,2,2,3,1,2,2,4
STU05131,5,2,2,5,4,4,1,2,2,5
STU05132,3,3,2,2,1,1,1,2,2,5
STU05133,4,3,2,2,2,4,1,2,2,5
STU05134,4,4,2,2,2,4,2,2,2,5
STU05135,2,4,2,2,2,5,2,2,2,5
STU05136,5,2,4,2,2,4,2,2,2,5
STU05137,3,1,3,4,5,2,2,3,2,5
STU05138,4,5,1,2,2,4,2,2,2,5
STU05139,2,1,3,3,4,2,1,3,2,4
STU05140,2,1,1,3,4,2,1,1,2,4
STU05141,1,4,3,2,3,2,1,4,2,5
STU05142,1,4,1,2,2,3,2,2,1,3
STU05143,2,4,3,2,2,2,2,2,2,3
STU05144,5,5,2,2,2,4,2,2,2,5
STU05145,4,4,2,3,3,4,1,2,2,3
STU05146,1,2,2,3,4,2,1,2,2,3
STU05147,5,5,2,2,2,3,2,2,2,5
STU05148,1,2,4,2,2,2,2,2,1,4
STU05149,5,5,2,1,2,3,2,2,2,5
STU05150,4,2,1,2,2,3,1,1,2,3
STU05151,3,2,1,3,2,2,1,2,1,5
STU05152,4,4,2,3,2,5,2,2,2,5
STU05153,1,4,2,1,2,2,2,2,2,3
STU05154,3,4,2,2,1,3,2,2,3,4
STU05155,1,2,2,1,3,1,2,2,2,3
STU05156,3,1,2,2,2,2,1,2,2,4
STU05157,3,4,1,4,3,2,2,2,1,4
STU05158,1,4,2,2,3,2,2,2,2,4
STU05159,1,2,1,5,4,2,1,2,1,3
STU05160,5,5,2,2,4,1,2,2,2,4
STU05161,1,2,3,2,4,1,2,3,2,4
STU05162,5,5,2,2,2,4,2,2,2,5
STU05163,1,1,2,4,4,2,1,2,2,3
STU05164,1,1,2,2,3,1,1,4,2,3
STU05165,4,2,2,4,4,3,1,2,2,5
STU05166,5,4,2,2,2,4,1,2,2,5
STU05167,5,3,2,4,2,2,2,2,4,5
STU05168,4,5,2,2,2,3,2,2,2,4
STU05169,1,2,2,2,5,2,1,3,3,4
STU05170,5,3,2,5,5,2,2,2,2,5
STU05171,1,2,2,4,4,2,2,2,2,2
STU05172,1,2,1,4,5,2,1,2,2,4
STU05173,5,4,2,5,5,4,2,2,2,5
STU05174,5,1,2,2,4,4,2,4,2,5
STU05175,3,3,1,4,4,3,2,2,2,4
STU05176,5,4,1,4,4,5,2,1,2,5
STU05177,2,4,2,2,2,2,2,2,2,3
STU05178,1,4,2,2,2,2,1,2,1,4
STU05179,1,5,2,1,3,1,2,2,3,4
STU05180,3,2,1,4,4,2,2,2,2,3
STU05181,5,1,2,1,4,5,2,2,2,5
STU05182,5,3,2,5,5,2,1,2,2,5
STU05183,1,4,2,2,3,2,2,2,2,3
STU05184,2,2,2,2,2,3,1,1,1,4
STU05185,5,4,1,4,4,4,1,2,2,5
STU05186,1,2,3,4,4,2,2,3,1,4
STU05187,2,2,2,2,2,2,2,2,4,3
STU05188,4,5,2,2,2,3,2,2,2,5
STU05189,2,1,2,4,4,4,2,2,3,5
STU05190,2,4,1,1,2,1,2,2,2,3
STU05191,2,2,2,2,3,2,2,2,2,5
STU05192,2,3,1,1,3,2,1,1,2,4
STU05193,1,2,2,2,3,2,1,2,2,4
STU05194,3,2,1,2,3,2,2,2,4,3
STU05195,5,4,1,2,3,3,2,2,2,4
STU05196,1,1,2,1,2,2,1,3,2,4
STU05197,5,5,2,5,5,2,2,2,2,5
STU05198,4,4,3,2,1,2,2,3,2,4
STU05199,5,3,1,2,2,4,1,2,2,4
STU05200,5,4,2,2,5,5,2,2,2,5
STU05201,5,5,2,2,4,2,1,2,2,5
STU05202,1,2,2,3,4,1,1,2,2,5
STU05203,3,4,2,2,1,3,2,2,2,4
STU05204,2,2,1,2,2,4,2,3,2,2
STU05205,3,3,1,2,2,2,1,2,2,3
STU05206,3,3,2,2,2,3,1,2,2,2
STU05207,4,2,2,2,4,2,1,3,3,5
STU05208,2,2,4,2,3,2,2,2,2,4
STU05209,3,5,2,2,2,3,2,2,2,5
STU05210,1,2,2,2,2,2,2,2,2,4
STU05211,5,3,5,2,2,2,1,2,2,3
STU05212,4,2,2,1,1,4,1,2,2,5
STU05213,1,2,2,2,5,2,1,2,2,5
STU05214,1,1,2,2,1,4,2,1,3,3
STU05215,4,3,2,2,3,2,2,2,2,5
STU05216,2,2,1,3,3,1,2,1,4,4
STU05217,4,2,2,2,2,2,1,2,2,5
STU05218,3,3,4,1,2,2,2,2,2,3
STU05219,1,2,2,2,3,2,1,3,3,2
STU05220,1,1,1,2,2,2,2,2,4,4
STU05221,5,5,2,2,1,3,1,2,2,5
STU05222,3,4,2,2,2,2,2,1,2,5
STU05223,3,2,2,2,2,2,1,2,2,4
STU05224,4,3,2,1,4,3,2,2,4,5
STU05225,2,2,2,2,2,4,2,2,2,4
STU05226,2,2,1,3,4,2,2,2,2,3
STU05227,1,3,2,4,4,2,2,1,2,5
STU05228,2,4,2,2,2,2,2,2,2,4
STU05229,4,2,4,1,4,4,2,1,2,5
STU05230,1,2,2,3,3,1,1,1,2,3
STU05231,2,4,1,2,2,1,2,1,2,4
STU05232,4,5,1,4,2,1,2,2,2,4
STU05233,2,1,2,2,3,2,2,1,2,4
STU05234,2,4,1,2,2,2,2,2,2,3
STU05235,1,2,2,2,2,1,1,1,1,2
STU05236,1,2,2,2,2,2,1,2,2,3
STU05237,3,1,3,3,4,2,1,2,2,4
STU05238,1,2,3,2,2,4,2,2,2,4
STU05239,3,3,2,2,1,4,2,2,2,4
STU05240,1,2,2,3,5,2,1,3,1,4
STU05241,1,1,2,2,5,2,1,2,3,5
STU05242,5,5,2,5,5,4,2,2,2,4
STU05243,1,2,2,2,3,2,2,4,2,2
STU05244,5,1,2,5,5,3,2,2,2,5
STU05245,1,2,4,5,5,1,2,3,4,5
STU05246,5,5,1,4,4,3,2,2,1,5
STU05247,2,4,2,2,3,2,2,2,2,5
STU05248,5,4,3,2,4,1,2,4,4,5
STU05249,2,2,3,2,3,1,2,4,2,3
STU05250,5,4,4,4,2,4,2,2,2,5
STU05251,1,4,1,2,2,2,2,2,2,4
STU05252,4,5,2,2,2,2,2,2,2,3
STU05253,1,1,2,3,2,4,2,2,2,5
STU05254,1,4,2,1,1,2,2,3,3,4
STU05255,2,2,2,1,3,2,2,2,1,2
STU05256,1,2,3,2,1,2,1,2,2,4
STU05257,2,2,2,3,1,2,2,3,4,4
STU05258,1,1,2,2,4,2,1,2,2,5
STU05259,5,5,2,4,5,2,2,2,2,5
STU05260,2,2,2,4,4,2,2,1,2,3
STU05261,2,4,2,1,2,1,2,2,2,4
STU05262,3,2,2,4,4,2,2,2,2,3
STU05263,2,2,2,2,5,2,1,2,3,5
STU05264,1,2,2,2,3,2,1,2,2,3
STU05265,2,2,3,4,1,2,1,3,2,5
STU05266,2,4,2,1,2,2,2,2,2,4
STU05267,3,4,2,3,4,3,2,2,2,2
STU05268,4,3,2,3,5,4,1,2,2,5
STU05269,1,2,3,2,3,2,2,2,4,3
STU05270,1,2,2,2,2,4,2,2,1,3
STU05271,2,2,2,4,4,2,2,1,1,4
STU05272,1,2,2,4,4,1,2,2,2,3
STU05273,4,1,4,2,4,2,2,3,2,4
STU05274,1,2,1,2,3,2,1,1,4,2
STU05275,5,2,4,2,4,2,2,4,4,5
STU05276,2,5,2,2,2,4,2,2,1,4
STU05277,5,5,2,4,4,2,1,2,2,4
STU05278,4,5,2,2,2,4,2,2,2,3
STU05279,2,4,1,1,2,2,2,2,2,3
STU05280,3,2,3,1,3,2,1,2,2,4
STU05281,1,2,2,2,5,2,1,2,2,4
STU05282,2,4,2,2,3,2,2,3,2,5
STU05283,5,4,1,5,4,2,2,2,2,5
STU05284,4,4,2,1,2,4,1,2,2,5
STU05285,3,3,2,3,4,2,1,2,2,4
STU05286,1,2,2,1,5,2,1,3,2,3
STU05287,4,4,2,4,2,5,2,2,2,5
STU05288,2,2,2,1,1,2,1,2,2,3
STU05289,2,2,2,2,2,4,2,2,2,3
STU05290,2,2,1,3,4,2,1,1,2,4
STU05291,3,2,2,2,2,4,2,1,1,5
STU05292,1,2,2,2,2,2,2,2,4,3
STU05293,1,5,2,2,1,4,2,2,2,5
STU05294,4,5,2,2,2,4,2,1,1,5
STU05295,3,2,3,2,2,4,2,3,2,3
STU05296,3,1,2,3,3,2,2,2,3,5
STU05297,3,3,2,2,2,4,2,2,2,3
STU05298,4,5,2,1,4,3,2,2,2,4
STU05299,4,5,1,1,2,2,2,2,1,4
STU05300,5,5,2,4,4,4,1,2,2,5
STU05301,5,3,4,4,2,4,2,2,2,5
STU05302,5,5,2,4,2,4,2,2,2,5
STU05303,1,2,2,3,2,2,2,4,2,4
STU05304,4,3,1,5,5,4,1,2,2,5
STU05305,3,2,2,2,5,1,1,1,2,3
STU05306,2,4,2,2,2,2,2,2,1,4
STU05307,3,4,1,1,3,3,2,2,2,3
STU05308,2,2,2,1,2,2,1,4,2,4
STU05309,2,1,2,4,4,2,2,2,1,3
STU05310,5,4,4,2,4,4,1,2,2,5
STU05311,5,3,2,5,5,4,2,2,2,5
STU05312,4,5,2,4,2,2,1,2,2,5
STU05313,1,2,1,2,5,2,1,2,2,2
STU05314,5,5,2,2,2,5,2,2,2,4
STU05315,5,3,2,3,4,2,1,2,2,4
STU05316,1,2,2,1,2,4,2,3,2,3
STU05317,5,5,2,2,2,1,2,2,2,5
STU05318,2,2,4,3,5,2,1,3,4,5
STU05319,2,1,2,1,2,4,1,2,3,4
STU05320,1,4,2,2,2,2,2,2,2,4
STU05321,2,4,2,1,2,2,2,2,2,4
STU05322,1,2,2,2,4,2,1,2,2,3
STU05323,5,5,2,1,5,2,1,2,2,4
STU05324,5,5,2,4,5,4,2,2,2,4
STU05325,5,5,1,2,2,2,2,2,1,5
STU05326,3,4,2,2,2,1,2,2,2,4
STU05327,1,4,2,2,3,1,2,2,2,2
STU05328,5,5,2,2,4,4,1,2,2,5
STU05329,4,5,2,2,2,3,2,2,2,5
STU05330,3,2,2,3,2,4,2,2,2,4
STU05331,1,2,2,2,2,2,1,5,2,2
STU05332,2,2,1,4,4,2,1,2,2,3
STU05333,1,2,3,1,4,2,2,2,2,4
STU05334,5,5,2,4,4,4,1,2,2,5
STU05335,5,4,2,4,4,2,2,2,2,4
STU05336,4,3,2,2,2,2,1,2,2,4
STU05337,5,5,2,4,2,1,2,2,2,5
STU05338,2,2,1,2,2,2,2,2,2,4
STU05339,4,5,1,2,2,4,1,2,2,5
STU05340,1,2,2,1,5,2,1,2,2,4
STU05341,4,5,1,4,2,3,2,2,2,5
STU05342,5,4,2,5,5,3,1,2,2,5
STU05343,3,4,2,2,3,3,2,2,2,4
STU05344,3,1,1,2,4,1,1,1,2,4
STU05345,1,2,3,3,5,1,1,2,2,4
STU05346,1,1,2,4,4,2,1,2,2,3
STU05347,3,2,2,2,4,2,2,2,2,3
STU05348,2,1,1,2,2,4,2,2,3,4
STU05349,2,4,2,2,3,1,2,2,1,4
STU05350,4,2,2,1,2,5,2,1,2,5
STU05351,1,1,3,1,2,1,2,4,2,4
STU05352,2,1,2,4,4,2,1,2,2,4
STU05353,1,1,2,2,5,2,1,2,1,5
STU05354,1,2,4,2,2,2,2,1,2,3
STU05355,4,2,1,3,4,2,2,2,2,4
STU05356,4,3,2,4,2,3,2,2,4,5
STU05357,2,2,2,2,1,2,1,2,2,2
STU05358,5,3,4,2,2,2,2,2,2,5
STU05359,1,1,2,2,1,2,1,2,2,4
STU05360,3,5,2,2,2,2,1,2,2,5
STU05361,4,3,4,3,2,4,2,2,2,3
STU05362,5,4,2,1,2,5,2,2,2,5
STU05363,1,4,1,2,3,2,2,2,2,4
STU05364,4,4,2,4,4,4,2,2,2,4
STU05365,1,2,2,1,4,1,1,1,1,3
STU05366,4,4,2,2,2,3,1,2,2,5
STU05367,1,2,2,2,2,2,2,2,4,5
STU05368,1,2,2,4,4,2,1,2,2,4
STU05369,4,2,1,5,5,4,1,2,2,4
STU05370,5,4,2,4,4,5,2,2,2,4
STU05371,4,2,2,3,5,2,1,3,2,3
STU05372,1,4,1,1,1,2,2,2,2,4
STU05373,5,5,2,4,5,5,2,2,2,5
STU05374,1,2,2,3,4,1,1,2,1,4
STU05375,1,2,1,2,2,2,1,4,3,2
STU05376,4,3,4,2,2,3,2,2,2,5
STU05377,1,2,2,2,3,4,2,3,2,3
STU05378,4,4,2,2,2,3,2,2,2,4
STU05379,1,2,2,1,4,1,1,2,1,3
STU05380,5,4,2,2,2,4,2,2,2,5
STU05381,5,3,2,2,2,5,2,2,2,3
STU05382,5,5,1,4,4,5,1,4,2,5
STU05383,4,3,2,3,3,4,2,2,4,5
STU05384,1,2,2,2,2,4,2,2,2,3
STU05385,2,3,2,3,2,2,2,1,4,4
STU05386,2,2,2,1,3,2,1,2,3,3
STU05387,2,2,2,2,3,1,1,2,2,4
STU05388,2,2,2,2,1,2,1,2,4,4
STU05389,2,4,2,2,2,2,2,2,1,4
STU05390,4,3,2,2,2,4,2,2,2,4
STU05391,5,3,2,5,5,3,1,2,2,5
STU05392,4,3,2,3,3,4,2,1,2,5
STU05393,2,2,3,2,4,2,2,5,2,5
STU05394,5,4,4,5,2,2,2,2,2,5
STU05395,2,2,2,2,3,1,1,2,3,3
STU05396,3,2,2,4,4,3,1,2,2,5
STU05397,1,1,2,2,3,2,2,2,4,4
STU05398,1,2,4,2,2,2,2,3,2,3
STU05399,1,2,2,3,2,2,1,2,2,2
STU05400,2,3,1,3,4,3,1,2,2,3
STU05401,3,4,2,2,3,2,2,1,2,5
STU05402,2,2,1,2,5,1,1,2,1,3
STU05403,4,4,2,5,4,3,1,2,1,5
STU05404,3,1,2,2,3,4,1,2,1,4
STU05405,4,5,2,4,2,4,2,2,2,5
STU05406,5,5,2,5,2,5,2,2,4,5
STU05407,2,4,2,1,2,2,2,2,2,4
STU05408,4,3,2,2,2,4,2,2,2,5
STU05409,5,4,1,2,1,4,1,2,1,5
STU05410,1,1,4,2,2,2,2,2,2,3
STU05411,4,5,2,2,2,3,1,2,2,5
STU05412,2,2,1,2,5,1,2,2,3,5
STU05413,4,5,2,3,3,1,1,2,2,4
STU05414,4,3,2,2,2,4,2,2,2,5
STU05415,5,2,1,5,5,4,2,2,2,4
STU05416,2,2,2,1,2,1,2,2,2,2
STU05417,2,2,3,2,2,4,2,3,2,3
STU05418,5,4,2,5,4,3,2,2,2,4
STU05419,5,2,3,3,5,2,2,3,2,5
STU05420,2,4,2,1,1,2,2,1,1,4
STU05421,3,2,1,3,2,2,1,2,3,2
STU05422,1,4,3,1,2,1,2,3,2,4
STU05423,5,5,2,2,2,2,2,2,2,5
STU05424,5,5,2,4,4,2,1,2,2,5
STU05425,2,1,2,1,2,4,2,2,3,3
STU05426,5,5,2,1,2,3,2,2,2,4
STU05427,5,5,2,2,2,4,2,2,2,4
STU05428,3,2,1,2,3,4,2,2,2,4
STU05429,2,2,2,1,5,2,1,3,3,3
STU05430,1,1,1,3,4,2,1,2,3,3
STU05431,3,1,2,2,2,4,2,2,1,5
STU05432,2,2,4,1,1,1,2,3,1,4
STU05433,4,3,4,3,2,2,2,2,2,5
STU05434,5,5,2,4,2,4,1,2,2,5
STU05435,5,5,2,2,3,4,1,2,2,5
STU05436,3,1,2,3,4,2,1,2,2,3
STU05437,2,2,1,1,4,2,1,2,2,3
STU05438,2,2,2,3,4,2,1,2,2,4
STU05439,5,5,2,5,5,2,2,2,2,5
STU05440,2,2,2,5,4,2,1,2,3,4
STU05441,5,5,2,3,4,2,1,2,2,4
STU05442,5,2,4,2,2,4,2,2,1,5
STU05443,1,2,2,2,2,2,2,2,4,2
STU05444,1,2,2,2,3,1,2,2,4,4
STU05445,2,2,2,1,3,2,2,2,4,4
STU05446,4,2,1,2,2,2,1,2,2,3
STU05447,1,2,2,2,3,4,2,2,2,3
STU05448,2,4,2,2,2,3,2,2,2,3
STU05449,4,3,2,2,2,4,2,2,2,4
STU05450,4,2,2,2,2,5,2,2,2,3
STU05451,3,2,2,4,2,2,2,2,4,4
STU05452,1,4,1,2,2,2,2,2,2,3
STU05453,2,2,2,2,3,2,2,4,2,4
STU05454,4,5,2,2,2,3,1,2,2,4
STU05455,3,5,2,2,2,2,1,2,2,4
STU05456,3,2,2,2,2,4,1,2,2,5
STU05457,1,4,1,2,3,2,2,2,2,4
STU05458,3,3,2,2,2,4,2,2,2,5
STU05459,2,1,1,2,3,1,2,2,2,3
STU05460,1,2,3,2,2,2,1,2,2,4
STU05461,1,2,1,1,3,1,1,2,2,2
STU05462,1,2,2,4,4,1,1,2,3,4
STU05463,5,3,2,2,2,3,1,2,2,4
STU05464,5,3,2,4,4,2,2,2,1,5
STU05465,4,4,1,4,4,2,2,2,1,5
STU05466,1,4,2,1,2,2,2,2,2,3
STU05467,4,3,2,4,3,3,2,2,4,5
STU05468,2,2,2,2,2,2,2,3,4,3
STU05469,2,1,2,5,4,2,2,1,2,5
STU05470,1,4,2,1,2,2,2,2,2,5
STU05471,2,2,1,2,1,4,2,2,2,3
STU05472,5,4,1,2,4,5,2,2,2,3
STU05473,1,4,2,2,2,2,2,2,1,4
STU05474,1,2,2,1,2,2,1,4,2,3
STU05475,1,1,2,1,3,2,2,4,2,3
STU05476,1,1,2,2,3,4,2,2,3,3
STU05477,2,1,3,2,2,1,1,2,2,4
STU05478,5,5,2,4,4,4,1,2,2,3
STU05479,1,1,2,2,2,4,2,2,3,3
STU05480,4,4,2,4,2,4,1,2,2,5
STU05481,1,4,2,2,3,1,1,3,1,3
STU05482,3,2,2,2,3,3,2,4,2,3
STU05483,4,2,2,2,2,5,2,2,2,4
STU05484,2,1,2,4,4,2,1,2,2,5
STU05485,3,4,2,3,3,3,2,2,2,5
STU05486,5,2,2,3,5,3,1,2,2,5
STU05487,1,2,4,3,2,2,2,1,2,4
STU05488,1,2,2,1,3,1,2,4,2,2
STU05489,5,4,2,4,4,2,2,1,2,5
STU05490,3,4,2,3,2,3,1,2,2,4
STU05491,3,2,2,3,1,2,2,2,4,3
STU05492,3,1,2,2,2,4,2,2,2,3
STU05493,1,4,1,2,2,2,2,2,2,3
STU05494,2,4,2,2,2,2,2,3,2,4
STU05495,5,5,2,2,2,4,1,1,2,5
STU05496,4,5,2,3,2,3,1,2,1,5
STU05497,5,4,4,2,2,4,2,2,2,5
STU05498,3,3,2,1,2,1,1,2,2,4
STU05499,1,1,2,5,4,3,2,2,2,4
STU05500,1,2,1,1,3,2,2,1,2,2
STU05501,4,3,2,4,2,2,1,1,2,3
STU05502,2,4,1,2,2,1,2,2,3,5
STU05503,1,4,2,2,2,2,2,3,2,2
STU05504,2,4,2,2,3,2,2,2,2,5
STU05505,5,5,2,5,5,4,2,2,2,5
STU05506,3,5,2,3,2,4,2,2,2,4
STU05507,1,4,2,1,3,2,2,2,1,4
STU05508,4,4,2,4,4,3,2,2,2,5
STU05509,3,5,2,1,2,2,1,2,2,5
STU05510,5,4,4,4,5,4,1,2,2,5
STU05511,5,5,2,1,3,4,2,2,2,5
STU05512,1,2,2,3,4,2,1,2,3,3
STU05513,2,2,2,2,3,2,2,2,4,5
STU05514,5,4,2,5,5,3,2,2,2,5
STU05515,2,4,2,3,2,2,2,2,2,4
STU05516,2,1,1,2,2,2,1,2,2,3
STU05517,1,2,2,4,4,2,2,2,2,3
STU05518,2,2,1,1,2,2,2,1,1,4
STU05519,4,3,2,5,4,3,2,2,2,5
STU05520,5,3,2,4,2,4,1,2,2,4
STU05521,2,2,3,4,4,1,2,2,3,4
STU05522,2,2,2,2,3,4,2,1,1,4
STU05523,3,3,1,4,4,4,2,2,2,4
STU05524,2,1,3,1,3,2,1,3,1,5
STU05525,5,4,2,4,2,3,1,2,2,5
STU05526,2,1,1,4,4,2,2,2,2,3
STU05527,3,2,2,2,1,4,2,2,1,3
STU05528,2,2,2,2,3,1,2,1,3,4
STU05529,4,4,2,2,4,5,2,2,2,4
STU05530,5,4,2,5,5,2,2,2,2,5
STU05531,5,4,2,4,4,4,1,2,2,5
STU05532,4,5,2,4,3,3,1,2,1,4
STU05533,2,4,1,2,2,2,2,1,2,3
STU05534,4,4,2,4,2,3,2,2,2,5
STU05535,5,1,2,4,2,2,1,2,1,5
STU05536,2,2,1,3,4,1,2,2,2,3
STU05537,1,2,3,3,4,2,2,3,2,5
STU05538,5,4,2,5,4,1,1,2,2,4
STU05539,2,4,2,2,2,2,2,2,3,5
STU05540,4,4,2,2,2,3,2,2,2,5
STU05541,1,2,2,2,3,2,1,2,2,5
STU05542,5,5,1,5,2,2,1,2,2,4
STU05543,1,2,2,2,2,2,2,2,2,3
STU05544,5,5,1,5,5,5,1,2,2,5
STU05545,3,4,2,3,2,2,2,2,2,4
STU05546,4,2,4,3,2,3,2,2,1,3
STU05547,2,2,1,1,4,2,1,1,2,2
STU05548,2,4,1,2,3,2,2,2,2,4
STU05549,4,4,1,3,2,2,2,1,2,3
STU05550,4,2,2,3,4,2,2,2,2,3
STU05551,2,2,2,1,2,4,2,2,2,2
STU05552,3,2,1,2,2,2,2,1,4,3
STU05553,4,4,2,4,4,2,2,2,1,5
STU05554,1,2,1,3,4,2,1,2,2,3
STU05555,1,2,2,2,3,4,2,2,2,2
STU05556,3,1,2,4,4,2,1,2,3,3
STU05557,2,4,1,1,2,2,2,2,3,3
STU05558,5,2,3,2,2,2,1,4,3,3
STU05559,4,5,1,2,4,3,1,2,1,5
STU05560,4,5,2,3,2,3,2,2,1,5
STU05561,4,5,2,4,2,3,1,2,1,5
STU05562,2,4,3,2,2,2,2,3,2,4
STU05563,2,4,2,2,2,2,2,2,2,3
STU05564,4,2,2,4,4,3,2,2,2,4
STU05565,2,2,2,3,4,2,1,2,3,4
STU05566,2,3,2,1,1,2,1,2,2,3
STU05567,3,2,1,4,4,2,2,2,2,3
STU05568,1,4,1,2,2,2,2,3,2,4
STU05569,1,2,1,2,2,2,1,1,1,3
STU05570,5,5,2,4,5,4,1,4,2,5
STU05571,3,3,2,4,4,2,1,2,2,5
STU05572,5,5,2,2,2,4,2,2,2,4
STU05573,2,2,1,2,2,2,1,4,1,3
STU05574,2,4,2,2,2,2,2,1,2,5
STU05575,5,4,4,4,4,3,2,2,2,5
STU05576,1,2,2,3,4,2,1,2,2,4
STU05577,1,2,1,2,3,2,1,2,2,4
STU05578,4,5,2,2,2,4,1,2,2,5
STU05579,5,5,2,5,2,2,2,1,2,5
STU05580,4,5,2,4,4,5,2,2,2,5
STU05581,2,4,2,4,4,4,2,2,2,4
STU05582,5,4,2,5,5,2,1,1,2,5
STU05583,2,4,2,4,4,2,2,4,2,4
STU05584,1,4,2,2,2,2,2,1,2,4
STU05585,3,2,1,2,3,3,2,2,4,4
STU05586,4,3,1,2,4,5,2,2,2,5
STU05587,4,2,2,3,4,3,2,2,2,5
STU05588,2,2,2,4,5,1,1,3,2,3
STU05589,2,2,1,2,2,2,1,1,1,4
STU05590,5,4,2,4,4,4,2,2,2,3
STU05591,2,2,2,2,2,1,1,1,3,4
STU05592,1,3,2,1,2,4,2,2,2,4
STU05593,4,5,2,3,3,2,1,2,2,5
STU05594,2,2,2,2,2,1,2,2,4,4
STU05595,4,4,1,2,2,3,1,2,2,3
STU05596,2,2,2,4,4,2,2,2,2,4
STU05597,2,3,1,3,4,3,1,2,2,5
STU05598,1,2,4,3,3,2,2,2,2,5
STU05599,2,1,2,2,1,2,1,2,2,4
STU05600,4,4,2,2,2,4,1,2,2,4
STU05601,3,2,4,2,2,2,2,1,2,3
STU05602,2,2,2,2,3,2,2,2,2,3
STU05603,4,4,2,4,4,3,1,2,2,4
STU05604,3,4,2,2,2,3,1,2,2,4
STU05605,3,3,2,3,2,5,2,2,2,3
STU05606,3,4,1,1,3,1,2,1,2,3
STU05607,2,2,4,3,2,4,2,4,1,5
STU05608,3,4,2,3,2,3,2,2,2,4
STU05609,1,1,4,2,2,2,2,2,2,4
STU05610,3,5,2,2,2,3,2,2,2,4
STU05611,1,2,2,1,2,4,2,2,2,2
STU05612,1,4,1,2,2,1,2,2,2,3
STU05613,5,4,2,5,4,4,2,2,2,5
STU05614,3,2,1,2,3,2,2,1,4,4
STU05615,2,4,2,3,2,1,2,2,2,4
STU05616,4,3,2,2,2,4,2,2,2,4
STU05617,4,5,2,4,2,3,2,2,2,3
STU05618,4,4,2,4,1,4,2,2,2,4
STU05619,4,4,4,2,4,3,2,2,1,5
STU05620,3,4,2,3,2,3,2,3,2,3
STU05621,4,4,2,4,5,2,2,2,2,4
STU05622,4,3,2,2,2,2,2,2,2,4
STU05623,4,3,4,2,2,2,2,2,2,4
STU05624,4,2,2,4,4,3,2,2,2,5
STU05625,4,4,2,2,2,4,2,2,2,4
STU05626,2,2,2,2,3,2,1,1,2,4
STU05627,4,5,2,4,2,2,2,2,2,5
STU05628,2,4,2,3,2,1,2,3,1,5
STU05629,2,2,2,1,4,2,2,2,2,3
STU05630,4,3,2,4,2,3,2,4,2,5
STU05631,1,2,2,2,2,4,2,2,2,4
STU05632,5,3,2,5,4,2,2,2,2,5
STU05633,4,2,2,2,2,5,2,2,2,3
STU05634,1,3,1,2,2,4,2,2,2,5
STU05635,1,2,2,2,5,1,1,2,2,4
STU05636,2,2,1,2,2,4,2,2,2,2
STU05637,3,4,2,2,3,1,2,2,1,5
STU05638,5,5,1,2,4,2,1,2,2,4
STU05639,1,2,1,1,3,2,1,2,2,3
STU05640,1,2,2,2,2,1,2,1,2,5
STU05641,2,2,3,2,3,1,2,4,4,5
STU05642,2,2,2,2,2,2,2,1,4,5
STU05643,1,4,3,2,4,2,1,3,3,3
STU05644,4,3,2,4,2,5,2,2,2,4
STU05645,5,3,2,2,4,4,1,2,2,5
STU05646,3,2,2,2,3,2,1,2,2,3
STU05647,1,4,3,2,4,2,2,3,2,5
STU05648,1,4,2,2,2,1,2,2,2,4
STU05649,5,3,2,2,2,5,2,2,2,5
STU05650,4,3,1,2,2,3,1,2,2,5
STU05651,1,2,1,1,1,2,1,2,2,4
STU05652,1,1,4,2,2,1,2,2,2,5
STU05653,2,2,2,2,3,2,2,3,2,4
STU05654,5,3,1,5,2,4,2,1,2,5
STU05655,5,3,2,2,2,3,1,2,2,4
STU05656,1,2,1,2,3,2,2,1,4,3
STU05657,4,4,2,2,2,5,2,2,2,5
STU05658,3,5,1,2,2,4,1,2,2,4
STU05659,1,2,2,1,1,4,2,2,2,3
STU05660,2,4,2,5,4,3,2,1,1,4
STU05661,1,2,1,4,4,2,2,2,2,2
STU05662,5,3,2,2,2,5,2,2,2,4
STU05663,2,4,2,2,2,2,2,2,3,3
STU05664,1,2,2,1,3,4,2,2,2,4
STU05665,2,1,2,2,2,4,2,2,2,3
STU05666,3,2,2,3,5,2,1,1,1,4
STU05667,3,5,2,1,2,1,1,2,2,5
STU05668,5,5,2,4,3,5,1,2,2,4
STU05669,5,4,1,2,4,2,1,1,2,5
STU05670,5,4,1,5,4,4,1,2,2,3
STU05671,5,3,2,4,4,3,2,2,2,5
STU05672,5,3,2,5,4,5,2,2,2,4
STU05673,5,2,2,2,3,3,2,2,2,4
STU05674,4,3,2,4,4,3,2,2,4,4
STU05675,1,2,2,2,3,2,2,4,2,4
STU05676,1,1,2,4,4,2,1,2,2,3
STU05677,4,5,2,2,2,4,2,2,2,5
STU05678,1,2,1,2,1,4,2,2,2,4
STU05679,3,1,1,2,2,1,1,2,2,3
STU05680,1,4,3,2,2,2,2,2,2,4
STU05681,4,5,2,3,2,2,2,2,2,3
STU05682,1,2,2,5,4,2,1,1,2,4
STU05683,2,2,2,2,1,4,2,2,2,3
STU05684,3,1,2,4,4,2,2,2,2,4
STU05685,3,3,2,2,3,2,1,2,2,3
STU05686,5,3,2,4,4,4,2,2,2,5
STU05687,4,3,2,4,4,2,1,2,1,3
STU05688,4,5,2,4,2,4,1,2,1,4
STU05689,2,4,1,2,2,2,2,2,2,3
STU05690,4,2,1,3,4,4,1,2,2,3
STU05691,2,4,1,1,2,2,2,1,1,4
STU05692,4,3,1,2,3,2,1,2,2,4
STU05693,5,4,2,5,4,3,1,2,2,4
STU05694,4,4,2,4,4,2,2,2,2,3
STU05695,1,5,2,2,2,4,1,1,2,5
STU05696,5,3,2,5,5,3,1,2,2,5
STU05697,5,2,2,5,4,4,2,1,2,5
STU05698,1,2,2,2,4,2,1,2,2,4
STU05699,3,2,1,3,4,1,2,2,2,4
STU05700,5,2,2,4,2,4,2,2,4,5
STU05701,1,4,2,2,2,2,2,2,2,4
STU05702,1,4,2,1,2,1,2,2,1,4
STU05703,5,3,2,5,4,3,1,2,2,5
STU05704,2,1,2,4,4,2,2,1,2,4
STU05705,1,4,2,2,1,2,2,3,2,3
STU05706,5,5,2,2,5,4,2,2,2,4
STU05707,2,4,2,2,3,2,2,2,2,5
STU05708,4,2,2,3,5,3,1,2,2,4
STU05709,1,2,1,2,3,2,1,4,2,4
STU05710,2,2,1,1,4,2,1,2,3,4
STU05711,2,2,3,3,4,2,2,3,3,4
STU05712,1,2,1,4,4,2,2,2,2,2
STU05713,4,3,2,5,4,2,2,2,2,5
STU05714,5,5,1,2,2,4,2,2,2,3
STU05715,1,4,2,2,2,2,2,2,3,3
STU05716,2,4,2,2,2,2,2,2,2,4
STU05717,1,2,4,2,3,2,2,2,2,4
STU05718,3,4,1,2,2,1,2,2,2,5
STU05719,1,2,2,1,1,2,2,3,4,2
STU05720,5,3,2,3,4,2,2,2,4,4
STU05721,3,4,2,2,3,2,2,2,2,4
STU05722,3,4,2,4,2,2,2,2,2,5
STU05723,2,5,2,2,2,2,2,2,2,4
STU05724,5,1,2,5,4,4,1,2,2,5
STU05725,1,1,2,2,2,2,1,3,2,3
STU05726,1,1,4,1,2,2,2,2,2,3
STU05727,4,3,2,2,2,3,1,1,2,4
STU05728,5,4,2,5,2,4,2,2,2,5
STU05729,2,1,2,2,3,2,2,4,2,5
STU05730,2,3,2,3,4,1,1,1,2,4
STU05731,4,5,2,4,4,4,2,2,2,3
STU05732,2,2,2,1,2,2,2,3,2,3
STU05733,2,2,2,2,2,2,1,2,2,4
STU05734,5,4,2,4,4,4,2,2,2,4
STU05735,2,4,2,2,3,2,2,2,2,4
STU05736,4,3,1,5,4,2,1,2,2,4
STU05737,1,1,2,3,2,2,2,3,4,5
STU05738,2,2,1,2,3,2,2,2,4,3
STU05739,2,4,2,3,3,2,2,2,2,5
STU05740,4,3,2,4,2,5,2,2,2,4
STU05741,4,3,2,2,1,3,1,2,2,4
STU05742,1,2,2,2,3,4,2,2,2,3
STU05743,2,2,1,2,2,2,2,2,4,3
STU05744,1,2,2,2,4,2,2,2,2,4
STU05745,4,5,2,2,2,4,1,2,2,4
STU05746,1,2,1,2,2,1,2,4,2,3
STU05747,3,2,2,1,3,1,2,2,4,4
STU05748,4,5,2,4,1,3,2,2,1,4
STU05749,1,2,2,1,2,1,1,1,2,4
STU05750,3,5,2,2,2,3,2,2,2,4
STU05751,3,3,2,2,2,3,1,2,1,5
STU05752,3,2,2,1,3,2,2,2,4,4
STU05753,4,4,2,4,4,2,2,2,2,4
STU05754,3,4,2,1,1,2,2,2,1,5
STU05755,1,2,2,2,4,2,1,1,2,3
STU05756,3,2,2,1,3,4,2,2,2,5
STU05757,4,3,1,2,4,5,2,2,2,4
STU05758,4,3,1,2,4,5,2,2,2,4
STU05759,1,4,2,2,1,2,2,2,1,4
STU05760,3,2,2,4,3,2,1,2,2,4
STU05761,1,2,1,2,1,2,1,4,2,3
STU05762,1,2,2,2,3,2,1,2,2,3
STU05763,1,4,2,2,3,1,2,3,2,4
STU05764,4,3,2,2,2,4,2,2,2,4
STU05765,5,5,2,2,2,4,2,2,2,5
STU05766,4,5,2,2,2,4,1,2,2,4
STU05767,3,2,2,2,3,4,2,2,2,4
STU05768,1,2,3,2,3,1,1,2,2,4
STU05769,2,2,2,3,4,2,1,2,2,4
STU05770,5,4,1,1,4,4,1,2,2,4
STU05771,1,2,2,2,4,2,1,1,2,4
STU05772,5,4,2,4,4,4,1,2,2,5
STU05773,1,4,2,2,3,2,1,2,3,4
STU05774,5,5,2,2,2,4,2,2,2,4
STU05775,1,1,2,2,2,2,2,2,4,5
STU05776,1,2,1,2,4,2,2,1,2,2
STU05777,4,3,2,3,4,4,1,2,2,3
STU05778,1,2,3,2,2,4,2,3,2,4
STU05779,5,5,2,1,2,5,1,1,1,4
STU05780,1,2,2,2,2,4,2,1,2,5
STU05781,1,2,1,2,2,1,1,1,2,3
STU05782,5,4,2,4,4,2,2,2,2,5
STU05783,4,2,2,2,2,3,2,2,4,4
STU05784,4,5,2,2,3,3,1,2,2,5
STU05785,3,4,3,1,2,3,2,2,2,3
STU05786,5,5,2,5,5,2,2,2,2,5
STU05787,2,2,2,2,2,2,1,4,2,5
STU05788,4,3,4,2,4,2,2,2,2,5
STU05789,3,2,2,3,3,4,2,2,1,4
STU05790,1,1,2,2,4,2,1,2,1,4
STU05791,1,3,3,4,4,2,1,2,2,4
STU05792,4,3,2,2,2,3,1,2,2,3
STU05793,1,1,2,5,4,1,2,2,2,4
STU05794,1,2,2,2,2,1,1,2,2,3
STU05795,1,2,2,2,2,2,1,2,1,3
STU05796,2,2,2,2,3,2,2,2,2,2
STU05797,3,2,2,2,4,4,2,2,2,2
STU05798,4,3,2,4,3,3,1,2,2,5
STU05799,3,4,2,2,2,1,2,2,2,3
STU05800,5,5,2,1,2,4,1,2,2,4
STU05801,2,1,1,3,5,1,2,2,2,4
STU05802,5,4,2,5,4,1,1,2,2,5
STU05803,1,2,2,4,4,2,2,3,2,4
STU05804,4,2,1,2,5,2,2,2,2,4
STU05805,4,2,2,2,3,2,1,2,2,5
STU05806,3,2,2,2,2,3,1,2,2,3
STU05807,2,3,2,4,4,2,1,2,2,4
STU05808,5,4,2,4,5,5,2,2,2,4
STU05809,4,3,2,4,4,4,2,2,2,4
STU05810,1,2,2,4,4,2,1,2,1,5
STU05811,1,4,1,1,2,2,2,2,2,3
STU05812,1,2,2,2,2,4,2,2,2,4
STU05813,1,2,2,4,4,2,2,2,2,3
STU05814,4,3,4,2,2,3,2,1,2,2
STU05815,4,4,2,4,2,4,2,2,2,5
STU05816,2,2,2,2,2,2,1,5,2,4
STU05817,1,2,2,2,4,2,1,1,2,4
STU05818,3,5,2,3,2,2,2,2,2,4
STU05819,4,3,1,2,3,3,1,2,2,4
STU05820,4,4,2,2,4,3,1,1,1,5
STU05821,3,2,2,3,3,5,2,2,2,3
STU05822,3,5,2,2,3,4,2,2,2,5
STU05823,2,2,2,3,4,2,2,2,3,4
STU05824,1,1,2,1,3,2,1,2,2,3
STU05825,1,2,2,2,3,2,2,2,2,4
STU05826,5,3,2,5,5,4,2,2,2,4
STU05827,2,4,2,1,3,2,2,2,2,5
STU05828,1,4,2,3,3,1,2,2,2,3
STU05829,2,2,2,3,3,4,2,2,2,4
STU05830,5,5,2,2,2,5,1,2,2,4
STU05831,3,4,1,3,2,2,2,2,1,4
STU05832,2,2,3,2,2,2,1,5,3,3
STU05833,2,2,2,1,2,1,2,2,4,3
STU05834,2,2,2,2,2,2,1,2,2,2
STU05835,3,4,2,3,2,2,2,2,1,4
STU05836,3,5,2,2,3,4,1,2,2,5
STU05837,4,5,2,2,2,4,1,2,1,5
STU05838,4,4,2,2,2,4,2,1,2,5
STU05839,2,1,1,4,4,2,1,2,2,5
STU05840,2,2,2,2,3,2,2,1,4,5
STU05841,4,3,2,3,3,5,2,2,2,5
STU05842,1,2,2,1,3,2,1,1,2,3
STU05843,5,4,2,5,2,4,2,1,2,4
STU05844,5,5,1,4,4,4,2,2,2,4
STU05845,2,2,2,2,2,2,1,2,2,2
STU05846,3,2,2,3,4,3,2,1,2,5
STU05847,4,5,2,4,2,4,2,2,2,5
STU05848,5,5,2,5,4,2,2,2,2,4
STU05849,1,4,1,2,2,2,2,2,2,2
STU05850,5,3,2,5,5,2,1,2,2,5
STU05851,1,2,2,1,1,2,2,2,4,5
STU05852,4,2,2,4,4,3,2,2,2,3
STU05853,1,2,2,2,2,2,1,2,2,5
STU05854,1,2,3,2,2,2,2,3,3,4
STU05855,1,4,2,2,1,1,2,2,1,5
STU05856,5,5,2,2,2,2,1,2,2,5
STU05857,3,4,2,2,1,2,1,2,2,5
STU05858,1,1,2,2,2,4,2,2,2,3
STU05859,1,1,2,2,4,2,1,2,2,4
STU05860,4,3,2,4,4,4,1,2,2,5
STU05861,2,1,3,2,5,2,1,3,3,5
STU05862,2,3,1,3,4,3,1,2,2,5
STU05863,3,3,2,2,2,4,2,2,2,5
STU05864,4,2,3,1,5,2,2,3,2,5
STU05865,2,4,2,3,3,2,2,2,2,4
STU05866,2,2,1,2,2,2,1,2,2,3
STU05867,4,5,1,2,1,4,1,2,2,3
STU05868,4,4,2,3,4,2,1,2,2,4
STU05869,3,3,1,4,4,2,2,2,2,4
STU05870,5,5,2,2,4,4,1,2,2,5
STU05871,2,3,2,2,2,4,1,2,2,4
STU05872,4,4,1,2,1,2,2,2,2,4
STU05873,2,2,2,1,4,1,1,2,5,5
STU05874,5,2,2,5,5,3,2,1,2,3
STU05875,5,5,2,5,5,2,1,4,2,5
STU05876,1,1,2,1,2,2,2,1,4,4
STU05877,2,2,2,1,2,2,2,4,3,3
STU05878,1,4,1,2,1,2,2,2,2,3
STU05879,2,2,2,5,5,2,1,2,3,3
STU05880,1,2,1,1,2,2,1,3,4,3
STU05881,4,4,2,1,2,4,2,1,2,4
STU05882,5,4,2,4,5,2,2,2,2,5
STU05883,4,3,4,2,2,1,2,2,2,4
STU05884,5,4,2,5,4,4,2,2,1,5
STU05885,2,4,2,1,3,1,2,2,1,4
STU05886,2,4,3,2,4,1,2,3,3,3
STU05887,5,5,2,5,5,4,2,2,2,5
STU05888,5,2,1,5,4,3,2,2,2,4
STU05889,3,2,1,4,4,2,2,2,1,4
STU05890,4,5,2,2,3,2,2,2,1,4
STU05891,5,3,2,5,5,4,2,2,2,5
STU05892,5,4,1,5,2,5,1,2,2,5
STU05893,5,4,1,4,4,3,2,1,2,4
STU05894,2,1,2,2,2,4,2,2,2,2
STU05895,5,4,2,2,1,5,2,1,2,5
STU05896,1,4,1,2,3,2,2,2,2,3
STU05897,4,4,2,1,2,1,1,2,2,4
STU05898,3,4,1,3,2,2,1,2,2,2
STU05899,4,4,4,3,2,2,2,2,2,5
STU05900,4,2,2,4,4,3,2,2,2,3
STU05901,1,2,2,1,2,2,2,2,4,4
STU05902,1,2,2,4,4,2,1,2,2,4
STU05903,4,3,2,4,4,4,1,2,2,5
STU05904,1,1,2,2,4,1,1,3,2,4
STU05905,3,1,4,2,2,4,1,2,2,5
STU05906,2,2,1,2,3,4,2,2,2,5
STU05907,2,1,2,4,4,2,2,2,2,4
STU05908,2,2,2,2,4,2,2,2,2,5
STU05909,4,4,2,4,5,2,1,2,2,5
STU05910,4,2,2,2,3,2,2,2,4,3
STU05911,3,4,2,3,3,2,2,2,2,5
STU05912,5,5,2,2,4,3,2,2,2,4
STU05913,2,2,1,2,3,2,1,1,2,4
STU05914,4,1,2,4,5,2,2,2,3,4
STU05915,1,2,2,1,3,2,1,4,2,3
STU05916,3,1,2,4,4,3,2,2,2,5
STU05917,2,1,2,1,2,4,2,2,2,1
STU05918,3,5,2,2,3,2,2,2,2,4
STU05919,5,5,1,2,2,5,2,2,2,5
STU05920,3,3,1,2,3,4,2,2,2,3
STU05921,5,4,2,5,4,4,1,2,2,5
STU05922,3,3,2,3,4,3,2,2,2,4
STU05923,4,3,2,3,2,4,2,1,2,4
STU05924,2,1,4,2,2,2,2,2,2,4
STU05925,2,2,2,2,2,2,1,2,2,3
STU05926,1,1,2,1,3,2,2,4,2,5
STU05927,5,2,2,5,5,4,2,2,2,4
STU05928,4,5,2,3,4,4,2,2,2,5
STU05929,1,2,2,2,3,2,1,1,3,3
STU05930,4,4,2,2,2,2,2,2,2,5
STU05931,1,4,2,2,2,2,2,2,2,2
STU05932,2,2,2,2,3,2,2,4,1,5
STU05933,2,1,1,4,4,2,1,2,2,2
STU05934,4,3,2,4,4,3,2,2,2,4
STU05935,1,4,1,2,3,1,2,2,3,2
STU05936,4,3,2,4,5,4,2,2,2,4
STU05937,2,5,2,4,5,4,2,2,2,4
STU05938,5,4,2,3,4,5,1,2,2,5
STU05939,1,2,1,2,2,2,2,2,3,4
STU05940,5,4,2,4,5,4,1,2,2,4
STU05941,3,2,2,2,3,4,2,2,2,5
STU05942,5,5,2,4,5,4,2,2,2,5
STU05943,2,2,2,2,2,2,2,4,2,3
STU05944,2,3,4,2,2,2,2,2,2,2
STU05945,4,2,2,3,4,3,1,2,2,3
STU05946,2,2,1,1,2,2,2,2,4,3
STU05947,2,2,2,3,5,1,1,3,3,5
STU05948,2,2,1,3,2,4,2,1,2,4
STU05949,5,4,2,5,5,2,1,2,2,5
STU05950,2,4,1,2,3,1,2,1,2,5
STU05951,5,5,1,1,1,5,1,2,2,5
STU05952,5,4,2,5,4,2,2,2,2,4
STU05953,2,1,2,2,1,2,1,4,2,4
STU05954,2,1,2,2,3,2,2,2,4,3
STU05955,4,2,2,5,4,1,2,1,2,5
STU05956,3,4,2,3,3,3,2,1,2,3
STU05957,4,4,2,2,2,4,2,2,2,5
STU05958,1,2,3,4,4,2,2,2,2,4
STU05959,2,2,2,1,3,2,2,3,2,4
STU05960,5,5,1,4,4,2,2,2,2,5
STU05961,4,3,2,2,2,4,2,1,1,5
STU05962,4,4,3,2,2,4,2,3,2,4
STU05963,1,2,2,2,2,4,2,2,3,4
STU05964,1,2,2,2,3,2,2,2,4,2
STU05965,1,1,4,1,1,1,2,2,2,3
STU05966,2,2,2,3,5,1,1,2,1,4
STU05967,4,5,2,2,2,3,2,2,2,4
STU05968,1,2,2,2,3,2,2,4,2,5
STU05969,4,3,4,3,3,2,2,2,2,4
STU05970,4,3,2,3,4,4,2,5,2,3
STU05971,5,3,2,2,2,4,1,2,2,5
STU05972,3,1,1,3,2,4,2,1,2,3
STU05973,1,2,2,3,4,2,2,3,2,4
STU05974,1,2,2,1,4,2,2,4,3,4
STU05975,5,3,2,5,5,3,2,2,2,4
STU05976,3,2,2,1,1,1,2,2,3,4
STU05977,4,2,1,3,2,5,2,2,2,3
STU05978,1,2,2,1,2,4,2,2,2,3
STU05979,4,5,2,3,2,4,2,2,2,5
STU05980,4,3,2,5,4,3,2,2,2,5
STU05981,3,2,2,1,3,3,1,2,2,5
STU05982,3,5,2,2,3,2,2,2,2,3
STU05983,4,5,2,2,2,2,2,1,2,5
STU05984,3,1,2,2,2,1,2,1,4,4
STU05985,5,5,1,2,4,4,2,2,2,4
STU05986,5,3,2,4,5,5,2,2,2,5
STU05987,1,1,1,3,4,2,1,2,2,4
STU05988,4,1,2,3,5,3,1,2,2,3
STU05989,5,3,2,4,3,2,1,1,1,5
STU05990,1,4,3,2,3,2,2,2,2,4
STU05991,1,1,3,2,2,2,1,2,2,3
STU05992,2,2,1,1,1,4,2,2,2,3
STU05993,4,2,1,5,4,3,2,2,2,3
STU05994,1,2,1,3,3,2,1,2,1,5
STU05995,5,5,1,5,5,4,1,2,2,4
STU05996,1,2,2,1,2,2,2,3,4,2
STU05997,1,1,2,1,4,2,1,1,2,5
STU05998,5,5,2,5,4,2,2,2,2,5
STU05999,3,1,2,2,3,3,1,1,2,3
STU06000,5,5,1,5,5,5,2,2,1,5
STU06001,3,2,2,3,3,2,2,4,2,4
STU06002,2,2,1,2,2,2,1,2,2,3
STU06003,4,5,1,2,2,4,2,2,2,4
STU06004,2,3,4,2,2,1,2,3,2,4
STU06005,1,2,1,3,4,2,1,2,2,3
STU06006,2,1,2,3,4,2,1,3,1,5
STU06007,3,1,1,3,3,4,2,1,2,5
STU06008,1,2,2,1,2,4,2,2,2,3
STU06009,3,2,2,2,2,2,1,2,2,5
STU06010,1,2,3,2,2,4,2,2,2,5
STU06011,1,1,3,2,4,2,2,4,3,5
STU06012,5,5,2,2,2,2,2,2,2,5
STU06013,5,5,1,1,5,5,2,2,2,5
STU06014,4,5,2,2,3,2,2,2,2,5
STU06015,3,2,2,3,3,4,2,2,3,5
STU06016,4,3,1,2,2,4,2,2,2,3
STU06017,5,5,1,3,3,2,2,2,2,4
STU06018,1,4,2,1,2,1,2,2,2,4
STU06019,4,2,2,1,2,2,1,2,2,4
STU06020,5,2,3,2,5,2,1,3,4,4
STU06021,5,5,2,5,4,4,2,2,2,5
STU06022,4,4,2,2,2,3,1,2,2,4
STU06023,5,3,1,4,4,2,2,1,2,5
STU06024,3,1,2,2,2,2,2,1,4,5
STU06025,5,5,2,4,5,4,2,2,4,4
STU06026,5,4,2,5,5,4,2,4,2,5
STU06027,1,4,1,2,2,2,2,2,2,3
STU06028,3,3,2,3,1,3,2,2,4,5
STU06029,5,5,2,4,2,3,2,1,2,5
STU06030,4,4,2,1,3,4,2,2,2,4
STU06031,3,2,1,3,2,3,1,2,2,4
STU06032,2,2,2,3,2,4,2,2,1,5
STU06033,1,2,2,2,3,2,2,4,2,4
STU06034,4,3,2,2,2,2,1,2,2,5
STU06035,1,3,2,3,4,2,1,1,2,4
STU06036,1,2,2,2,2,1,2,2,1,5
STU06037,5,4,2,5,5,4,2,2,1,5
STU06038,4,4,2,3,4,3,2,1,2,4
STU06039,2,2,2,3,4,1,1,1,3,4
STU06040,3,4,2,2,3,2,2,1,2,5
STU06041,3,2,2,2,4,1,2,4,3,5
STU06042,2,2,3,2,4,4,2,3,3,5
STU06043,3,2,2,2,3,2,1,2,1,5
STU06044,5,4,2,5,5,2,2,2,2,5
STU06045,2,2,2,2,2,1,2,3,4,4
STU06046,2,2,2,1,2,2,2,2,4,4
STU06047,4,4,2,4,3,2,1,2,2,5
STU06048,4,3,2,1,4,4,1,1,2,5
STU06049,5,5,2,4,5,4,2,2,2,4
STU06050,4,2,2,2,3,4,2,2,2,3
STU06051,1,1,2,2,4,2,1,2,2,4
STU06052,5,3,2,5,4,2,1,2,2,5
STU06053,3,4,1,2,3,3,2,2,2,3
STU06054,1,4,2,1,3,2,2,2,2,3
STU06055,4,4,2,4,4,4,2,1,2,5
STU06056,4,4,2,2,2,3,2,2,2,4
STU06057,2,4,3,1,2,2,2,3,2,4
STU06058,1,2,2,3,5,2,1,2,3,3
STU06059,5,5,2,4,4,4,2,2,2,5
STU06060,1,2,1,2,2,2,2,2,4,4
STU06061,3,4,1,4,4,4,2,2,2,4
STU06062,4,2,4,3,2,3,2,2,2,5
STU06063,2,2,1,2,2,1,2,4,2,3
STU06064,1,2,2,2,4,2,2,3,1,3
STU06065,3,3,1,2,4,2,1,1,1,4
STU06066,2,2,1,2,2,4,2,3,2,3
STU06067,4,2,3,2,2,2,1,3,1,5
STU06068,1,1,3,1,2,4,2,2,2,3
STU06069,4,3,1,2,2,2,2,4,2,4
STU06070,1,2,2,3,4,2,2,2,3,4
STU06071,4,4,2,3,2,2,2,2,2,5
STU06072,5,5,2,3,2,3,2,2,2,5
STU06073,1,4,2,2,4,2,1,2,4,5
STU06074,1,1,2,2,5,2,1,1,1,5
STU06075,5,5,2,2,5,4,1,2,2,4
STU06076,2,2,2,4,4,1,1,1,2,4
STU06077,1,2,2,2,2,2,1,4,2,4
STU06078,4,3,2,4,4,4,2,2,1,5
STU06079,2,2,2,2,1,4,2,2,2,4
STU06080,3,4,1,3,1,1,2,2,3,3
STU06081,5,3,1,4,2,5,2,2,2,4
STU06082,1,4,2,2,1,1,2,3,2,4
STU06083,1,2,2,3,4,2,1,2,2,5
STU06084,2,2,2,2,3,2,1,2,2,4
STU06085,2,2,2,1,3,4,2,2,3,4
STU06086,3,3,2,4,4,3,1,2,2,2
STU06087,3,4,2,3,3,2,2,2,2,5
STU06088,3,4,1,2,2,2,2,2,2,2
STU06089,2,2,2,2,2,2,2,2,4,4
STU06090,4,4,4,1,2,4,2,1,2,4
STU06091,5,3,2,5,4,3,2,2,2,4
STU06092,2,2,2,1,2,4,2,3,1,2
STU06093,5,2,3,2,5,2,1,3,2,5
STU06094,1,1,1,2,1,1,1,2,4,4
STU06095,4,4,2,4,4,3,2,2,1,5
STU06096,1,2,2,2,2,4,2,2,2,3
STU06097,1,3,1,2,2,5,2,2,2,4
STU06098,1,4,1,2,2,1,2,1,3,3
STU06099,1,2,2,1,2,2,1,3,4,3
STU06100,3,5,2,2,2,3,1,2,2,4
STU06101,2,4,2,2,3,2,2,1,2,4
STU06102,4,2,1,3,2,2,2,2,4,4
STU06103,1,4,3,2,4,2,2,4,1,4
STU06104,4,4,2,2,4,5,2,2,2,4
STU06105,5,3,2,4,2,3,1,2,4,5
STU06106,1,4,2,3,2,2,2,2,2,5
STU06107,2,2,3,2,1,4,2,3,2,4
STU06108,3,4,2,4,2,2,1,1,2,5
STU06109,3,1,2,2,1,5,2,2,2,5
STU06110,4,5,2,3,2,2,1,2,1,5
STU06111,1,4,2,2,3,2,2,3,1,1
STU06112,3,2,3,4,4,2,2,3,2,5
STU06113,5,5,1,2,2,4,2,2,2,4
STU06114,5,5,2,1,2,2,1,2,2,4
STU06115,2,4,2,2,2,2,2,2,2,3
STU06116,4,3,2,4,4,2,1,2,2,5
STU06117,3,2,1,2,2,4,2,2,2,4
STU06118,1,2,2,2,4,1,1,2,2,5
STU06119,1,1,2,2,2,4,2,2,2,2
STU06120,1,2,3,2,4,2,1,3,2,5
STU06121,4,4,1,2,2,3,1,2,2,5
STU06122,5,5,2,4,2,2,2,2,2,5
STU06123,4,4,4,2,2,4,2,2,2,5
STU06124,2,1,2,2,2,2,1,2,2,5
STU06125,1,1,2,1,3,2,1,1,1,5
STU06126,5,5,2,5,2,3,2,2,2,5
STU06127,1,2,1,1,4,2,1,2,2,2
STU06128,5,4,2,4,2,3,2,2,2,5
STU06129,3,2,1,2,1,4,2,1,3,4
STU06130,2,2,2,1,4,1,1,2,2,4
STU06131,3,2,1,2,4,4,2,2,2,2
STU06132,3,1,2,1,2,2,1,2,1,4
STU06133,2,2,1,3,4,2,1,2,2,4
STU06134,4,5,1,3,4,4,2,2,2,4
STU06135,4,4,2,3,4,3,1,2,2,4
STU06136,2,2,3,4,4,2,2,3,1,4
STU06137,2,1,4,1,1,3,2,2,2,3
STU06138,3,2,2,3,1,5,2,2,2,3
STU06139,3,3,1,3,2,4,2,1,1,3
STU06140,4,3,1,2,2,4,2,2,2,3
STU06141,3,2,1,2,2,2,1,2,2,2
STU06142,2,2,2,1,1,5,2,2,3,3
STU06143,3,2,2,4,4,2,1,2,2,3
STU06144,5,4,2,5,5,2,2,2,2,4
STU06145,5,4,1,2,4,5,2,2,1,4
STU06146,1,1,3,2,5,2,1,3,3,4
STU06147,1,2,2,2,4,2,2,2,2,2
STU06148,2,1,2,1,2,4,2,2,2,4
STU06149,1,2,3,1,2,2,1,2,1,4
STU06150,4,3,2,4,4,2,2,4,2,5
STU06151,2,3,2,1,2,3,1,2,2,2
STU06152,4,5,2,2,2,4,2,2,2,5
STU06153,2,2,2,2,2,2,2,1,4,4
STU06154,4,5,2,3,2,3,1,2,2,5
STU06155,5,5,2,1,2,5,2,2,2,5
STU06156,1,2,1,4,4,2,2,2,2,4
STU06157,4,5,2,1,2,4,2,2,2,5
STU06158,2,2,3,2,3,2,1,3,1,4
STU06159,4,2,1,2,3,2,2,2,4,4
STU06160,5,4,2,2,3,3,1,2,2,4
STU06161,2,2,3,3,4,2,2,3,2,5
STU06162,2,1,2,4,4,2,1,2,2,4
STU06163,1,2,2,3,4,2,2,2,2,3
STU06164,2,2,1,2,3,2,1,5,2,4
STU06165,2,1,2,2,2,2,1,4,2,3
STU06166,5,5,2,4,2,2,1,2,1,5
STU06167,4,4,2,2,3,3,2,2,2,3
STU06168,2,2,2,2,2,2,2,3,4,3
STU06169,2,1,4,2,2,1,2,1,2,2
STU06170,5,4,2,3,4,5,1,2,2,5
STU06171,4,5,2,2,2,4,2,2,1,5
STU06172,1,2,2,3,4,2,2,2,3,5
STU06173,2,2,1,2,3,1,1,2,3,5
STU06174,3,4,2,1,2,4,1,2,2,4
STU06175,3,4,5,2,3,1,2,1,2,3
STU06176,3,2,1,2,3,2,2,2,2,4
STU06177,5,4,2,5,4,4,2,2,2,5
STU06178,2,2,2,3,3,4,2,2,2,4
STU06179,2,3,2,3,4,2,1,2,2,2
STU06180,2,2,3,3,4,2,1,3,2,4
STU06181,1,2,1,4,4,2,2,2,2,2
STU06182,2,2,3,3,4,2,1,3,1,4
STU06183,3,4,2,3,2,2,2,2,2,2
STU06184,5,3,2,3,3,4,2,2,2,5
STU06185,5,5,2,3,3,4,2,2,2,5
STU06186,1,2,2,3,4,2,2,2,2,2
STU06187,4,3,2,2,2,5,2,2,2,5
STU06188,5,4,2,5,4,5,1,2,2,5
STU06189,4,5,2,4,2,4,1,2,2,4
STU06190,2,4,1,3,3,2,2,1,1,3
STU06191,3,1,1,1,2,2,1,2,2,2
STU06192,5,4,2,2,2,5,2,2,2,4
STU06193,1,1,2,4,4,1,2,1,2,5
STU06194,2,2,2,1,2,2,2,4,2,4
STU06195,2,2,2,1,2,1,2,4,1,4
STU06196,2,2,2,2,2,2,1,2,2,2
STU06197,3,2,2,4,4,1,2,2,2,4
STU06198,3,2,4,2,1,1,2,2,3,4
STU06199,1,2,2,3,2,4,2,2,3,4
STU06200,4,3,2,3,3,5,2,2,2,5
STU06201,2,4,1,2,2,2,1,2,1,5
STU06202,5,5,1,4,2,2,2,2,2,5
STU06203,3,1,2,2,2,2,2,2,4,5
STU06204,1,2,2,3,5,1,1,1,2,5
STU06205,3,3,2,4,4,2,1,2,2,2
STU06206,3,2,3,2,4,4,2,2,2,5
STU06207,3,3,2,3,2,5,2,2,2,3
STU06208,5,2,2,4,4,5,2,2,2,5
STU06209,4,5,2,4,2,3,1,2,2,5
STU06210,3,2,2,2,3,2,2,1,2,5
STU06211,4,4,2,2,4,4,1,2,2,4
STU06212,4,5,2,1,2,2,2,2,2,4
STU06213,2,4,2,2,2,1,2,2,2,4
STU06214,1,2,2,5,5,1,1,2,3,5
STU06215,2,2,2,2,3,4,2,2,2,3
STU06216,1,4,2,1,1,2,2,2,2,3
STU06217,4,5,2,2,2,3,1,2,2,5
STU06218,3,1,2,4,4,2,2,2,3,4
STU06219,3,2,3,2,3,4,2,2,2,5
STU06220,3,2,2,2,2,2,1,2,1,4
STU06221,1,2,2,3,2,4,2,2,2,3
STU06222,4,2,3,2,4,1,1,5,3,4
STU06223,2,2,2,2,2,4,2,2,2,2
STU06224,1,2,1,2,2,2,2,1,4,4
STU06225,4,3,2,5,4,3,1,2,2,5
STU06226,4,3,2,5,4,4,2,2,2,3
STU06227,1,1,2,1,2,4,2,2,2,2
STU06228,4,1,2,2,5,2,2,1,3,4
STU06229,5,4,1,4,4,4,2,2,2,3
STU06230,4,2,2,2,5,2,1,3,1,3
STU06231,1,2,2,2,3,1,2,4,2,3
STU06232,1,2,1,4,4,1,2,2,3,3
STU06233,5,5,1,2,4,4,1,1,2,4
STU06234,1,4,2,2,3,2,2,2,2,2
STU06235,1,1,2,3,4,2,1,1,2,4
STU06236,4,3,2,5,4,2,2,2,1,3
STU06237,5,4,2,2,2,5,2,2,2,5
STU06238,5,4,2,2,2,5,2,2,2,5
STU06239,2,3,2,2,5,1,1,3,2,4
STU06240,1,2,2,2,1,4,2,3,2,2
STU06241,4,3,1,5,5,3,1,2,2,4
STU06242,5,3,1,5,4,4,2,2,2,5
STU06243,1,2,2,3,2,4,2,2,1,3
STU06244,3,2,2,4,4,3,2,2,2,5
STU06245,3,2,1,4,2,1,1,2,2,4
STU06246,2,2,2,2,2,2,2,2,4,5
STU06247,1,2,2,3,4,1,1,2,2,2
STU06248,5,5,2,2,1,4,1,2,2,5
STU06249,1,2,1,4,4,2,2,2,2,2
STU06250,5,4,2,2,5,5,2,2,2,5
STU06251,4,1,2,3,3,1,1,2,1,5
STU06252,2,1,2,2,5,2,1,2,3,3
STU06253,4,2,2,5,5,2,2,2,3,4
STU06254,3,2,2,2,2,2,1,2,2,4
STU06255,3,3,2,4,4,4,2,2,2,5
STU06256,2,4,2,1,1,2,2,2,2,3
STU06257,5,5,2,4,5,2,2,2,2,5
STU06258,2,4,3,2,4,2,2,2,2,5
STU06259,3,3,2,4,2,4,2,2,2,5
STU06260,5,5,2,2,2,3,2,2,2,5
STU06261,2,3,2,5,4,2,2,1,2,3
STU06262,3,4,2,2,2,3,1,2,2,3
STU06263,3,2,2,2,2,4,2,2,2,4
STU06264,3,3,2,1,2,3,2,2,4,2
STU06265,2,3,2,1,2,2,1,4,1,4
STU06266,2,3,2,3,2,4,2,2,2,2
STU06267,1,2,1,3,2,1,1,2,1,3
STU06268,4,2,2,3,2,2,1,2,2,3
STU06269,2,2,1,2,2,2,2,2,4,3
STU06270,2,2,2,3,4,2,1,2,1,3
STU06271,4,5,1,2,2,1,1,2,2,4
STU06272,4,3,1,4,4,5,2,2,2,5
STU06273,3,2,1,3,3,4,2,1,2,4
STU06274,1,1,2,1,2,2,2,2,4,2
STU06275,2,2,1,4,4,3,1,2,2,3
STU06276,3,3,4,1,2,3,2,2,1,4
STU06277,3,3,2,2,3,3,1,1,2,3
STU06278,5,5,2,4,2,4,2,2,2,4
STU06279,2,3,2,1,2,2,2,4,2,5
STU06280,1,2,3,2,4,2,1,2,2,5
STU06281,3,4,2,2,2,2,2,2,2,3
STU06282,4,3,1,4,4,4,2,2,2,4
STU06283,5,4,2,2,4,4,2,2,4,4
STU06284,4,4,2,5,5,4,2,2,2,4
STU06285,1,2,2,2,2,2,2,4,2,2
STU06286,2,4,2,2,2,2,2,2,2,4
STU06287,2,2,2,4,3,4,2,2,2,5
STU06288,2,4,1,4,2,4,2,2,1,4
STU06289,5,3,2,5,3,3,1,2,2,5
STU06290,1,3,3,3,4,2,1,2,2,4
STU06291,4,4,2,3,2,5,2,2,2,5
STU06292,2,3,2,2,2,4,2,2,2,3
STU06293,2,1,2,1,2,4,2,2,2,4
STU06294,4,5,2,2,2,2,2,2,2,5
STU06295,4,2,2,4,2,3,2,4,2,5
STU06296,4,4,2,2,3,2,2,2,2,3
STU06297,5,4,2,5,4,4,2,2,2,4
STU06298,4,3,2,2,4,1,1,2,2,4
STU06299,2,2,2,3,4,3,2,2,2,3
STU06300,1,2,2,2,2,2,1,4,2,4
STU06301,1,5,2,2,2,3,2,2,2,5
STU06302,1,2,3,2,4,2,1,3,2,4
STU06303,2,4,2,2,1,1,2,2,1,4
STU06304,2,2,2,2,4,2,2,2,2,4
STU06305,5,5,1,2,2,3,2,1,2,4
STU06306,3,1,1,2,2,2,2,1,3,3
STU06307,1,2,1,3,4,2,1,1,1,4
STU06308,3,3,4,4,3,3,2,2,2,4
STU06309,1,2,1,2,4,2,1,2,2,2
STU06310,4,4,2,2,2,4,1,2,2,2
STU06311,4,3,2,5,4,3,1,2,2,4
STU06312,3,3,2,5,5,2,2,2,1,3
STU06313,3,1,1,2,3,5,2,2,2,4
STU06314,4,3,2,4,4,4,2,2,2,5
STU06315,5,5,1,5,5,2,2,2,2,4
STU06316,5,5,2,5,5,2,2,2,2,5
STU06317,2,4,1,1,3,1,2,2,2,4
STU06318,3,2,2,2,2,5,2,1,2,4
STU06319,2,2,2,3,4,1,2,3,2,5
STU06320,5,5,2,4,4,2,2,2,2,4
STU06321,5,4,1,2,4,5,2,2,2,3
STU06322,2,1,2,2,4,2,2,1,4,5
STU06323,4,3,2,4,1,3,1,2,2,5
STU06324,1,4,2,2,2,2,2,2,2,4
STU06325,4,2,4,2,4,2,2,3,2,4
STU06326,5,3,1,5,2,3,1,2,1,4
STU06327,2,2,2,2,3,1,2,2,4,3
STU06328,1,2,1,2,3,1,1,1,2,4
STU06329,2,1,2,2,2,4,2,2,1,5
STU06330,5,4,2,2,2,2,1,2,2,5
STU06331,1,1,1,2,3,2,1,4,2,2
STU06332,5,5,2,5,2,3,2,2,1,5
STU06333,2,2,4,2,2,2,2,2,2,4
STU06334,4,3,2,4,4,2,1,2,2,5
STU06335,1,4,1,2,3,2,2,1,2,3
STU06336,5,2,3,3,5,2,1,3,2,4
STU06337,1,2,2,2,4,2,2,1,4,4
STU06338,2,2,2,2,4,2,2,2,1,4
STU06339,2,2,2,3,4,2,1,3,2,4
STU06340,1,4,1,2,3,2,2,2,2,3
STU06341,5,5,2,2,2,4,2,2,2,5
STU06342,1,2,1,1,3,2,2,2,1,3
STU06343,3,3,2,4,4,3,1,1,2,5
STU06344,4,1,3,2,2,1,1,3,2,4
STU06345,1,2,2,2,3,4,2,2,2,3
STU06346,1,4,1,1,3,1,2,2,2,2
STU06347,1,2,2,3,4,2,2,2,3,3
STU06348,4,4,2,1,1,2,2,2,2,4
STU06349,4,2,1,2,3,3,1,2,3,3
STU06350,2,2,2,1,5,1,1,2,1,4
STU06351,1,2,2,4,4,2,2,1,2,4
STU06352,2,2,4,2,3,2,2,2,1,4
STU06353,2,2,2,1,1,4,2,1,2,3
STU06354,1,4,2,2,2,2,2,2,2,4
STU06355,1,2,1,5,4,2,2,1,2,3
STU06356,5,4,2,2,2,4,2,2,4,5
STU06357,2,1,2,4,4,2,2,2,2,5
STU06358,2,2,1,2,3,2,2,2,4,4
STU06359,1,1,2,2,1,2,1,2,2,4
STU06360,4,1,1,4,1,4,2,2,5,4
STU06361,1,1,2,3,4,2,1,2,2,3
STU06362,1,2,2,1,1,4,2,2,2,2
STU06363,1,2,2,3,5,2,1,3,2,3
STU06364,5,5,2,5,2,5,2,1,2,5
STU06365,4,3,2,5,4,2,1,2,2,5
STU06366,5,3,2,5,4,4,2,1,2,5
STU06367,1,2,2,3,4,2,1,2,2,4
STU06368,2,2,2,3,2,4,2,2,3,4
STU06369,2,2,2,2,3,2,1,2,2,4
STU06370,2,2,2,4,4,2,2,1,2,2
STU06371,1,2,2,3,3,4,2,1,2,5
STU06372,5,5,2,5,4,2,1,2,2,5
STU06373,1,4,2,2,3,2,1,2,2,2
STU06374,4,3,4,4,2,3,2,2,2,5
STU06375,1,1,2,2,2,2,1,2,4,4
STU06376,2,1,2,2,5,2,1,2,3,5
STU06377,5,3,2,4,2,4,2,2,2,5
STU06378,1,2,2,2,2,2,1,4,1,3
STU06379,4,3,2,2,4,4,2,2,2,5
STU06380,1,4,1,2,1,2,2,2,2,3
STU06381,4,5,2,4,2,4,2,2,2,5
STU06382,5,2,2,4,3,5,2,2,2,5
STU06383,5,4,3,2,4,1,2,4,2,5
STU06384,4,3,2,4,4,4,2,2,2,5
STU06385,5,4,2,2,2,4,2,2,2,5
STU06386,4,5,2,3,2,2,1,2,2,4
STU06387,5,5,1,5,2,2,2,2,2,5
STU06388,2,1,2,3,4,1,1,1,2,4
STU06389,4,4,2,5,5,2,1,2,2,5
STU06390,1,2,2,2,3,2,1,2,2,3
STU06391,2,4,2,2,2,1,2,2,2,4
STU06392,3,2,2,2,3,4,2,2,2,3
STU06393,2,2,2,2,2,2,2,2,3,4
STU06394,1,2,2,4,4,2,1,2,2,4
STU06395,1,4,2,2,2,2,2,2,3,5
STU06396,4,2,2,5,3,2,1,2,2,5
STU06397,5,5,2,4,4,4,2,2,2,5
STU06398,3,2,2,1,3,5,2,2,1,3
STU06399,2,2,2,5,4,2,2,2,2,4
STU06400,4,4,2,2,4,2,2,2,2,4
STU06401,2,1,1,2,3,2,2,1,4,2
STU06402,3,3,2,1,1,2,2,2,1,4
STU06403,1,1,2,2,2,1,1,1,2,4
STU06404,4,4,1,2,3,4,2,2,2,5
STU06405,5,4,2,2,2,4,2,2,2,5
STU06406,3,2,2,4,4,3,1,2,2,5
STU06407,4,5,2,2,2,4,1,2,2,5
STU06408,2,1,3,2,2,1,2,4,5,3
STU06409,3,3,1,2,2,4,2,2,2,4
STU06410,2,1,1,1,1,2,1,4,2,2
STU06411,2,4,2,2,2,1,2,1,2,4
STU06412,4,3,2,5,4,3,2,2,2,4
STU06413,2,3,2,2,4,2,1,2,2,4
STU06414,4,4,2,5,5,2,2,2,2,3
STU06415,3,5,2,2,2,1,2,2,2,3
STU06416,5,4,2,5,5,2,2,2,2,5
STU06417,4,3,2,1,2,4,2,1,2,4
STU06418,1,5,2,2,2,1,2,1,1,4
STU06419,3,5,2,2,2,2,2,2,2,5
STU06420,2,2,2,2,3,2,1,2,2,4
STU06421,4,1,2,3,2,2,1,2,2,4
STU06422,1,2,2,2,2,2,1,2,2,3
STU06423,3,2,2,3,3,4,2,2,1,4
STU06424,1,4,2,2,2,2,2,2,2,4
STU06425,2,2,2,2,2,4,2,2,1,4
STU06426,3,3,2,5,4,3,2,2,2,3
STU06427,4,3,2,4,5,3,1,2,2,5
STU06428,3,4,1,2,2,3,2,2,2,4
STU06429,4,5,2,1,2,2,2,2,2,3
STU06430,5,4,2,4,2,2,1,2,4,5
STU06431,4,3,2,5,4,3,2,2,2,3
STU06432,1,3,2,3,4,1,1,1,2,4
STU06433,2,1,2,2,3,4,2,1,2,3
STU06434,2,4,3,1,2,2,2,3,2,5
STU06435,5,5,2,4,4,2,2,2,2,5
STU06436,2,4,2,2,2,2,2,2,2,3
STU06437,1,1,2,2,2,1,2,4,1,4
STU06438,5,5,2,2,5,2,2,2,2,5
STU06439,5,4,2,2,2,3,2,1,2,4
STU06440,4,2,1,4,2,2,1,2,1,3
STU06441,2,2,2,4,4,2,1,2,2,5
STU06442,2,1,1,2,2,4,2,2,2,4
STU06443,1,2,2,3,3,1,1,2,2,4
STU06444,3,2,2,2,1,1,2,2,2,3
STU06445,1,2,2,2,4,2,1,2,4,4
STU06446,1,4,2,2,2,2,2,2,2,4
STU06447,1,4,2,2,2,2,2,3,1,4
STU06448,1,3,2,3,4,2,1,2,2,4
STU06449,1,2,4,1,2,2,2,3,2,4
STU06450,4,3,2,5,4,4,2,2,2,5
STU06451,4,5,1,2,2,3,2,2,2,4
STU06452,4,3,2,3,4,4,1,2,2,5
STU06453,5,4,2,5,5,4,2,2,2,3
STU06454,5,4,2,5,5,2,1,2,2,4
STU06455,2,1,2,2,3,4,2,2,2,5
STU06456,1,4,2,1,2,2,2,2,2,4
STU06457,4,4,2,2,2,2,2,2,2,5
STU06458,1,2,2,3,4,2,2,2,2,3
STU06459,3,2,3,1,2,3,2,3,4,4
STU06460,3,4,2,2,3,2,1,2,2,4
STU06461,4,3,2,4,2,5,2,2,2,5
STU06462,1,4,2,2,3,2,2,2,1,3
STU06463,1,1,2,2,2,1,2,2,4,3
STU06464,5,5,2,4,4,2,1,2,2,4
STU06465,3,2,2,2,3,4,2,2,2,3
STU06466,2,2,2,4,4,2,1,2,2,4
STU06467,1,4,2,1,2,2,2,2,2,4
STU06468,2,2,2,2,3,4,2,2,1,3
STU06469,4,4,2,2,3,3,1,2,2,5
STU06470,1,2,1,2,1,2,2,2,2,3
STU06471,1,2,1,2,3,1,2,4,1,2
STU06472,2,2,2,2,2,2,2,2,2,3
STU06473,3,2,2,2,3,3,2,2,4,5
STU06474,5,5,1,5,2,4,2,2,2,5
STU06475,2,2,4,3,3,1,2,2,2,4
STU06476,2,2,3,3,3,1,1,2,2,4
STU06477,4,2,2,2,5,1,1,1,3,3
STU06478,5,4,2,4,4,5,2,2,2,4
STU06479,1,4,1,1,2,1,2,2,1,4
STU06480,4,1,2,5,4,2,1,2,3,4
STU06481,4,3,2,2,4,4,1,2,2,5
STU06482,5,3,2,5,2,4,1,2,2,5
STU06483,1,4,1,1,2,2,2,2,2,2
STU06484,1,2,2,2,2,2,1,3,2,3
STU06485,3,1,2,1,2,3,2,2,4,4
STU06486,5,2,2,3,3,5,2,2,2,3
STU06487,3,2,1,2,2,5,2,2,2,5
STU06488,2,2,3,4,5,2,2,3,1,5
STU06489,3,4,2,1,3,2,2,2,1,3
STU06490,5,5,1,2,2,2,2,2,2,5
STU06491,5,4,2,4,4,2,2,2,2,5
STU06492,1,2,3,2,3,2,2,4,2,5
STU06493,4,5,2,2,2,4,1,2,2,4
STU06494,4,5,1,2,2,2,2,2,1,5
STU06495,2,2,2,2,1,4,2,2,1,4
STU06496,4,5,1,4,2,3,2,2,2,4
STU06497,1,1,2,2,1,1,2,4,3,2
STU06498,5,4,2,4,4,1,1,2,2,5
STU06499,4,4,1,4,4,4,2,2,1,5
STU06500,4,3,1,5,4,2,1,2,2,5
STU06501,3,1,2,3,2,4,2,2,2,3
STU06502,1,4,3,2,3,1,2,3,1,4
STU06503,5,4,2,5,4,2,1,2,2,5
STU06504,4,3,2,1,2,4,1,2,2,5
STU06505,1,2,2,2,2,2,2,1,4,5
STU06506,2,2,2,2,3,2,1,3,2,5
STU06507,3,4,2,3,4,3,1,2,2,2
STU06508,5,4,2,3,4,5,1,2,2,4
STU06509,5,5,2,2,2,4,2,2,2,5
STU06510,5,4,4,2,2,4,2,2,2,5
STU06511,5,4,2,4,4,4,2,4,2,5
STU06512,2,2,1,2,5,2,1,1,4,5
STU06513,4,3,2,2,2,4,2,2,2,5
STU06514,2,2,2,2,1,2,1,2,2,4
STU06515,4,3,1,2,2,3,1,2,2,5
STU06516,1,2,2,1,4,2,2,4,2,5
STU06517,4,3,2,3,4,4,1,1,2,5
STU06518,5,3,4,4,4,4,2,2,2,5
STU06519,5,4,1,4,4,4,2,2,2,5
STU06520,3,2,2,2,1,1,1,1,2,4
STU06521,1,1,2,1,2,2,1,2,2,4
STU06522,2,1,2,2,2,2,2,4,2,5
STU06523,3,2,2,2,3,4,2,1,2,4
STU06524,5,5,2,2,5,5,2,1,2,5
STU06525,4,1,2,2,3,5,2,2,2,4
STU06526,1,2,2,2,3,1,1,2,2,4
STU06527,2,2,2,3,4,2,2,2,2,2
STU06528,4,5,2,2,2,4,2,2,1,5
STU06529,3,3,2,2,2,2,1,2,2,4
STU06530,1,1,2,2,2,2,2,4,3,4
STU06531,1,2,2,2,2,4,2,3,2,5
STU06532,5,5,2,2,4,5,2,2,2,5
STU06533,5,4,2,4,5,2,2,2,2,5
STU06534,1,4,1,2,2,2,2,3,3,4
STU06535,1,4,2,2,4,2,2,3,2,5
STU06536,2,4,3,2,2,2,2,2,2,4
STU06537,1,2,1,2,2,4,2,1,2,3
STU06538,1,1,2,3,4,2,1,2,2,2
STU06539,2,2,2,5,4,1,1,1,2,5
STU06540,4,3,2,4,4,4,2,2,2,5
STU06541,5,5,2,4,5,2,2,2,2,5
STU06542,3,3,1,2,2,4,2,2,2,5
STU06543,3,2,2,5,4,3,2,2,2,4
STU06544,3,2,1,2,3,1,1,4,2,3
STU06545,3,2,2,2,2,2,1,1,2,5
STU06546,1,2,3,2,2,2,1,4,2,5
STU06547,2,2,2,2,2,3,1,2,2,3
STU06548,4,4,2,4,4,4,2,2,2,5
STU06549,5,5,2,5,2,4,2,2,2,5
STU06550,1,2,2,2,4,2,1,2,2,4
STU06551,2,1,2,3,4,1,2,3,1,4
STU06552,4,5,1,3,2,2,1,2,2,3
STU06553,1,2,2,3,4,2,1,2,2,4
STU06554,1,2,2,2,4,2,2,2,2,4
STU06555,3,4,2,2,3,2,2,2,1,3
STU06556,3,2,2,2,2,3,2,1,2,3
STU06557,1,2,2,2,2,4,2,2,2,4
STU06558,3,3,5,2,3,2,2,2,1,5
STU06559,1,4,2,1,1,2,2,3,1,4
STU06560,5,5,2,5,2,3,2,2,1,5
STU06561,1,2,2,2,3,1,2,2,3,4
STU06562,5,5,1,4,5,5,1,2,2,5
STU06563,2,2,3,5,4,1,1,2,2,4
STU06564,4,4,2,2,1,1,1,2,2,5
STU06565,5,4,1,2,5,3,1,2,2,5
STU06566,3,2,2,2,4,1,2,2,4,4
STU06567,2,2,1,2,2,2,2,4,2,4
STU06568,3,3,4,2,2,2,2,1,2,5
STU06569,3,2,1,2,3,1,1,2,2,5
STU06570,5,5,2,5,2,4,2,2,2,5
STU06571,3,4,2,2,4,1,2,2,2,5
STU06572,5,4,2,1,2,5,2,2,2,4
STU06573,3,4,1,3,3,2,1,2,2,2
STU06574,5,3,2,5,5,4,1,2,2,5
STU06575,4,4,2,3,2,3,2,2,2,5
STU06576,1,2,4,2,2,2,2,2,1,2
STU06577,4,3,4,4,3,1,2,2,2,3
STU06578,4,2,1,4,4,3,2,2,2,5
STU06579,1,2,2,2,2,2,1,4,2,3
STU06580,2,4,1,2,4,2,2,2,3,4
STU06581,3,1,1,3,2,4,2,2,1,4
STU06582,5,3,2,5,2,4,1,2,2,5
STU06583,1,4,1,1,3,1,2,2,3,2
STU06584,4,5,1,2,2,4,2,2,2,4
STU06585,1,1,3,3,4,2,1,2,2,4
STU06586,5,3,1,4,4,5,2,2,2,4
STU06587,2,3,2,2,2,1,1,3,2,1
STU06588,4,3,2,2,4,4,1,2,2,4
STU06589,1,1,2,4,4,1,1,2,1,5
STU06590,5,5,2,5,4,2,1,2,2,4
STU06591,4,3,2,2,2,5,2,2,2,5
STU06592,5,5,2,4,2,4,2,2,2,5
STU06593,5,3,1,4,5,2,1,2,2,5
STU06594,4,5,2,2,2,4,2,2,2,5
STU06595,4,4,2,2,4,2,2,2,4,5
STU06596,3,4,2,2,2,2,2,2,2,4
STU06597,4,3,2,5,5,3,2,2,2,5
STU06598,2,1,2,2,3,4,2,2,2,4
STU06599,1,2,2,4,4,2,1,2,2,4
STU06600,5,2,1,2,2,4,2,1,5,3
STU06601,4,3,2,2,2,5,2,2,2,4
STU06602,2,1,2,2,2,2,2,2,4,3
STU06603,5,5,2,5,4,5,2,2,2,5
STU06604,5,5,2,3,4,4,2,2,2,4
STU06605,4,5,2,2,4,2,1,2,2,4
STU06606,4,4,2,4,1,2,2,2,4,5
STU06607,1,2,2,2,2,2,2,1,4,4
STU06608,1,1,3,2,3,1,2,2,1,4
STU06609,4,5,2,4,4,2,2,2,2,4
STU06610,1,4,1,2,2,1,2,1,2,3
STU06611,5,3,2,3,2,4,2,2,2,5
STU06612,4,5,2,1,4,3,1,2,2,2
STU06613,5,4,2,5,4,3,2,2,2,4
STU06614,4,3,2,1,2,4,2,2,4,4
STU06615,2,4,2,3,1,2,2,2,2,4
STU06616,3,3,1,2,4,2,1,2,2,3
STU06617,4,2,2,5,5,2,1,2,2,5
STU06618,3,2,2,4,4,2,2,2,2,5
STU06619,1,2,2,4,4,2,2,3,2,4
STU06620,2,2,4,2,4,2,2,3,4,5
STU06621,4,1,2,3,2,5,2,1,2,5
STU06622,4,4,1,2,4,3,1,2,2,4
STU06623,3,4,2,3,3,2,2,2,2,5
STU06624,1,2,2,2,5,2,2,1,3,4
STU06625,4,3,2,2,2,5,2,2,2,4
STU06626,1,4,2,3,3,1,2,3,2,4
STU06627,2,1,3,4,4,2,1,3,2,3
STU06628,4,3,2,1,2,5,2,1,2,4
STU06629,1,1,2,1,3,2,2,2,1,4
STU06630,5,4,4,5,2,4,2,2,2,5
STU06631,1,2,1,2,2,1,1,2,2,2
STU06632,1,2,2,2,2,1,1,2,2,5
STU06633,5,3,2,2,2,4,1,2,1,5
STU06634,3,2,2,2,2,2,1,2,2,4
STU06635,4,1,2,4,4,3,1,2,2,5
STU06636,2,2,2,2,5,2,1,1,2,4
STU06637,1,2,1,2,2,2,1,1,2,4
STU06638,4,3,2,4,4,3,2,2,2,4
STU06639,3,3,2,2,2,2,2,2,4,4
STU06640,3,3,2,4,2,4,2,1,2,4
STU06641,1,1,2,4,4,2,1,3,1,4
STU06642,4,3,2,4,4,4,2,2,2,4
STU06643,3,1,1,3,2,2,2,4,2,4
STU06644,2,2,2,2,3,4,2,2,2,3
STU06645,2,1,2,2,3,2,1,4,2,4
STU06646,3,2,2,3,3,4,2,1,1,4
STU06647,5,5,2,3,3,2,2,2,2,5
STU06648,2,4,2,2,2,2,2,2,2,4
STU06649,2,1,1,4,4,2,2,2,2,2
STU06650,2,4,1,1,2,2,2,2,2,3
STU06651,3,2,2,2,2,3,1,2,1,5
STU06652,1,3,2,4,4,2,2,3,2,2
STU06653,2,2,2,2,3,2,1,2,2,4
STU06654,3,2,2,2,2,1,1,2,3,5
STU06655,1,1,2,3,4,2,2,2,2,4
STU06656,3,2,1,3,4,2,1,1,2,3
STU06657,4,3,2,5,4,4,1,2,2,5
STU06658,4,4,2,3,2,4,1,2,2,5
STU06659,5,4,2,5,4,2,2,2,2,5
STU06660,2,2,2,5,4,4,2,2,2,4
STU06661,1,1,2,1,3,4,2,1,2,3
STU06662,5,4,2,5,5,4,2,2,2,5
STU06663,5,2,2,2,1,4,2,1,2,5
STU06664,4,2,2,2,2,5,2,2,2,5
STU06665,5,4,2,2,2,4,2,2,2,5
STU06666,4,4,2,1,2,2,2,2,4,5
STU06667,4,3,4,4,1,2,2,2,2,5
STU06668,3,2,2,4,4,3,1,2,2,3
STU06669,5,5,2,2,5,5,2,2,1,5
STU06670,5,2,1,1,3,2,2,4,3,4
STU06671,1,1,2,2,5,2,1,3,2,4
STU06672,2,4,2,1,2,2,2,3,2,4
STU06673,5,1,2,2,2,5,2,2,2,5
STU06674,2,2,2,2,2,4,2,2,2,4
STU06675,5,2,2,3,5,3,1,2,1,5
STU06676,2,4,2,2,4,2,2,2,3,5
STU06677,2,1,2,2,5,2,1,3,1,5
STU06678,1,2,1,2,2,4,2,1,1,4
STU06679,1,2,2,2,2,4,2,2,2,4
STU06680,5,5,1,2,2,2,2,2,2,5
STU06681,1,2,2,2,2,2,2,4,2,3
STU06682,5,5,1,5,5,4,2,2,2,5
STU06683,1,2,1,2,2,2,2,4,2,2
STU06684,2,4,3,2,3,2,1,3,2,5
STU06685,1,4,3,1,2,2,2,2,2,3
STU06686,2,2,4,2,4,1,1,4,5,4
STU06687,2,1,3,3,2,2,2,3,4,3
STU06688,4,5,2,2,2,3,2,2,2,5
STU06689,2,1,3,2,1,4,2,3,2,4
STU06690,1,1,2,3,4,2,1,1,2,4
STU06691,4,3,1,2,3,4,1,2,2,5
STU06692,4,4,2,2,2,3,1,2,2,5
STU06693,4,3,4,2,3,4,1,2,2,5
STU06694,5,3,2,4,2,5,1,2,1,5
STU06695,4,5,2,2,3,2,2,2,2,5
STU06696,3,3,4,1,2,2,2,2,1,5
STU06697,1,2,1,2,3,2,2,4,2,3
STU06698,1,2,4,1,3,2,2,2,1,4
STU06699,3,4,2,2,3,3,2,2,2,5
STU06700,3,3,2,5,4,2,2,2,2,3
STU06701,3,2,2,2,3,4,2,2,1,5
STU06702,2,2,3,1,1,1,2,4,1,4
STU06703,4,4,1,2,1,5,2,2,2,5
STU06704,5,4,2,4,4,2,2,2,2,5
STU06705,5,4,2,5,5,5,1,1,2,5
STU06706,4,5,2,1,2,2,2,2,1,5
STU06707,3,4,2,2,3,4,1,2,2,3
STU06708,4,3,2,2,2,5,2,2,2,3
STU06709,2,2,2,4,4,2,2,1,2,4
STU06710,5,4,2,2,4,5,2,2,2,5
STU06711,4,2,2,1,1,5,2,2,2,3
STU06712,4,4,2,4,4,2,2,2,2,5
STU06713,1,4,1,2,2,1,2,2,2,2
STU06714,1,4,2,2,1,2,2,2,2,4
STU06715,1,4,2,2,2,2,2,3,1,4
STU06716,4,5,2,1,4,1,1,2,2,5
STU06717,5,3,2,4,5,5,2,1,2,5
STU06718,5,4,1,4,4,4,1,1,2,5
STU06719,1,2,4,2,4,4,2,4,1,5
STU06720,3,2,2,2,3,4,2,2,2,5
STU06721,1,1,2,4,4,1,2,2,2,4
STU06722,4,2,2,3,4,2,2,2,4,5
STU06723,4,3,2,5,5,2,2,2,2,5
STU06724,4,2,3,2,3,2,1,3,4,5
STU06725,5,5,2,1,2,2,2,2,2,4
STU06726,4,3,1,2,3,2,1,2,2,5
STU06727,1,2,4,2,3,2,2,2,2,4
STU06728,1,4,2,2,2,2,2,3,2,5
STU06729,1,2,2,2,2,1,1,2,2,4
STU06730,2,4,2,2,2,2,2,2,2,3
STU06731,5,3,2,4,2,5,2,1,2,5
STU06732,5,4,2,4,4,5,2,2,2,5
STU06733,4,5,2,3,3,4,2,2,2,5
STU06734,2,2,2,3,4,2,1,3,2,4
STU06735,1,2,2,1,4,1,1,2,2,2
STU06736,3,2,2,4,4,2,2,2,2,4
STU06737,1,4,2,2,2,2,2,2,2,3
STU06738,2,4,1,2,3,1,2,2,2,3
STU06739,5,4,2,2,2,4,2,2,4,5
STU06740,5,4,4,4,2,2,1,2,2,4
STU06741,3,4,1,3,2,2,2,2,2,3
STU06742,5,5,2,2,2,2,2,2,2,5
STU06743,5,2,1,5,5,4,1,2,2,3
STU06744,5,4,1,5,5,1,2,2,2,5
STU06745,3,2,4,2,3,2,2,2,3,5
STU06746,5,5,2,2,2,5,2,2,2,5
STU06747,1,1,1,4,2,2,2,2,4,4
STU06748,5,4,1,2,2,3,1,2,2,4
STU06749,4,4,4,1,2,2,2,2,1,3
STU06750,5,2,2,3,4,5,2,2,2,4
STU06751,5,5,2,4,3,2,2,2,2,4
STU06752,1,2,2,2,3,2,1,4,1,2
STU06753,2,4,2,1,2,2,2,2,1,2
STU06754,5,3,2,5,5,4,1,2,1,5
STU06755,1,2,2,1,2,2,2,1,4,2
STU06756,4,5,2,4,2,4,2,2,2,4
STU06757,2,2,1,3,3,4,2,2,2,4
STU06758,1,1,2,2,4,1,1,1,3,3
STU06759,5,5,2,5,5,5,1,2,2,5
STU06760,3,1,2,3,3,4,2,2,2,3
STU06761,2,3,2,1,2,4,2,2,2,4
STU06762,5,4,2,5,2,3,1,2,2,4
STU06763,2,2,1,2,2,4,2,2,2,2
STU06764,5,3,2,2,2,5,2,2,2,4
STU06765,4,4,2,3,4,3,1,2,2,4
STU06766,1,1,2,2,2,1,1,2,2,4
STU06767,2,2,3,4,4,2,1,3,2,4
STU06768,1,2,4,2,2,2,2,2,2,5
STU06769,2,1,2,4,4,2,1,2,1,3
STU06770,4,4,2,2,3,1,1,2,2,5
STU06771,5,2,2,2,2,5,2,2,2,5
STU06772,1,2,2,3,4,2,2,2,2,5
STU06773,5,3,2,2,1,4,2,2,2,5
STU06774,5,3,2,5,5,2,1,2,2,5
STU06775,5,5,2,5,4,5,2,2,2,5
STU06776,4,4,2,2,2,4,1,1,2,5
STU06777,5,4,4,1,4,4,2,2,2,4
STU06778,4,5,2,2,4,2,2,2,2,3
STU06779,2,1,2,2,2,1,2,2,3,5
STU06780,1,1,2,2,1,4,2,3,1,2
STU06781,4,3,2,5,4,3,2,2,2,4
STU06782,3,1,3,2,1,3,2,3,4,5
STU06783,2,4,2,2,1,2,2,2,2,4
STU06784,3,2,2,2,2,2,1,2,1,2
STU06785,3,4,1,1,1,2,2,2,2,3
STU06786,4,5,1,2,2,1,2,2,2,5
STU06787,4,2,2,3,2,1,1,2,2,4
STU06788,4,5,2,2,4,3,1,2,2,4
STU06789,2,2,1,3,2,4,2,2,2,3
STU06790,4,5,2,2,2,4,1,2,2,5
STU06791,4,4,2,1,3,4,2,2,2,4
STU06792,3,1,2,2,3,4,2,2,2,5
STU06793,4,3,1,4,4,3,1,2,2,4
STU06794,2,2,2,2,2,4,2,2,2,3
STU06795,1,1,2,2,3,2,1,2,2,5
STU06796,2,2,1,2,5,1,1,1,2,4
STU06797,3,3,2,2,3,2,1,2,2,3
STU06798,2,2,2,1,3,1,2,2,4,5
STU06799,4,3,1,4,3,4,1,2,2,4
STU06800,4,4,2,3,4,4,1,2,2,4
STU06801,3,4,2,2,3,2,1,2,2,4
STU06802,3,3,1,2,1,4,2,2,2,3
STU06803,5,5,2,5,5,4,2,2,2,5
STU06804,5,4,2,1,2,5,2,2,2,5
STU06805,2,4,2,1,2,2,2,2,2,4
STU06806,4,4,2,3,2,3,1,2,2,4
STU06807,2,2,1,3,4,2,1,2,2,4
STU06808,5,5,2,5,5,1,1,2,2,5
STU06809,1,2,1,2,2,2,2,2,4,3
STU06810,2,2,2,1,3,4,2,1,1,3
STU06811,4,5,2,3,2,3,1,2,2,4
STU06812,1,3,3,1,3,2,1,3,2,3
STU06813,2,2,2,4,5,2,1,2,2,4
STU06814,1,2,2,3,4,1,1,2,2,3
STU06815,5,3,1,2,2,2,2,4,2,5
STU06816,2,4,2,3,3,1,2,2,2,4
STU06817,5,5,2,5,2,3,2,2,2,5
STU06818,1,1,1,2,4,2,2,2,4,3
STU06819,3,1,3,2,4,2,2,3,4,5
STU06820,1,2,2,2,2,2,1,3,1,4
STU06821,2,1,2,2,2,1,1,1,2,5
STU06822,1,2,2,2,3,1,2,2,2,4
STU06823,4,5,2,2,2,2,2,2,2,3
STU06824,3,4,2,2,2,4,1,2,2,5
STU06825,1,4,1,2,2,2,2,2,2,4
STU06826,4,5,2,1,4,3,1,2,2,4
STU06827,2,4,2,3,3,2,2,2,1,3
STU06828,2,4,2,1,1,1,2,1,2,3
STU06829,2,1,1,2,2,4,2,2,3,4
STU06830,3,4,1,2,1,2,2,2,2,3
STU06831,1,2,2,2,2,2,1,2,1,3
STU06832,4,5,2,2,2,2,2,2,2,5
STU06833,1,2,1,2,2,4,2,2,3,4
STU06834,2,2,2,3,2,1,1,2,2,5
STU06835,4,4,2,3,3,2,2,2,2,4
STU06836,5,5,2,2,4,1,2,2,2,5
STU06837,5,5,2,4,4,3,2,2,2,5
STU06838,2,2,2,1,3,2,2,2,1,4
STU06839,5,4,1,2,2,3,1,2,2,4
STU06840,5,2,4,2,5,2,2,3,2,5
STU06841,2,2,2,2,4,1,2,1,3,4
STU06842,4,3,2,5,4,4,2,1,2,5
STU06843,1,4,2,2,2,2,2,2,2,4
STU06844,5,2,2,5,4,5,2,2,2,5
STU06845,3,2,4,3,3,3,2,2,2,4
STU06846,1,4,2,2,3,2,2,1,2,5
STU06847,1,4,1,3,3,2,2,2,2,4
STU06848,5,4,2,2,2,4,1,2,2,4
STU06849,4,3,2,5,4,4,1,2,2,4
STU06850,1,2,2,3,4,2,2,1,2,3
STU06851,1,1,4,1,3,2,2,2,2,3
STU06852,5,5,2,5,4,4,2,2,2,5
STU06853,4,5,2,2,2,3,2,2,2,3
STU06854,2,2,1,1,2,2,2,2,4,4
STU06855,4,3,2,3,5,2,2,2,2,5
STU06856,1,1,2,2,2,2,1,4,2,4
STU06857,1,1,2,2,3,2,1,2,3,4
STU06858,5,3,2,4,2,4,1,2,2,5
STU06859,1,1,2,1,2,2,1,1,2,3
STU06860,4,5,2,2,2,2,2,2,2,5
STU06861,5,4,1,2,4,4,1,1,2,5
STU06862,5,4,2,2,4,5,2,2,1,5
STU06863,5,5,2,2,2,2,1,2,2,5
STU06864,1,2,2,2,2,2,1,3,2,2
STU06865,1,1,1,2,3,2,1,2,2,2
STU06866,3,1,2,4,4,2,2,2,2,4
STU06867,5,5,2,2,4,4,2,1,2,5
STU06868,5,3,2,4,4,4,2,2,2,5
STU06869,1,2,1,3,4,2,1,2,2,4
STU06870,2,2,2,1,2,4,2,1,2,4
STU06871,2,2,2,2,4,1,1,2,3,3
STU06872,3,4,1,4,1,3,2,2,2,3
STU06873,4,5,2,3,2,2,2,2,2,4
STU06874,1,2,2,2,3,2,1,3,2,4
STU06875,2,2,3,3,4,2,1,3,2,4
STU06876,1,4,3,1,4,2,1,3,2,4
STU06877,5,5,2,2,2,4,2,2,2,5
STU06878,2,1,1,2,5,1,2,2,2,4
STU06879,3,5,2,1,2,3,2,2,1,4
STU06880,5,5,2,4,4,3,2,2,2,4
STU06881,3,3,1,2,2,1,1,2,2,3
STU06882,2,1,1,1,2,2,1,5,2,3
STU06883,2,4,2,1,2,1,2,2,2,2
STU06884,5,4,2,2,2,4,2,2,2,5
STU06885,3,5,2,2,2,3,2,2,2,4
STU06886,1,2,2,2,3,1,1,2,1,3
STU06887,2,2,4,2,3,1,2,3,2,3
STU06888,1,4,2,2,4,2,1,2,3,4
STU06889,2,2,2,2,2,1,1,4,2,4
STU06890,2,4,1,2,3,1,2,1,2,5
STU06891,4,3,2,2,2,3,1,2,2,4
STU06892,5,5,1,1,5,5,1,2,2,3
STU06893,2,5,2,2,3,2,2,2,3,4
STU06894,4,3,2,4,4,2,2,2,2,5
STU06895,2,4,1,2,3,1,2,1,3,4
STU06896,3,2,2,2,4,2,1,2,3,5
STU06897,3,4,2,1,2,2,2,3,2,3
STU06898,4,1,2,2,3,2,1,2,2,4
STU06899,3,2,1,2,2,4,2,2,2,3
STU06900,5,5,2,2,1,4,1,2,1,4
STU06901,3,5,2,2,2,1,1,1,2,5
STU06902,1,2,2,2,1,4,2,2,2,4
STU06903,1,1,1,2,2,1,2,1,4,3
STU06904,2,1,2,3,4,1,1,2,2,3
STU06905,4,3,2,2,2,1,1,2,2,3
STU06906,5,3,2,5,4,2,2,2,2,5
STU06907,3,2,2,2,2,4,2,2,2,3
STU06908,5,2,2,5,4,2,1,2,2,5
STU06909,3,1,2,1,3,2,2,3,4,5
STU06910,3,2,2,4,4,2,1,1,2,4
STU06911,4,4,1,2,2,5,2,2,2,4
STU06912,1,5,2,2,2,3,1,2,2,5
STU06913,2,2,3,2,2,4,2,2,2,5
STU06914,2,2,3,3,3,2,1,3,2,5
STU06915,3,2,3,2,3,2,2,4,1,5
STU06916,1,2,2,1,2,1,2,2,2,3
STU06917,3,2,2,4,4,2,2,2,1,4
STU06918,2,1,2,2,1,2,2,1,4,5
STU06919,4,3,2,2,3,3,2,4,2,4
STU06920,5,4,1,3,5,3,2,2,2,5
STU06921,5,4,2,5,2,5,1,2,2,5
STU06922,2,4,2,1,1,1,2,2,2,5
STU06923,5,4,2,2,2,1,1,1,2,4
STU06924,3,2,2,4,4,2,1,2,2,2
STU06925,1,2,2,3,4,2,2,2,2,5
STU06926,5,5,2,4,4,2,1,2,2,5
STU06927,1,2,3,5,4,2,1,3,3,5
STU06928,2,3,4,2,2,2,2,2,2,4
STU06929,2,2,2,2,3,1,1,1,2,4
STU06930,3,4,1,2,2,3,1,2,2,3
STU06931,2,2,2,1,2,1,1,2,2,3
STU06932,4,5,2,3,2,2,2,2,2,4
STU06933,1,1,4,1,2,2,2,1,3,4
STU06934,3,2,3,1,5,2,1,2,2,4
STU06935,3,2,2,2,2,2,2,2,2,4
STU06936,1,2,2,3,4,1,1,1,2,3
STU06937,5,4,2,1,4,5,2,1,2,5
STU06938,3,4,1,4,2,3,2,2,1,4
STU06939,2,2,1,4,4,2,1,1,2,3
STU06940,4,3,2,4,4,1,2,2,2,3
STU06941,2,2,2,2,2,3,1,1,2,5
STU06942,2,2,3,1,5,2,1,3,1,5
STU06943,1,2,2,1,2,1,2,2,2,4
STU06944,4,2,2,1,2,5,2,2,1,3
STU06945,5,5,1,2,5,4,2,2,2,5
STU06946,2,2,2,3,4,3,2,1,2,3
STU06947,4,2,2,1,3,5,2,2,2,4
STU06948,5,4,2,5,5,2,1,2,1,5
STU06949,2,4,1,2,3,2,2,2,2,2
STU06950,1,1,1,4,4,2,2,2,2,3
STU06951,4,5,2,2,2,3,2,2,1,5
STU06952,4,2,4,2,4,2,1,5,3,5
STU06953,5,3,1,4,2,1,1,2,4,4
STU06954,1,2,3,2,1,4,2,2,2,3
STU06955,4,3,1,4,4,3,1,2,2,5
STU06956,4,4,2,2,4,4,2,2,2,4
STU06957,4,4,3,2,4,2,1,3,1,4
STU06958,2,2,4,1,2,2,2,1,1,3
STU06959,4,2,1,5,4,3,2,2,2,5
STU06960,1,2,2,2,3,2,2,1,2,4
STU06961,3,5,2,1,2,1,2,2,2,5
STU06962,5,4,2,2,5,5,2,2,2,5
STU06963,2,4,1,2,2,2,2,2,1,3
STU06964,1,2,3,2,3,1,1,2,2,5
STU06965,3,3,1,4,4,2,2,2,2,4
STU06966,4,4,2,3,4,3,1,2,2,4
STU06967,2,2,3,4,5,2,1,2,2,5
STU06968,5,2,2,5,5,2,1,2,2,4
STU06969,1,2,2,2,2,1,1,2,4,4
STU06970,4,2,1,4,4,4,2,2,1,3
STU06971,1,1,2,2,3,2,1,2,1,5
STU06972,2,1,3,2,4,2,2,3,4,5
STU06973,5,5,2,2,2,5,2,2,4,5
STU06974,3,4,2,3,2,2,2,2,2,2
STU06975,5,5,2,2,2,4,2,2,1,5
STU06976,3,2,2,3,1,4,2,2,2,5
STU06977,5,4,2,2,2,3,1,2,2,5
STU06978,2,2,2,5,4,2,2,2,2,4
STU06979,4,5,2,2,2,3,1,2,2,5
STU06980,2,3,2,3,4,2,1,2,3,4
STU06981,2,2,1,1,2,1,2,2,4,4
STU06982,5,3,2,5,5,5,2,2,2,5
STU06983,4,3,2,4,4,4,2,2,2,5
STU06984,1,2,3,4,4,2,2,3,2,4
STU06985,2,1,2,2,2,4,2,2,3,4
STU06986,2,1,2,4,4,2,2,2,1,4
STU06987,4,3,2,5,1,4,2,1,2,3
STU06988,5,4,2,4,5,4,2,2,2,3
STU06989,1,2,1,2,3,1,2,1,2,3
STU06990,2,4,2,2,2,3,2,2,2,4
STU06991,2,2,2,3,4,2,1,2,3,3
STU06992,1,2,4,2,5,1,2,3,2,5
STU06993,1,2,2,2,2,4,2,2,2,3
STU06994,2,2,1,4,4,2,2,2,2,2
STU06995,2,2,3,2,3,1,1,3,2,4
STU06996,2,4,2,2,3,2,2,2,2,5
STU06997,5,4,1,4,4,4,2,2,1,5
STU06998,5,2,2,4,4,4,1,1,1,5
STU06999,4,4,2,3,4,4,1,2,2,4
STU07000,1,2,3,1,5,2,1,3,2,4
STU07001,2,1,4,1,2,1,2,3,1,3
STU07002,5,5,2,2,2,4,2,2,2,3
STU07003,2,2,2,4,4,2,2,3,2,3
STU07004,5,3,1,2,1,5,2,2,2,4
STU07005,1,2,4,1,3,2,2,2,2,3
STU07006,1,1,1,2,2,4,2,2,2,4
STU07007,4,3,1,5,3,1,1,1,2,5
STU07008,3,4,2,3,2,3,2,2,2,3
STU07009,4,5,2,4,4,3,2,2,1,5
STU07010,2,4,2,2,2,2,2,2,2,4
STU07011,5,3,4,2,2,4,2,2,2,5
STU07012,4,4,2,2,1,4,1,2,2,4
STU07013,5,5,2,2,1,4,2,2,4,5
STU07014,5,2,2,2,4,4,1,2,2,5
STU07015,5,5,2,4,4,4,2,2,2,5
STU07016,5,3,2,4,5,4,2,2,2,5
STU07017,1,1,2,1,2,4,2,2,3,4
STU07018,1,2,1,2,3,2,1,2,2,2
STU07019,2,1,2,2,4,2,1,2,2,4
STU07020,4,3,2,2,2,3,2,2,4,4
STU07021,4,3,2,2,5,3,2,2,2,5
STU07022,3,2,3,3,2,2,2,3,4,2
STU07023,3,4,1,2,3,2,2,2,3,3
STU07024,2,3,2,4,4,2,2,2,2,4
STU07025,1,4,3,2,3,2,1,3,3,5
STU07026,1,4,2,1,3,2,1,2,3,5
STU07027,1,1,4,2,2,2,2,1,2,4
STU07028,1,4,1,2,2,2,2,2,2,3
STU07029,2,4,2,2,3,2,2,2,1,3
STU07030,4,2,1,5,4,2,1,2,1,4
STU07031,3,5,1,2,2,4,2,2,2,5
STU07032,1,2,2,2,2,4,2,2,3,2
STU07033,5,2,2,3,5,3,2,2,2,5
STU07034,5,5,2,2,2,4,2,2,2,5
STU07035,1,2,3,2,2,4,2,3,1,4
STU07036,2,2,2,1,2,4,2,2,3,4
STU07037,4,2,2,5,5,3,2,2,2,5
STU07038,2,4,3,1,2,2,2,3,4,5
STU07039,3,2,2,1,3,4,2,3,2,3
STU07040,4,3,2,2,4,4,2,2,4,4
STU07041,1,2,1,4,2,3,1,2,2,4
STU07042,5,3,4,2,4,3,2,2,2,4
STU07043,1,4,2,2,1,2,2,1,2,4
STU07044,2,3,1,2,2,2,1,2,2,3
STU07045,4,3,2,2,3,4,2,2,2,5
STU07046,1,2,3,2,5,1,2,2,3,2
STU07047,3,1,2,3,1,4,2,1,2,4
STU07048,2,4,2,3,1,2,2,2,3,4
STU07049,4,4,2,4,4,3,2,2,2,5
STU07050,5,4,2,5,5,3,1,2,2,5
STU07051,2,4,2,5,4,3,1,2,1,5
STU07052,1,4,2,2,2,2,2,2,3,2
STU07053,3,1,2,2,2,4,2,2,2,3
STU07054,3,2,1,3,4,3,2,1,3,5
STU07055,5,5,2,2,2,2,2,2,1,5
STU07056,4,4,2,2,2,2,1,2,2,3
STU07057,2,1,1,2,3,2,2,1,4,3
STU07058,4,5,2,2,2,4,2,2,2,5
STU07059,5,4,2,2,2,3,1,2,2,5
STU07060,3,3,2,4,4,5,2,2,1,5
STU07061,4,3,2,2,2,5,2,1,1,5
STU07062,4,2,1,4,5,1,2,2,2,4
STU07063,1,3,2,1,2,4,2,3,2,4
STU07064,2,2,2,2,3,2,1,3,2,4
STU07065,5,4,3,1,4,2,2,4,4,4
STU07066,1,2,2,2,5,1,1,2,2,2
STU07067,3,3,2,2,2,5,2,2,2,4
STU07068,4,5,2,2,4,3,2,1,2,5
STU07069,4,3,2,5,4,2,2,2,2,5
STU07070,3,1,2,1,1,2,1,2,2,4
STU07071,1,1,2,2,2,1,2,2,4,3
STU07072,5,2,2,5,5,4,2,2,2,5
STU07073,1,1,2,2,2,2,1,3,1,2
STU07074,3,2,2,2,4,1,1,3,2,2
STU07075,3,2,1,1,3,4,2,1,1,4
STU07076,4,3,4,2,2,3,2,2,2,4
STU07077,5,4,1,4,4,3,2,2,2,5
STU07078,4,2,2,5,4,3,1,2,2,3
STU07079,5,5,2,2,2,4,1,2,2,5
STU07080,4,5,2,1,2,2,1,1,2,5
STU07081,5,4,1,5,3,4,1,2,2,5
STU07082,5,4,2,4,2,5,2,2,2,5
STU07083,1,2,2,1,2,2,1,4,2,4
STU07084,4,4,2,2,2,4,2,2,1,5
STU07085,1,2,2,3,5,1,2,3,3,4
STU07086,4,3,2,3,2,2,2,4,2,5
STU07087,2,4,2,2,3,2,2,2,2,4
STU07088,5,4,2,2,1,5,2,2,2,5
STU07089,1,1,2,2,3,4,2,2,1,3
STU07090,1,2,2,3,5,2,2,2,1,4
STU07091,5,4,2,4,4,4,2,2,2,5
STU07092,1,1,4,2,2,2,2,1,3,4
STU07093,1,1,1,4,4,2,1,1,3,4
STU07094,5,3,2,2,2,2,1,2,2,5
STU07095,2,2,2,2,1,2,1,2,2,4
STU07096,3,2,2,3,2,4,2,2,2,4
STU07097,1,1,2,3,4,2,1,2,3,3
STU07098,5,5,2,4,5,3,2,2,2,4
STU07099,4,3,2,3,2,5,2,2,2,5
STU07100,5,5,2,3,5,4,2,2,2,5
STU07101,4,4,4,3,1,3,2,2,2,4
STU07102,3,4,2,1,3,1,2,2,2,3
STU07103,1,2,2,2,2,4,2,2,2,5
STU07104,5,5,2,4,2,5,2,2,2,5
STU07105,2,2,2,2,2,2,2,2,4,4
STU07106,5,5,2,2,4,4,2,2,2,4
STU07107,2,2,2,5,5,2,1,2,2,4
STU07108,1,1,2,1,3,2,2,4,1,3
STU07109,5,2,2,4,2,1,1,2,2,5
STU07110,5,3,1,4,3,5,2,2,2,4
STU07111,5,2,3,2,5,2,1,3,4,4
STU07112,2,2,2,4,5,2,2,2,3,4
STU07113,5,3,2,5,5,2,2,2,2,4
STU07114,5,5,2,2,1,3,1,2,1,5
STU07115,3,2,2,2,3,2,1,1,2,3
STU07116,5,5,1,2,2,4,1,1,2,4
STU07117,1,2,1,3,2,2,1,4,1,4
STU07118,3,1,2,2,2,2,2,2,4,5
STU07119,2,2,4,2,2,2,2,2,2,3
STU07120,4,4,2,4,4,4,2,2,2,4
STU07121,3,3,2,4,2,3,1,1,2,3
STU07122,1,2,1,3,4,1,1,2,2,3
STU07123,3,4,1,2,3,2,2,2,2,3
STU07124,3,3,2,2,2,2,1,2,2,5
STU07125,2,4,3,2,2,2,2,2,2,4
STU07126,2,2,2,1,2,1,2,4,3,4
STU07127,4,3,2,2,1,4,1,2,2,5
STU07128,3,2,2,5,4,3,2,2,2,3
STU07129,4,4,2,2,2,5,2,2,1,5
STU07130,4,5,2,4,2,3,1,2,2,4
STU07131,5,5,1,3,3,3,2,2,2,4
STU07132,1,2,2,4,4,1,1,2,2,4
STU07133,4,5,2,2,2,3,2,2,2,5
STU07134,1,2,2,4,4,2,1,2,2,3
STU07135,2,2,2,1,3,2,2,2,4,4
STU07136,5,4,2,4,5,4,1,2,2,5
STU07137,1,2,2,1,2,2,2,2,2,5
STU07138,5,5,2,3,2,4,2,2,1,5
STU07139,2,2,2,3,1,3,2,2,4,4
STU07140,1,1,2,3,4,2,1,2,2,3
STU07141,1,2,2,1,2,4,2,2,2,5
STU07142,2,4,2,2,2,3,2,2,2,4
STU07143,4,5,1,2,2,2,1,2,2,4
STU07144,2,4,2,1,3,2,2,2,2,4
STU07145,2,2,1,2,3,4,2,2,3,4
STU07146,4,3,2,4,4,4,2,2,2,4
STU07147,2,4,2,2,2,2,2,3,2,5
STU07148,5,4,2,5,4,2,2,2,2,4
STU07149,2,1,2,2,5,2,1,2,2,5
STU07150,4,5,2,2,3,3,1,2,2,5
STU07151,2,2,1,4,4,3,2,1,2,3
STU07152,4,3,2,2,2,4,2,2,2,4
STU07153,3,3,2,5,4,2,1,1,2,4
STU07154,3,4,2,2,3,2,2,2,2,3
STU07155,5,4,2,5,4,4,2,2,2,5
STU07156,5,4,1,5,5,4,1,2,2,5
STU07157,3,4,2,3,2,2,1,2,2,3
STU07158,1,4,2,2,3,2,2,1,2,1
STU07159,2,2,1,2,3,2,2,4,3,3
STU07160,4,3,2,4,4,4,1,2,2,5
STU07161,2,5,1,2,2,1,2,2,1,3
STU07162,5,5,2,5,2,2,2,2,2,5
STU07163,3,4,2,3,2,2,2,2,2,4
STU07164,5,4,1,4,5,5,2,2,2,4
STU07165,4,5,2,4,2,3,1,2,2,5
STU07166,2,1,1,2,2,2,1,4,1,3
STU07167,4,5,1,3,4,3,2,2,2,4
STU07168,5,3,1,4,4,2,1,2,1,5
STU07169,4,4,2,2,2,4,2,2,2,5
STU07170,5,5,2,5,4,4,2,2,2,4
STU07171,1,2,2,4,4,2,2,2,2,4
STU07172,1,2,2,2,2,2,1,2,2,4
STU07173,5,4,2,4,4,5,2,2,2,4
STU07174,1,1,2,2,2,4,2,2,2,4
STU07175,4,2,2,2,3,5,2,2,2,4
STU07176,5,5,2,5,4,4,2,2,2,5
STU07177,1,2,2,2,2,2,2,2,2,4
STU07178,5,3,2,4,2,3,1,2,2,4
STU07179,5,5,2,3,4,4,2,2,2,5
STU07180,1,2,2,1,3,2,2,3,4,4
STU07181,3,3,2,2,2,3,1,2,2,2
STU07182,4,2,2,4,5,2,1,2,2,4
STU07183,1,2,4,2,2,2,2,2,2,5
STU07184,1,2,2,2,2,2,2,3,1,2
STU07185,4,2,2,2,1,5,2,2,1,3
STU07186,5,3,1,1,5,2,1,2,2,5
STU07187,5,5,2,2,1,3,1,2,2,4
STU07188,5,5,1,4,4,2,1,2,2,5
STU07189,3,2,2,3,2,4,2,1,2,5
STU07190,1,2,1,3,4,2,1,1,2,4
STU07191,4,4,2,2,3,3,1,2,2,3
STU07192,4,3,1,2,2,4,1,2,2,5
STU07193,2,5,4,4,5,2,2,2,2,4
STU07194,2,2,4,2,2,1,2,3,2,4
STU07195,5,3,2,5,5,4,1,1,2,5
STU07196,3,4,1,2,3,3,2,2,1,3
STU07197,5,4,1,3,3,5,2,2,1,4
STU07198,4,5,2,4,1,3,2,2,2,5
STU07199,2,1,2,2,1,2,1,1,5,5
STU07200,1,4,2,1,3,1,2,2,2,3
STU07201,4,2,2,3,5,3,1,2,2,4
STU07202,5,5,4,2,2,2,2,2,2,5
STU07203,1,3,2,3,4,2,1,2,2,3
STU07204,2,2,2,2,3,4,2,2,2,3
STU07205,1,4,2,2,2,2,2,2,1,4
STU07206,4,4,2,3,4,4,2,2,2,4
STU07207,4,3,2,4,4,4,2,2,2,4
STU07208,5,5,1,2,2,4,2,2,1,5
STU07209,1,2,1,2,3,4,2,2,1,2
STU07210,1,1,2,2,3,2,2,4,3,4
STU07211,1,2,2,2,4,2,2,4,2,4
STU07212,5,3,2,5,5,4,2,2,2,5
STU07213,4,4,2,4,3,2,2,3,3,4
STU07214,3,1,2,1,3,1,2,2,2,4
STU07215,2,3,1,1,2,4,2,1,1,3
STU07216,1,2,3,2,4,2,1,2,3,3
STU07217,3,3,2,2,2,4,2,2,2,3
STU07218,3,3,2,3,3,2,2,2,1,5
STU07219,5,4,1,3,5,2,2,2,2,5
STU07220,1,3,2,3,4,1,1,2,2,4
STU07221,1,1,2,4,4,2,1,2,1,4
STU07222,4,2,4,4,2,4,2,1,4,5
STU07223,1,2,4,2,2,3,2,2,1,4
STU07224,3,4,1,2,2,2,2,1,1,3
STU07225,3,2,1,3,2,2,1,2,2,4
STU07226,5,3,2,4,4,4,2,2,2,5
STU07227,2,2,3,2,3,2,2,3,2,4
STU07228,2,1,2,2,2,2,1,3,2,4
STU07229,5,5,2,4,4,2,2,2,2,5
STU07230,1,2,1,4,4,2,1,2,1,2
STU07231,4,1,3,2,2,4,2,4,2,4
STU07232,4,3,2,4,4,4,2,1,2,5
STU07233,4,5,2,2,2,3,1,1,1,5
STU07234,3,5,2,4,2,2,2,2,2,5
STU07235,2,2,2,3,4,2,2,2,2,3
STU07236,1,4,2,2,3,2,2,2,2,3
STU07237,1,2,2,2,2,4,2,2,2,4
STU07238,4,3,2,1,3,4,1,2,2,5
STU07239,2,3,1,4,5,5,2,2,2,5
STU07240,1,2,1,2,4,2,1,1,1,3
STU07241,1,2,2,2,3,2,1,3,2,4
STU07242,4,3,2,5,5,3,2,2,2,5
STU07243,4,3,2,2,3,3,1,1,2,5
STU07244,1,2,2,1,2,4,2,2,2,2
STU07245,3,2,2,3,3,2,1,2,2,5
STU07246,2,2,1,2,3,4,2,2,1,5
STU07247,5,3,4,4,3,3,2,2,2,4
STU07248,4,5,2,4,1,2,2,1,1,5
STU07249,1,2,2,3,2,1,2,2,4,4
STU07250,2,1,1,2,3,1,1,2,1,2
STU07251,1,4,2,2,3,1,2,2,1,3
STU07252,1,2,2,2,2,4,2,2,2,2
STU07253,1,2,2,2,2,1,2,2,4,2
STU07254,2,2,2,3,4,2,1,1,2,4
STU07255,1,4,2,2,2,2,2,1,3,4
STU07256,4,4,1,2,2,4,2,1,2,4
STU07257,3,3,2,2,1,2,1,2,1,4
STU07258,1,2,2,3,5,1,1,2,2,3
STU07259,2,1,2,2,2,2,1,3,2,4
STU07260,3,2,1,2,2,3,1,2,2,2
STU07261,2,1,2,4,4,2,1,2,1,4
STU07262,4,5,1,2,3,4,2,2,1,4
STU07263,2,1,1,3,4,2,1,2,2,3
STU07264,3,3,4,1,2,2,2,2,2,4
STU07265,3,4,2,2,2,3,2,2,2,3
STU07266,5,4,2,4,5,5,2,2,2,4
STU07267,5,5,1,5,2,4,2,2,1,5
STU07268,1,2,2,2,3,1,2,1,2,4
STU07269,5,5,2,1,2,3,2,2,2,5
STU07270,1,2,2,1,1,1,1,2,2,2
STU07271,4,3,2,2,4,2,1,1,1,4
STU07272,5,2,3,2,4,1,1,5,4,4
STU07273,2,2,2,2,2,2,1,4,2,4
STU07274,5,4,2,5,1,3,1,2,2,5
STU07275,1,3,2,1,4,1,1,1,2,4
STU07276,2,2,2,2,3,2,2,2,2,4
STU07277,3,2,3,1,3,1,2,3,4,4
STU07278,1,2,2,2,3,2,1,1,1,3
STU07279,1,1,2,1,2,2,2,4,2,4
STU07280,1,1,2,3,2,2,1,1,2,2
STU07281,3,5,2,3,2,2,2,1,1,2
STU07282,5,5,2,4,4,4,2,2,2,5
STU07283,5,5,2,2,2,4,2,2,2,5
STU07284,2,1,2,3,4,2,1,2,2,4
STU07285,5,4,2,2,1,5,2,2,2,5
STU07286,3,2,2,2,3,4,2,2,2,3
STU07287,5,2,2,1,5,1,1,1,3,5
STU07288,5,5,2,5,4,5,2,2,2,5
STU07289,5,2,3,4,3,4,1,3,2,5
STU07290,1,2,2,2,2,4,2,1,2,5
STU07291,2,2,2,1,2,4,2,1,3,5
STU07292,5,5,1,2,2,4,2,2,2,5
STU07293,2,2,1,1,3,2,2,4,2,3
STU07294,4,4,2,4,2,4,1,2,2,5
STU07295,3,2,2,4,4,1,1,1,2,5
STU07296,1,2,1,2,2,1,2,2,2,2
STU07297,4,3,2,4,4,3,2,2,2,4
STU07298,5,3,2,1,1,5,2,2,2,5
STU07299,2,2,3,2,2,4,2,2,2,3
STU07300,3,3,2,2,2,2,2,2,4,5
STU07301,4,4,2,4,4,3,2,2,2,4
STU07302,1,2,2,2,2,4,2,3,2,3
STU07303,4,2,2,2,3,5,1,2,2,4
STU07304,4,3,1,4,4,5,1,2,2,4
STU07305,2,2,1,1,4,2,1,2,5,4
STU07306,5,4,2,2,2,4,2,1,2,4
STU07307,5,5,2,5,4,3,2,2,2,5
STU07308,3,4,2,2,2,2,2,2,2,4
STU07309,1,2,2,2,2,2,1,5,2,5
STU07310,1,4,1,2,4,2,1,2,2,5
STU07311,5,5,2,5,5,2,2,2,2,5
STU07312,3,3,2,2,2,2,1,2,2,4
STU07313,2,2,2,3,4,2,1,2,2,3
STU07314,1,2,2,4,4,2,1,2,2,4
STU07315,3,2,4,2,2,3,2,2,2,3
STU07316,5,4,1,2,2,2,1,1,2,4
STU07317,2,2,3,1,1,2,1,3,2,5
STU07318,4,3,2,2,3,5,2,2,2,4
STU07319,4,2,2,4,3,2,1,2,2,5
STU07320,1,4,2,1,2,2,2,2,2,3
STU07321,1,1,2,2,2,2,1,2,2,3
STU07322,2,1,2,4,4,2,1,2,1,4
STU07323,1,3,2,2,3,2,1,2,2,4
STU07324,2,2,2,2,4,2,1,2,1,2
STU07325,4,3,2,3,4,4,1,2,2,4
STU07326,4,3,2,5,4,2,2,2,2,5
STU07327,4,4,1,2,4,3,1,2,2,3
STU07328,4,3,2,5,4,3,2,2,2,5
STU07329,5,5,2,1,2,4,2,2,2,5
STU07330,1,2,2,1,1,2,2,4,2,4
STU07331,1,3,2,2,2,4,2,2,1,4
STU07332,2,4,2,1,1,2,2,2,2,4
STU07333,5,4,2,5,4,5,2,2,2,5
STU07334,4,4,2,2,3,4,1,2,2,5
STU07335,2,1,2,4,4,2,2,2,2,3
STU07336,2,4,2,3,2,2,2,2,2,3
STU07337,4,4,2,4,2,2,2,1,2,5
STU07338,4,3,2,4,2,2,1,2,1,4
STU07339,2,2,2,4,4,2,2,2,1,4
STU07340,5,5,2,2,3,3,1,2,2,5
STU07341,4,5,2,3,2,2,2,2,2,4
STU07342,2,3,2,3,4,4,1,1,2,3
STU07343,3,3,4,3,4,3,2,2,2,5
STU07344,1,2,2,2,2,2,2,2,4,3
STU07345,1,2,3,2,2,2,2,2,4,4
STU07346,4,5,2,2,2,4,2,2,2,4
STU07347,4,4,2,4,4,4,2,2,2,5
STU07348,2,3,2,5,4,4,1,2,4,5
STU07349,4,3,1,2,2,4,2,2,4,5
STU07350,1,2,3,2,4,2,1,4,5,4
STU07351,3,2,1,2,4,1,2,1,2,5
STU07352,2,3,2,4,4,2,1,2,2,4
STU07353,2,1,1,2,3,1,1,2,2,3
STU07354,2,2,2,1,2,1,1,4,2,4
STU07355,4,4,2,4,5,4,2,2,2,5
STU07356,5,4,2,5,5,3,1,2,2,5
STU07357,2,2,2,4,2,4,2,3,1,4
STU07358,1,2,2,3,2,4,2,2,1,3
STU07359,1,1,2,3,4,2,1,1,2,4
STU07360,5,1,1,2,4,2,2,2,5,3
STU07361,1,2,2,2,1,2,1,2,2,4
STU07362,4,4,2,4,4,4,2,2,2,5
STU07363,2,2,2,2,3,2,2,2,2,4
STU07364,5,5,1,1,2,2,1,2,2,5
STU07365,5,3,2,2,1,3,2,2,2,5
STU07366,3,1,2,3,2,2,2,4,2,5
STU07367,4,2,4,2,2,3,2,2,2,5
STU07368,4,2,2,2,2,3,1,2,2,5
STU07369,3,1,2,1,3,4,2,2,2,3
STU07370,1,2,2,3,4,2,2,2,1,2
STU07371,1,2,2,4,4,2,2,2,2,4
STU07372,2,1,2,2,3,1,2,2,2,3
STU07373,2,1,2,2,5,2,1,2,3,4
STU07374,1,2,2,2,2,2,1,2,1,3
STU07375,3,2,1,3,4,2,1,2,2,3
STU07376,5,2,2,2,4,4,1,2,2,5
STU07377,4,3,2,2,2,2,1,2,2,5
STU07378,4,3,2,2,3,2,1,2,2,4
STU07379,1,1,2,3,1,2,1,2,2,4
STU07380,4,4,2,4,2,3,2,1,2,5
STU07381,4,4,2,3,2,3,1,2,2,4
STU07382,5,3,1,4,4,2,1,2,2,4
STU07383,4,5,2,4,2,4,2,2,2,5
STU07384,3,1,1,2,2,4,2,4,2,4
STU07385,4,3,1,4,3,3,1,2,2,4
STU07386,3,4,2,3,2,3,1,2,2,4
STU07387,3,2,2,2,3,4,2,1,2,3
STU07388,4,3,2,3,5,2,2,2,2,5
STU07389,4,2,2,2,2,4,2,1,4,4
STU07390,4,4,2,3,4,2,1,2,1,4
STU07391,4,5,2,2,2,2,1,2,2,4
STU07392,3,2,2,1,3,4,2,1,2,4
STU07393,4,2,3,4,2,2,1,3,2,4
STU07394,2,4,2,3,2,2,2,2,2,4
STU07395,2,4,3,2,2,2,1,3,2,4
STU07396,1,2,2,2,1,4,2,2,2,2
STU07397,2,4,2,1,2,2,2,2,2,3
STU07398,2,2,2,2,2,1,1,2,2,4
STU07399,4,2,1,2,5,3,2,2,2,4
STU07400,4,2,2,2,2,2,1,1,2,3
STU07401,1,2,2,2,2,4,2,2,2,3
STU07402,3,1,2,2,3,4,2,1,2,5
STU07403,1,3,2,2,2,2,1,4,3,4
STU07404,3,1,2,2,5,2,2,1,2,5
STU07405,4,3,2,2,2,5,2,2,2,5
STU07406,2,4,1,2,4,2,2,1,3,4
STU07407,1,2,2,2,4,1,2,2,2,3
STU07408,3,3,1,4,4,1,2,2,2,2
STU07409,1,4,2,2,2,2,2,2,1,3
STU07410,4,2,2,1,2,5,2,2,2,4
STU07411,5,3,2,4,4,4,2,2,2,3
STU07412,1,4,2,2,2,1,2,3,3,4
STU07413,2,2,2,5,5,4,2,2,2,5
STU07414,5,5,1,3,3,2,2,2,2,4
STU07415,1,4,2,2,2,2,2,2,2,3
STU07416,4,1,2,2,3,5,2,2,2,5
STU07417,2,2,2,2,2,2,2,2,5,5
STU07418,4,5,2,3,3,4,1,2,2,3
STU07419,3,2,2,2,2,2,2,3,2,4
STU07420,2,1,2,2,2,2,2,4,2,4
STU07421,1,4,1,2,2,2,2,1,1,3
STU07422,5,5,2,4,2,4,1,2,2,4
STU07423,5,2,1,2,2,5,2,2,2,4
STU07424,2,2,2,4,4,2,1,1,2,4
STU07425,4,3,2,4,4,3,2,2,2,4
STU07426,1,2,4,2,2,2,2,2,2,2
STU07427,4,3,2,5,4,3,2,2,2,4
STU07428,3,4,2,3,3,2,2,3,2,5
STU07429,5,4,2,2,5,4,2,2,2,5
STU07430,3,2,1,1,2,4,2,1,2,3
STU07431,3,4,2,2,2,3,2,1,2,4
STU07432,3,4,2,3,3,1,2,2,2,5
STU07433,5,4,2,2,2,2,2,4,2,4
STU07434,4,3,2,2,2,5,2,2,2,5
STU07435,3,3,2,1,3,2,1,2,2,4
STU07436,5,5,2,5,5,4,2,2,2,5
STU07437,3,2,2,4,2,2,1,2,2,3
STU07438,1,2,2,2,3,2,2,4,1,3
STU07439,4,2,4,3,4,3,2,4,1,4
STU07440,2,2,1,4,4,1,1,1,2,2
STU07441,2,4,3,2,1,2,2,4,3,5
STU07442,2,2,1,3,1,4,2,2,2,3
STU07443,3,2,2,2,3,4,2,2,2,5
STU07444,3,1,3,2,3,2,2,2,2,4
STU07445,4,1,2,1,2,5,2,2,2,4
STU07446,4,2,1,1,2,5,2,2,2,3
STU07447,1,4,2,2,2,2,2,1,2,4
STU07448,5,4,2,2,2,5,2,4,2,5
STU07449,5,3,2,3,3,4,2,2,4,5
STU07450,1,4,2,2,1,2,2,2,2,5
STU07451,5,4,2,5,4,5,2,2,2,5
STU07452,5,5,2,5,4,5,2,2,4,4
STU07453,4,3,2,2,4,2,2,2,4,5
STU07454,2,1,1,1,5,2,2,2,2,4
STU07455,4,3,2,5,5,3,1,2,2,4
STU07456,4,3,2,1,1,5,2,2,2,4
STU07457,1,2,2,2,2,1,2,4,2,3
STU07458,2,3,1,2,3,1,1,2,2,2
STU07459,5,4,2,4,5,4,2,2,2,4
STU07460,4,4,2,2,2,3,2,2,2,5
STU07461,1,2,4,2,3,2,2,1,2,4
STU07462,1,2,2,3,4,2,1,2,2,4
STU07463,2,1,3,2,2,4,2,2,2,3
STU07464,4,3,1,2,2,4,2,2,1,3
STU07465,1,4,2,2,2,2,2,2,2,4
STU07466,3,2,2,2,2,4,2,2,2,2
STU07467,4,4,1,2,2,4,2,2,2,3
STU07468,5,2,2,5,4,4,2,2,2,5
STU07469,1,2,3,1,2,2,1,3,2,4
STU07470,3,3,2,3,1,2,1,2,2,3
STU07471,2,2,3,4,4,1,2,2,1,3
STU07472,4,3,2,4,4,3,2,2,2,5
STU07473,1,2,3,1,2,2,2,4,2,3
STU07474,1,2,2,3,2,4,2,2,2,5
STU07475,3,2,1,1,1,3,1,2,2,3
STU07476,1,2,2,2,2,2,2,2,4,5
STU07477,4,2,2,2,2,3,1,2,2,5
STU07478,3,3,2,3,4,2,1,2,1,3
STU07479,1,1,2,2,2,1,2,2,2,4
STU07480,2,2,2,2,1,2,2,4,2,3
STU07481,1,2,2,2,3,4,2,3,1,2
STU07482,5,5,2,4,4,4,1,2,2,5
STU07483,2,2,1,2,2,4,2,2,2,3
STU07484,2,3,2,3,4,3,1,2,2,3
STU07485,2,4,2,2,2,2,2,1,2,4
STU07486,4,4,3,2,4,2,2,3,3,3
STU07487,2,2,2,2,2,2,2,2,4,5
STU07488,2,5,2,2,2,2,2,2,2,4
STU07489,4,5,2,4,1,2,2,2,2,5
STU07490,4,5,2,1,3,2,1,2,2,4
STU07491,2,1,1,3,4,2,1,2,1,3
STU07492,3,3,1,3,2,4,2,2,2,4
STU07493,1,2,2,4,5,1,1,1,2,4
STU07494,4,4,2,4,4,2,2,2,2,4
STU07495,2,2,3,1,2,2,2,4,2,4
STU07496,2,2,2,1,2,5,2,3,2,3
STU07497,4,4,2,3,2,2,2,1,2,5
STU07498,4,2,2,5,4,1,2,2,3,5
STU07499,3,4,2,3,2,4,2,1,2,5
STU07500,2,2,2,1,2,4,2,3,2,4
STU07501,2,2,2,4,3,2,2,1,4,5
STU07502,1,4,2,2,2,2,2,2,2,5
STU07503,2,1,2,4,4,1,1,2,2,4
STU07504,2,2,2,3,5,2,1,3,3,4
STU07505,3,3,1,2,3,2,1,2,2,2
STU07506,3,2,2,2,3,2,1,1,2,3
STU07507,1,2,2,2,4,2,1,3,1,3
STU07508,1,4,2,1,2,2,1,2,2,2
STU07509,1,2,3,4,5,2,1,3,2,5
STU07510,5,5,1,4,4,4,1,2,2,4
STU07511,1,4,2,2,2,2,2,3,2,3
STU07512,2,2,2,2,3,1,1,2,2,3
STU07513,1,4,1,3,3,2,2,2,3,3
STU07514,3,3,2,5,5,2,1,2,2,4
STU07515,2,2,2,3,2,2,2,1,4,2
STU07516,4,2,2,2,1,5,2,2,2,5
STU07517,1,4,2,2,3,2,2,1,1,3
STU07518,5,4,2,5,4,5,1,1,2,4
STU07519,5,3,1,2,2,5,2,2,2,3
STU07520,5,5,2,1,2,5,1,2,2,5
STU07521,2,2,2,1,1,3,2,2,4,3
STU07522,4,5,2,1,2,3,1,2,2,4
STU07523,1,2,2,2,2,2,2,4,2,3
STU07524,2,2,2,2,2,2,2,4,2,3
STU07525,3,4,1,2,3,2,2,1,2,3
STU07526,5,3,2,5,2,3,1,2,2,4
STU07527,4,4,1,2,3,2,1,2,1,4
STU07528,4,2,2,2,3,4,2,2,2,3
STU07529,5,3,2,3,2,2,1,2,1,5
STU07530,5,5,2,2,2,4,2,1,2,5
STU07531,3,4,1,3,2,1,2,2,2,4
STU07532,4,4,1,4,2,5,2,2,2,4
STU07533,3,1,2,2,2,4,2,2,2,5
STU07534,2,2,2,1,2,4,2,2,2,3
STU07535,3,4,2,3,2,2,2,1,3,4
STU07536,1,2,2,2,2,4,2,2,2,4
STU07537,3,2,2,4,4,3,1,1,2,4
STU07538,5,3,1,4,4,1,1,2,2,4
STU07539,3,1,2,3,4,2,2,2,2,4
STU07540,4,2,1,2,2,3,1,2,2,4
STU07541,5,4,1,4,4,2,1,2,2,5
STU07542,3,2,1,4,4,3,2,2,2,3
STU07543,5,5,4,2,5,1,2,2,2,5
STU07544,3,3,2,1,2,4,2,2,1,3
STU07545,5,5,2,2,2,4,2,1,2,5
STU07546,2,1,2,4,4,2,2,3,2,5
STU07547,1,4,2,2,2,2,2,2,3,3
STU07548,1,3,2,2,4,2,1,2,2,4
STU07549,2,4,2,2,3,2,2,3,2,3
STU07550,5,5,2,4,2,4,1,2,2,4
STU07551,1,4,2,1,2,2,2,2,2,2
STU07552,2,2,2,4,4,2,1,2,2,2
STU07553,5,2,1,2,2,5,2,1,3,4
STU07554,5,5,2,4,5,2,1,2,2,5
STU07555,4,3,2,2,1,3,1,2,2,5
STU07556,2,2,2,4,4,2,2,2,2,4
STU07557,1,2,2,3,2,4,2,1,2,5
STU07558,4,4,2,2,2,4,2,2,2,5
STU07559,1,1,2,2,4,2,2,1,2,3
STU07560,1,2,2,2,3,4,2,2,1,5
STU07561,1,2,2,2,3,2,1,2,1,3
STU07562,3,2,2,1,3,4,2,2,2,4
STU07563,2,4,2,2,3,2,2,3,2,4
STU07564,1,4,2,2,2,2,2,2,2,2
STU07565,5,5,2,5,5,2,2,2,4,5
STU07566,1,1,2,2,4,2,1,2,2,5
STU07567,1,2,1,4,2,2,2,2,4,4
STU07568,2,2,1,4,4,3,1,2,2,2
STU07569,4,4,1,3,3,1,1,2,3,5
STU07570,5,2,1,3,5,4,1,2,2,4
STU07571,5,4,2,2,4,4,2,2,4,4
STU07572,4,5,2,5,4,4,1,2,2,4
STU07573,2,2,4,2,2,3,2,2,2,2
STU07574,5,4,2,4,2,4,2,2,2,5
STU07575,2,2,2,2,2,2,1,4,2,4
STU07576,5,4,2,4,4,2,2,2,2,5
STU07577,5,3,2,4,4,2,1,2,2,5
STU07578,2,2,2,2,2,4,2,2,1,3
STU07579,3,4,2,2,2,2,2,1,2,5
STU07580,5,3,2,1,5,5,2,2,2,4
STU07581,5,5,2,2,3,4,1,2,2,5
STU07582,2,4,2,2,3,2,2,4,2,5
STU07583,2,2,2,3,4,1,1,2,2,4
STU07584,1,2,1,2,3,2,1,2,2,3
STU07585,2,2,1,3,2,4,2,2,2,3
STU07586,1,2,3,2,4,2,2,4,5,5
STU07587,1,4,2,2,2,2,2,1,2,4
STU07588,5,3,2,2,2,4,1,2,2,5
STU07589,2,2,1,3,4,2,1,1,2,2
STU07590,5,3,2,5,4,2,2,2,2,4
STU07591,4,4,2,2,2,3,1,2,2,5
STU07592,4,4,2,4,2,3,2,2,2,5
STU07593,1,3,2,2,2,1,2,2,2,3
STU07594,4,4,2,3,4,4,2,2,2,4
STU07595,1,4,2,3,1,2,2,2,2,5
STU07596,3,4,1,2,3,2,2,2,2,3
STU07597,4,3,4,2,2,2,2,2,2,4
STU07598,4,2,2,3,4,2,2,2,2,4
STU07599,2,2,2,2,1,4,2,3,2,3
STU07600,3,1,2,1,3,2,2,2,2,5
STU07601,1,2,1,2,5,2,1,1,2,4
STU07602,3,1,2,2,3,2,1,2,3,4
STU07603,4,3,2,4,5,3,2,2,2,5
STU07604,5,4,2,5,4,5,2,2,2,5
STU07605,1,2,2,1,3,2,2,2,3,3
STU07606,1,1,2,2,4,2,2,4,2,3
STU07607,1,2,2,2,2,1,2,2,4,4
STU07608,1,2,2,2,5,2,1,3,2,2
STU07609,2,4,2,2,2,2,2,1,2,2
STU07610,1,1,4,2,2,2,2,3,2,4
STU07611,5,4,2,5,4,5,2,2,2,5
STU07612,3,1,2,2,1,1,2,2,4,5
STU07613,5,3,1,1,2,5,2,2,2,5
STU07614,3,2,2,5,4,2,2,2,2,4
STU07615,5,4,2,4,4,5,2,2,2,3
STU07616,5,5,2,1,2,2,2,2,1,5
STU07617,4,2,2,2,5,1,1,2,2,5
STU07618,4,2,2,2,2,5,2,2,2,4
STU07619,1,1,2,4,4,2,2,2,1,4
STU07620,2,2,1,2,1,2,1,2,2,4
STU07621,1,2,2,2,2,1,2,4,2,2
STU07622,1,2,2,2,2,4,2,2,1,3
STU07623,3,1,1,2,1,1,1,2,2,4
STU07624,4,3,2,4,4,4,2,2,1,5
STU07625,4,5,1,1,4,5,2,2,2,4
STU07626,1,2,2,4,4,2,2,2,2,4
STU07627,1,2,2,2,2,2,1,1,2,4
STU07628,4,5,2,3,3,4,2,2,2,3
STU07629,2,1,2,2,2,4,2,1,3,4
STU07630,5,4,2,3,4,4,1,2,2,4
STU07631,4,2,2,2,4,3,2,2,2,4
STU07632,5,5,2,5,4,2,2,2,2,5
STU07633,5,5,1,5,4,4,2,2,2,4
STU07634,5,2,2,3,5,2,1,2,3,5
STU07635,1,1,2,2,5,2,1,1,1,5
STU07636,1,2,2,2,3,2,2,2,2,5
STU07637,1,4,2,2,2,2,2,2,2,4
STU07638,3,2,2,2,2,1,2,2,4,4
STU07639,4,5,2,2,2,4,2,2,2,4
STU07640,1,1,2,1,2,2,2,4,2,5
STU07641,3,2,2,3,2,4,2,2,2,5
STU07642,4,3,2,2,1,3,1,2,2,4
STU07643,5,5,2,5,4,2,2,2,2,5
STU07644,5,4,4,2,2,4,2,2,2,5
STU07645,3,2,2,2,2,3,2,2,4,4
STU07646,4,4,2,4,2,4,1,2,2,4
STU07647,3,2,1,2,3,4,2,1,2,5
STU07648,1,1,2,4,4,2,1,2,2,4
STU07649,1,2,1,2,3,1,2,2,3,5
STU07650,2,4,2,2,2,3,1,2,2,4
STU07651,4,4,1,2,2,3,2,2,2,3
STU07652,5,3,1,5,5,4,2,2,1,5
STU07653,5,3,2,5,5,2,2,2,2,5
STU07654,1,1,2,2,3,2,1,2,1,5
STU07655,4,3,2,2,2,2,1,1,2,4
STU07656,1,4,2,1,2,2,2,3,3,4
STU07657,5,4,2,4,3,4,2,2,2,5
STU07658,4,3,2,4,4,4,2,2,2,4
STU07659,4,4,2,3,2,3,2,1,2,3
STU07660,4,2,3,2,3,5,2,3,3,3
STU07661,1,4,2,2,2,1,2,3,2,5
STU07662,1,2,3,1,2,2,2,3,4,3
STU07663,2,2,2,2,2,2,1,4,2,3
STU07664,1,1,2,3,3,2,1,2,3,4
STU07665,2,2,2,4,4,2,2,2,2,5
STU07666,3,1,2,3,5,2,1,3,2,3
STU07667,5,5,1,2,4,5,2,2,2,4
STU07668,1,2,1,3,4,2,2,3,3,3
STU07669,1,2,3,4,5,2,2,3,3,5
STU07670,1,2,2,4,4,2,2,1,2,5
STU07671,4,2,2,2,2,2,1,1,3,5
STU07672,1,4,1,2,2,2,2,2,1,4
STU07673,5,3,2,1,2,4,2,2,2,5
STU07674,5,4,2,5,4,2,1,2,2,3
STU07675,3,4,2,3,2,3,1,2,2,3
STU07676,5,4,2,4,4,4,2,2,2,5
STU07677,4,3,2,4,4,3,2,1,2,4
STU07678,2,4,1,3,2,1,2,2,2,3
STU07679,2,2,4,2,1,2,2,2,2,3
STU07680,3,3,2,4,1,2,1,3,2,2
STU07681,5,2,2,4,4,4,1,1,2,4
STU07682,4,5,2,2,1,2,2,2,2,4
STU07683,1,2,2,2,1,2,2,2,4,2
STU07684,2,2,1,2,2,4,2,1,1,3
STU07685,2,2,2,3,1,4,2,2,1,4
STU07686,1,2,3,3,4,2,1,2,2,2
STU07687,3,2,2,2,2,5,2,2,1,4
STU07688,1,1,4,3,2,2,2,2,2,5
STU07689,2,2,1,1,3,4,2,1,2,2
STU07690,4,4,1,2,2,3,2,2,2,4
STU07691,1,2,2,2,3,4,2,2,2,4
STU07692,5,5,2,1,2,4,2,2,2,5
STU07693,4,3,2,3,4,4,1,2,2,2
STU07694,4,2,4,3,3,3,2,2,2,5
STU07695,4,4,2,4,4,4,1,2,2,5
STU07696,1,2,2,2,4,2,2,2,2,3
STU07697,2,1,3,2,2,4,2,2,2,4
STU07698,1,2,3,2,2,4,2,2,2,4
STU07699,1,4,1,1,2,2,2,2,2,1
STU07700,5,4,2,4,4,4,2,2,2,5
STU07701,1,2,1,3,4,2,2,2,2,3
STU07702,5,4,2,5,5,4,2,2,2,5
STU07703,1,4,2,2,2,2,2,2,2,3
STU07704,4,3,2,4,1,3,1,2,2,5
STU07705,2,1,3,2,4,2,2,3,2,5
STU07706,5,5,2,2,4,4,1,1,2,5
STU07707,3,5,1,4,2,3,1,2,2,5
STU07708,1,2,2,3,4,2,1,2,2,3
STU07709,4,3,2,2,1,2,1,2,2,4
STU07710,5,5,2,4,2,4,2,2,1,4
STU07711,2,4,2,2,3,2,2,2,2,4
STU07712,2,2,1,3,4,2,1,2,2,3
STU07713,4,5,1,5,5,4,1,2,2,5
STU07714,5,4,2,2,1,4,2,2,2,5
STU07715,1,1,1,2,2,2,1,4,2,4
STU07716,3,2,2,2,2,4,2,1,2,4
STU07717,4,2,2,2,4,4,2,2,2,3
STU07718,4,5,2,3,2,4,2,2,2,4
STU07719,2,1,2,2,3,1,1,4,2,4
STU07720,3,4,2,1,3,2,1,2,2,4
STU07721,1,4,2,2,3,2,2,2,1,3
STU07722,2,4,3,2,4,1,1,3,1,3
STU07723,4,3,2,3,4,3,1,2,2,5
STU07724,3,3,2,2,2,4,2,2,2,4
STU07725,5,5,2,4,5,2,1,2,2,4
STU07726,3,4,1,2,2,2,2,2,2,3
STU07727,5,4,2,1,4,4,1,2,2,3
STU07728,1,4,4,4,4,2,2,4,2,5
STU07729,4,3,2,2,2,4,2,4,1,5
STU07730,1,2,2,3,1,4,2,1,3,5
STU07731,1,2,4,2,2,2,2,2,2,3
STU07732,1,3,1,2,2,1,1,4,2,4
STU07733,2,2,1,2,2,2,1,1,2,3
STU07734,2,2,2,2,4,2,2,2,2,5
STU07735,4,2,2,2,4,2,1,2,2,5
STU07736,4,4,1,2,2,2,1,2,2,3
STU07737,5,3,2,4,2,5,2,2,2,5
STU07738,1,2,1,2,1,2,1,4,3,4
STU07739,2,2,2,2,2,2,2,4,2,2
STU07740,4,2,3,2,5,2,1,2,2,5
STU07741,4,3,2,4,5,3,1,1,2,5
STU07742,1,2,2,4,4,2,2,1,2,4
STU07743,3,1,2,2,2,5,2,2,2,4
STU07744,3,2,2,1,2,2,2,2,4,5
STU07745,3,2,3,3,2,2,2,3,4,4
STU07746,4,3,1,4,1,4,2,2,2,4
STU07747,5,3,2,5,4,4,2,2,2,5
STU07748,2,4,2,3,2,2,2,1,2,5
STU07749,2,3,1,2,3,2,2,1,2,2
STU07750,4,4,2,2,2,4,2,2,2,4
STU07751,3,4,2,3,3,2,2,2,2,4
STU07752,2,1,2,2,2,4,2,2,2,5
STU07753,4,3,2,2,2,4,2,2,2,4
STU07754,4,3,2,5,2,4,1,2,1,5
STU07755,4,5,1,2,2,4,2,2,2,4
STU07756,1,2,2,2,5,1,1,2,2,4
STU07757,1,4,2,2,2,2,2,2,1,5
STU07758,1,2,1,3,5,2,1,2,3,3
STU07759,4,3,2,2,4,2,2,2,2,5
STU07760,2,1,3,1,2,2,2,2,4,5
STU07761,1,4,2,2,2,1,2,2,2,2
STU07762,1,4,1,2,2,2,2,1,2,3
STU07763,1,4,2,2,2,2,2,2,2,4
STU07764,3,1,1,4,4,3,2,2,2,3
STU07765,5,4,2,3,4,5,2,2,2,5
STU07766,2,2,1,1,2,4,2,1,3,3
STU07767,3,3,2,3,3,1,1,1,1,4
STU07768,1,1,2,4,4,2,1,2,2,4
STU07769,1,2,1,4,4,2,1,2,2,3
STU07770,2,4,2,5,5,5,2,2,2,5
STU07771,4,4,2,4,4,3,1,2,2,5
STU07772,4,3,2,2,2,5,2,2,2,5
STU07773,2,2,2,2,2,2,1,4,2,4
STU07774,2,1,2,2,2,2,2,2,2,4
STU07775,3,2,4,1,2,3,2,2,2,3
STU07776,3,4,2,3,2,3,2,2,2,4
STU07777,5,3,2,2,2,4,1,2,2,5
STU07778,1,4,1,2,2,2,2,2,2,4
STU07779,2,2,2,2,2,1,2,2,4,4
STU07780,4,2,1,2,2,3,1,2,2,4
STU07781,5,5,2,2,2,4,1,2,2,5
STU07782,5,5,1,5,5,2,2,2,2,5
STU07783,2,1,3,1,3,2,1,3,2,4
STU07784,5,5,1,4,4,4,2,2,2,4
STU07785,1,2,2,2,5,2,1,2,2,4
STU07786,2,4,2,2,2,2,2,2,3,4
STU07787,5,5,2,5,2,2,2,2,1,5
STU07788,1,2,2,2,2,2,1,2,2,3
STU07789,4,5,2,3,4,2,2,2,2,5
STU07790,3,3,2,2,2,3,2,2,4,4
STU07791,1,4,2,2,2,2,2,2,2,2
STU07792,5,4,2,2,2,4,1,1,2,5
STU07793,4,3,2,4,4,1,1,2,2,5
STU07794,3,2,2,2,2,4,2,2,2,4
STU07795,5,3,2,4,4,2,1,2,2,4
STU07796,2,2,4,2,1,2,2,2,2,3
STU07797,3,3,2,1,2,2,1,2,2,4
STU07798,3,2,2,4,4,3,2,2,2,4
STU07799,4,3,2,2,2,5,2,2,2,5
STU07800,2,4,1,4,3,2,2,2,2,3
STU07801,4,3,2,2,2,4,2,2,1,5
STU07802,1,2,1,1,2,4,2,2,2,2
STU07803,1,2,2,1,3,1,1,4,3,4
STU07804,4,3,2,2,4,2,2,2,2,5
STU07805,1,2,2,3,4,2,2,1,2,3
STU07806,2,1,1,5,4,3,2,2,2,4
STU07807,5,5,2,2,5,4,2,1,2,4
STU07808,4,4,1,1,2,2,2,2,4,4
STU07809,2,1,2,2,2,4,2,1,2,3
STU07810,1,2,2,1,3,2,2,2,3,3
STU07811,1,4,2,2,2,2,2,2,1,5
STU07812,4,5,2,2,2,3,2,2,2,4
STU07813,5,4,4,2,2,2,2,2,2,3
STU07814,4,4,2,5,4,4,2,1,2,5
STU07815,2,4,2,1,3,2,2,2,2,3
STU07816,1,4,2,2,2,2,2,2,2,4
STU07817,5,3,2,2,2,5,2,2,2,5
STU07818,5,5,2,5,4,5,2,2,2,5
STU07819,4,2,4,2,2,5,2,4,2,4
STU07820,4,5,2,2,2,3,2,2,2,5
STU07821,1,4,1,2,2,2,2,2,2,4
STU07822,1,3,2,1,2,1,2,2,4,4
STU07823,5,4,2,1,4,4,2,2,2,5
STU07824,2,4,2,2,1,1,2,2,2,2
STU07825,2,4,2,2,3,2,2,1,1,5
STU07826,1,2,2,3,2,4,2,3,2,4
STU07827,4,4,1,4,4,2,2,2,2,3
STU07828,5,5,2,5,2,5,2,2,2,3
STU07829,2,2,1,2,2,2,2,2,2,3
STU07830,1,2,4,1,2,2,2,2,2,3
STU07831,1,4,2,1,3,1,2,2,2,3
STU07832,4,1,2,1,1,3,2,2,4,5
STU07833,5,2,2,4,2,3,1,2,2,4
STU07834,4,2,2,4,2,4,1,2,2,5
STU07835,4,4,2,4,2,3,2,2,4,5
STU07836,3,4,1,3,2,3,2,2,2,4
STU07837,2,2,1,2,1,2,1,2,2,3
STU07838,1,4,1,2,2,2,2,2,2,3
STU07839,4,5,2,2,2,4,1,2,2,5
STU07840,3,2,2,2,3,2,2,2,4,4
STU07841,3,2,2,3,2,2,1,2,2,2
STU07842,5,5,2,4,5,5,2,2,2,5
STU07843,1,1,1,4,4,2,1,1,2,5
STU07844,4,4,2,1,2,5,2,1,2,4
STU07845,1,2,1,2,2,2,1,2,2,4
STU07846,1,1,2,1,2,4,2,2,2,3
STU07847,2,2,1,2,2,4,2,2,2,2
STU07848,4,5,2,1,2,5,2,2,2,5
STU07849,3,1,2,1,2,4,2,1,3,3
STU07850,3,2,2,1,2,4,2,2,2,4
STU07851,2,1,1,1,3,4,2,2,2,4
STU07852,1,2,2,2,2,2,1,2,2,4
STU07853,5,4,1,2,4,2,1,2,3,5
STU07854,1,2,2,2,3,1,2,2,3,4
STU07855,4,2,2,2,2,2,1,2,3,5
STU07856,4,5,1,2,2,3,2,1,2,5
STU07857,1,4,2,2,2,1,2,2,2,3
STU07858,2,1,1,3,4,1,1,2,3,4
STU07859,3,1,1,4,4,2,1,2,2,3
STU07860,5,5,2,1,2,4,2,2,2,5
STU07861,2,1,2,4,4,1,1,3,2,3
STU07862,1,2,1,4,4,2,2,1,3,3
STU07863,3,2,2,4,4,2,1,2,2,5
STU07864,5,5,1,2,2,4,2,2,2,5
STU07865,1,4,2,2,1,2,2,2,1,4
STU07866,1,2,2,2,4,2,2,3,2,4
STU07867,5,3,2,5,5,2,2,2,2,5
STU07868,5,5,2,1,5,2,1,2,2,5
STU07869,2,4,1,2,2,2,2,2,1,3
STU07870,3,4,2,3,3,3,1,2,2,4
STU07871,4,3,2,3,4,4,2,2,2,3
STU07872,1,2,2,4,4,1,1,2,2,3
STU07873,2,2,2,4,4,2,2,1,2,4
STU07874,5,3,2,5,5,4,2,1,2,5
STU07875,4,3,2,3,4,4,1,2,2,5
STU07876,1,2,1,2,3,1,2,4,3,4
STU07877,1,2,4,2,2,2,2,2,3,4
STU07878,2,2,2,2,4,2,2,2,1,4
STU07879,3,2,1,4,4,1,2,2,2,4
STU07880,2,1,3,3,5,2,1,4,2,5
STU07881,2,1,2,2,3,4,2,2,2,4
STU07882,1,2,4,2,2,2,2,2,2,3
STU07883,1,4,2,4,2,2,2,2,2,5
STU07884,4,4,1,2,2,3,1,1,2,3
STU07885,1,4,1,2,1,1,2,2,3,4
STU07886,4,2,2,1,2,2,2,4,2,4
STU07887,3,2,2,1,3,4,2,2,1,3
STU07888,1,1,2,3,4,2,2,2,2,2
STU07889,4,4,2,2,2,4,2,2,2,5
STU07890,1,4,2,2,3,2,2,3,2,3
STU07891,3,2,2,2,4,1,2,2,4,4
STU07892,2,1,2,1,2,4,2,2,2,3
STU07893,2,2,1,4,4,2,2,2,2,3
STU07894,1,2,2,2,5,1,1,2,2,4
STU07895,2,2,2,1,4,1,1,2,2,5
STU07896,2,4,2,2,3,2,2,3,3,2
STU07897,4,3,2,3,2,3,2,2,4,5
STU07898,4,2,4,2,4,4,2,4,4,5
STU07899,3,2,1,3,2,5,2,1,1,3
STU07900,3,1,2,2,1,2,1,2,1,2
STU07901,2,2,3,3,4,2,2,3,2,3
STU07902,2,2,1,1,4,1,2,2,2,4
STU07903,5,4,2,5,2,5,2,2,2,5
STU07904,1,2,2,2,2,2,1,4,2,2
STU07905,1,2,1,2,4,2,2,2,2,4
STU07906,3,3,2,5,4,2,1,5,2,3
STU07907,1,4,2,3,2,2,2,2,2,3
STU07908,4,3,2,4,4,2,2,2,2,5
STU07909,4,3,2,3,4,2,1,2,2,5
STU07910,4,3,2,3,2,5,2,2,2,5
STU07911,2,1,2,2,2,2,2,4,2,2
STU07912,3,4,2,2,2,2,2,2,1,4
STU07913,4,3,1,2,2,4,2,2,2,4
STU07914,1,2,2,2,4,2,2,1,2,3
STU07915,1,2,1,2,2,2,2,4,3,5
STU07916,2,5,2,2,1,2,2,2,2,4
STU07917,5,3,1,5,5,4,2,2,2,5
STU07918,5,3,4,2,1,3,2,2,2,3
STU07919,1,1,2,3,4,2,2,2,2,2
STU07920,4,4,1,4,4,3,1,1,2,5
STU07921,4,3,2,3,4,3,1,2,2,5
STU07922,1,4,2,2,1,2,2,1,3,4
STU07923,2,2,2,5,4,2,2,2,1,4
STU07924,2,4,2,2,3,1,2,2,1,3
STU07925,3,4,2,3,3,2,1,2,1,4
STU07926,4,2,2,5,5,2,1,2,2,4
STU07927,4,1,3,1,5,2,2,2,2,3
STU07928,2,1,2,1,4,1,2,2,2,4
STU07929,1,2,1,2,2,1,1,2,2,4
STU07930,3,4,1,2,3,3,2,2,2,4
STU07931,4,3,2,4,4,2,1,2,2,4
STU07932,4,3,1,2,2,4,2,2,2,5
STU07933,5,5,2,4,4,4,2,2,2,4
STU07934,5,5,2,4,5,5,2,1,2,5
STU07935,4,5,2,4,4,2,2,2,2,3
STU07936,1,2,2,2,3,2,1,2,2,5
STU07937,1,2,2,2,2,2,2,2,4,1
STU07938,4,3,2,4,4,3,1,2,2,5
STU07939,1,4,2,2,2,2,2,2,2,4
STU07940,1,2,2,1,1,2,2,2,4,3
STU07941,5,4,2,2,5,3,2,2,1,5
STU07942,1,2,2,2,2,2,1,3,2,5
STU07943,1,1,4,2,2,2,2,2,2,5
STU07944,3,4,2,2,2,3,2,1,2,3
STU07945,4,2,2,2,5,2,1,3,1,5
STU07946,3,2,2,3,2,2,1,1,2,5
STU07947,4,3,2,4,4,2,2,2,2,5
STU07948,3,3,2,2,1,5,2,2,2,2
STU07949,2,4,2,2,2,2,2,2,2,4
STU07950,5,3,2,3,4,4,1,2,2,5
STU07951,1,4,2,1,2,1,2,3,2,5
STU07952,1,2,2,2,2,4,2,2,2,4
STU07953,5,4,1,2,2,5,2,2,4,4
STU07954,5,4,1,4,4,3,1,2,2,5
STU07955,4,3,2,4,4,2,2,2,2,4
STU07956,1,2,1,3,4,2,1,2,2,4
STU07957,5,4,1,4,2,3,2,2,4,4
STU07958,5,4,2,5,4,4,1,2,2,5
STU07959,5,2,3,3,5,1,2,2,2,3
STU07960,5,3,1,5,4,4,2,2,2,4
STU07961,1,4,1,2,3,1,2,2,2,3
STU07962,2,2,2,3,3,4,2,2,3,4
STU07963,4,3,2,4,4,3,2,2,2,3
STU07964,3,2,1,2,2,2,2,4,1,3
STU07965,3,1,2,1,3,4,2,2,1,3
STU07966,5,4,2,5,1,2,1,2,2,5
STU07967,2,1,2,4,4,2,2,2,2,3
STU07968,4,5,2,2,2,3,2,2,2,4
STU07969,5,4,2,2,2,4,2,1,2,4
STU07970,2,4,1,2,2,3,2,2,2,2
STU07971,2,2,2,2,4,2,1,2,3,4
STU07972,4,4,4,2,3,4,2,2,2,5
STU07973,1,4,2,2,3,1,2,2,2,4
STU07974,3,3,1,3,3,3,2,1,1,4
STU07975,5,5,2,2,4,3,1,2,2,5
STU07976,5,5,1,5,5,2,2,1,2,5
STU07977,5,4,2,5,4,4,2,2,2,5
STU07978,2,4,3,2,4,1,2,3,3,4
STU07979,1,2,2,2,3,2,1,2,2,4
STU07980,3,1,2,2,2,4,2,3,1,4
STU07981,3,3,2,3,1,3,1,2,2,4
STU07982,5,5,2,4,2,4,2,2,2,5
STU07983,3,2,4,3,4,2,2,3,2,2
STU07984,2,4,1,2,2,2,2,2,2,3
STU07985,1,4,2,2,3,2,2,2,2,2
STU07986,3,1,1,4,4,2,2,2,2,4
STU07987,5,5,2,2,2,5,2,2,2,4
STU07988,1,1,2,1,4,1,1,3,2,3
STU07989,1,2,3,2,3,4,2,2,2,3
STU07990,1,2,2,4,4,2,2,2,2,4
STU07991,1,3,2,4,4,2,1,1,2,5
STU07992,4,4,2,1,3,2,1,2,2,5
STU07993,2,2,1,2,4,2,1,2,3,3
STU07994,1,1,2,2,2,2,1,4,2,3
STU07995,1,2,1,4,4,2,1,2,2,4
STU07996,5,5,2,2,2,4,1,2,2,5
STU07997,4,5,2,2,2,3,2,2,2,4
STU07998,5,5,2,4,4,2,1,2,2,5
STU07999,2,3,2,2,2,4,2,2,2,2
STU08000,5,5,2,2,2,4,1,2,2,4
STU08001,4,4,2,1,2,5,2,2,2,5
STU08002,5,2,2,2,2,4,1,2,2,4
STU08003,5,3,2,5,5,4,2,2,2,5
STU08004,2,2,2,4,4,2,1,2,1,4
STU08005,1,2,1,2,2,2,1,4,2,3
STU08006,5,5,2,2,2,3,1,2,2,5
STU08007,2,2,2,2,1,2,2,4,2,5
STU08008,4,5,2,5,4,2,2,2,2,3
STU08009,5,5,2,1,2,5,2,2,2,4
STU08010,2,4,1,2,3,2,2,2,2,4
STU08011,3,4,2,2,2,2,2,2,2,4
STU08012,1,2,2,2,3,2,1,2,2,4
STU08013,1,2,2,3,1,2,2,2,4,3
STU08014,3,4,1,1,3,2,2,2,1,2
STU08015,4,5,1,3,3,2,1,2,2,5
STU08016,1,1,2,2,1,1,1,3,2,3
STU08017,3,2,2,2,2,3,2,2,5,5
STU08018,3,2,2,2,3,4,2,2,2,4
STU08019,3,3,2,2,3,2,1,2,2,3
STU08020,1,2,2,2,2,3,2,4,2,3
STU08021,2,1,2,4,4,2,2,2,2,4
STU08022,1,4,2,2,2,2,2,2,2,3
STU08023,4,4,1,2,2,3,1,2,2,3
STU08024,3,3,2,1,2,4,1,2,2,3
STU08025,1,1,1,1,5,2,1,1,2,4
STU08026,4,4,2,2,2,5,2,2,1,3
STU08027,4,5,2,2,2,2,1,2,2,4
STU08028,5,5,2,4,4,2,2,2,2,5
STU08029,2,2,1,2,4,1,1,2,1,3
STU08030,1,1,2,2,3,1,2,2,2,3
STU08031,1,2,1,3,4,2,1,2,3,3
STU08032,1,2,2,1,2,4,2,1,2,4
STU08033,1,4,2,2,2,2,2,2,3,4
STU08034,5,3,2,5,4,2,2,2,2,5
STU08035,1,2,3,4,4,1,2,2,2,5
STU08036,4,5,1,2,2,4,2,2,2,5
STU08037,1,4,2,2,2,2,2,2,2,4
STU08038,1,4,2,2,2,2,2,2,2,4
STU08039,5,4,2,5,5,2,2,2,1,5
STU08040,5,5,2,4,2,2,2,2,2,4
STU08041,5,5,2,2,2,4,1,2,2,3
STU08042,5,5,2,5,5,5,1,2,2,5
STU08043,5,3,2,5,4,2,1,2,2,5
STU08044,3,2,1,4,4,2,1,1,2,4
STU08045,1,2,1,3,3,1,2,4,2,4
STU08046,4,1,4,2,4,2,2,3,2,4
STU08047,1,1,1,2,2,2,2,2,1,3
STU08048,3,2,1,2,2,2,1,2,1,2
STU08049,1,4,1,1,3,2,2,2,1,4
STU08050,3,2,2,4,4,2,1,2,1,5
STU08051,1,2,1,3,4,1,1,1,2,3
STU08052,5,5,2,5,5,4,2,2,2,5
STU08053,1,4,2,3,3,2,2,2,2,3
STU08054,5,5,2,2,2,3,2,1,2,3
STU08055,1,4,2,2,2,2,2,2,2,4
STU08056,1,2,2,3,2,2,1,2,1,4
STU08057,1,2,2,2,2,2,2,4,2,4
STU08058,2,2,1,1,2,2,1,4,4,3
STU08059,1,2,1,1,1,2,1,5,1,4
STU08060,4,2,3,2,5,2,1,2,1,3
STU08061,2,1,1,2,3,4,2,1,2,4
STU08062,5,3,2,5,3,4,2,4,2,5
STU08063,2,4,2,3,1,2,2,2,2,3
STU08064,3,4,3,1,4,2,2,3,3,4
STU08065,5,3,2,5,5,4,2,2,1,5
STU08066,4,2,2,3,3,4,2,2,2,4
STU08067,1,2,2,2,3,1,1,2,1,4
STU08068,4,5,2,2,1,4,2,2,2,5
STU08069,4,4,2,1,3,4,2,2,1,3
STU08070,3,2,1,2,3,2,2,2,4,4
STU08071,3,2,2,4,4,3,2,2,2,3
STU08072,1,1,2,2,2,2,1,2,2,4
STU08073,1,2,2,4,5,2,1,1,4,5
STU08074,3,2,3,2,3,2,2,2,2,5
STU08075,3,2,1,2,3,1,2,2,1,4
STU08076,4,4,2,1,3,3,1,2,2,3
STU08077,1,4,2,2,3,2,2,1,2,3
STU08078,3,2,1,2,2,2,2,2,4,3
STU08079,3,2,4,2,3,1,2,1,2,3
STU08080,4,5,2,2,2,4,2,2,2,5
STU08081,1,1,2,2,4,2,1,2,2,4
STU08082,1,2,2,2,2,2,1,2,2,4
STU08083,3,2,2,4,3,4,2,1,2,5
STU08084,2,2,1,4,4,2,2,2,1,4
STU08085,5,4,2,5,4,4,1,2,2,3
STU08086,1,4,2,1,2,1,2,1,2,3
STU08087,4,3,2,4,4,4,1,2,2,5
STU08088,5,5,1,5,4,2,2,2,2,5
STU08089,3,2,4,2,3,2,2,1,2,5
STU08090,1,4,1,2,2,2,2,1,2,3
STU08091,1,2,2,2,2,4,2,2,2,5
STU08092,1,1,1,4,4,2,2,2,1,3
STU08093,2,2,2,2,3,2,1,1,2,4
STU08094,1,2,1,2,5,2,2,1,3,4
STU08095,2,1,2,3,4,2,1,2,2,4
STU08096,4,3,2,2,3,2,2,2,2,4
STU08097,3,3,1,2,2,2,1,2,2,3
STU08098,5,4,1,5,5,4,2,2,2,5
STU08099,2,2,1,3,4,1,1,1,2,3
STU08100,3,5,2,2,2,3,1,2,2,2
STU08101,1,4,3,1,2,2,2,2,1,4
STU08102,5,3,2,4,4,2,2,2,2,5
STU08103,2,4,2,2,2,2,2,2,2,4
STU08104,1,3,2,4,4,2,1,3,2,4
STU08105,4,5,2,2,2,3,2,2,2,5
STU08106,2,2,2,4,4,2,2,2,2,3
STU08107,4,2,3,1,3,2,2,4,3,4
STU08108,2,2,3,1,2,1,2,3,4,4
STU08109,1,2,2,1,4,2,1,2,2,2
STU08110,5,5,2,2,2,3,1,2,2,4
STU08111,2,2,2,2,3,2,1,1,1,5
STU08112,4,1,2,2,5,3,2,2,2,5
STU08113,1,2,2,2,1,2,1,4,2,3
STU08114,2,2,2,3,1,2,2,4,2,4
STU08115,1,1,1,1,2,2,1,2,1,3
STU08116,5,5,2,5,5,5,1,2,2,5
STU08117,1,2,4,2,2,2,2,3,1,4
STU08118,2,2,2,5,5,4,2,2,2,5
STU08119,2,2,1,1,2,1,1,4,1,4
STU08120,1,2,1,4,4,2,1,1,1,4
STU08121,3,2,2,2,2,4,2,3,2,3
STU08122,3,3,1,2,2,4,2,2,1,5
STU08123,5,5,2,3,4,2,1,2,2,5
STU08124,1,4,2,1,2,2,2,2,2,3
STU08125,3,4,3,2,3,1,2,2,1,5
STU08126,2,2,3,3,4,1,1,2,1,3
STU08127,3,3,2,4,2,3,1,2,2,3
STU08128,4,5,2,2,2,4,2,2,2,4
STU08129,4,5,2,3,4,2,1,1,2,4
STU08130,3,4,2,3,2,2,2,2,2,3
STU08131,4,3,2,5,4,4,2,2,2,5
STU08132,2,4,1,2,1,3,2,2,1,4
STU08133,2,1,2,2,2,4,2,2,2,4
STU08134,2,5,2,2,2,3,1,2,2,5
STU08135,3,2,3,1,3,2,2,2,1,4
STU08136,2,4,2,4,4,3,2,2,2,4
STU08137,2,2,1,4,3,1,2,2,3,4
STU08138,2,2,2,4,4,2,2,3,2,2
STU08139,1,2,2,3,3,2,1,2,2,5
STU08140,1,2,1,3,2,2,2,1,4,3
STU08141,5,5,2,2,2,2,1,2,2,4
STU08142,4,3,2,4,4,2,1,2,1,4
STU08143,5,3,2,2,2,5,2,2,2,5
STU08144,4,5,1,2,2,4,1,2,2,3
STU08145,3,1,2,3,3,2,1,2,2,4
STU08146,4,1,2,4,2,2,1,2,2,5
STU08147,1,2,2,4,4,2,2,2,2,4
STU08148,2,2,2,3,4,2,1,3,1,2
STU08149,1,4,2,2,2,2,2,2,1,5
STU08150,2,2,2,3,4,1,1,2,2,3
STU08151,4,5,2,4,1,4,1,2,2,5
STU08152,5,5,2,4,4,2,2,2,2,5
STU08153,1,4,1,2,2,1,2,2,2,2
STU08154,4,2,2,2,2,3,1,2,1,4
STU08155,1,1,2,2,2,2,1,3,2,3
STU08156,1,1,2,2,2,2,2,4,2,1
STU08157,4,1,2,3,5,2,1,2,3,5
STU08158,4,4,2,4,2,3,2,2,2,5
STU08159,4,4,2,4,2,2,2,2,4,5
STU08160,4,5,2,4,2,2,2,2,2,5
STU08161,5,3,4,4,4,4,2,2,2,5
STU08162,5,5,2,5,4,5,1,2,2,5
STU08163,4,5,2,2,3,3,2,2,2,5
STU08164,3,2,2,4,4,2,2,1,2,5
STU08165,2,1,2,4,4,1,2,2,2,3
STU08166,4,3,1,2,2,2,1,2,2,5
STU08167,4,5,1,4,2,4,1,1,2,4
STU08168,1,2,2,2,3,2,1,2,1,3
STU08169,1,2,2,1,2,4,2,2,2,4
STU08170,2,4,2,1,3,1,2,2,1,3
STU08171,1,2,1,2,3,1,1,3,2,4
STU08172,1,1,2,2,2,2,2,2,4,4
STU08173,3,5,2,2,1,2,2,1,2,5
STU08174,1,1,1,2,3,1,2,2,1,4
STU08175,1,4,2,1,2,2,2,2,2,3
STU08176,3,4,2,4,2,3,2,2,1,5
STU08177,4,3,2,4,4,1,2,2,2,2
STU08178,2,4,2,2,3,2,2,2,2,3
STU08179,5,5,2,2,1,4,1,2,1,4
STU08180,1,2,1,1,2,2,1,4,2,2
STU08181,4,4,2,1,3,2,2,2,1,5
STU08182,1,4,2,2,1,2,2,2,3,4
STU08183,5,3,2,5,4,4,1,2,1,3
STU08184,5,4,2,5,2,4,1,2,2,5
STU08185,5,3,2,4,2,4,2,2,2,4
STU08186,3,4,1,3,3,3,2,1,2,3
STU08187,1,2,2,3,2,2,2,2,4,4
STU08188,1,2,2,2,3,4,2,3,2,2
STU08189,3,4,2,3,2,2,2,1,2,3
STU08190,5,1,4,2,4,1,2,3,5,5
STU08191,3,4,2,2,3,2,2,2,1,5
STU08192,2,3,1,5,4,2,2,2,2,5
STU08193,4,3,2,3,4,4,1,2,2,5
STU08194,4,4,2,5,5,4,1,2,2,5
STU08195,4,2,2,3,4,4,1,2,2,5
STU08196,4,3,2,5,5,2,1,2,2,5
STU08197,1,4,2,2,2,2,2,3,2,3
STU08198,5,5,2,5,2,3,1,2,2,5
STU08199,1,2,2,3,4,2,1,2,2,2
STU08200,2,4,2,3,2,1,2,2,2,5
STU08201,3,2,2,4,4,3,1,2,2,5
STU08202,3,2,2,3,4,1,1,2,2,3
STU08203,3,3,1,3,2,4,2,2,1,3
STU08204,3,1,2,2,2,2,1,2,2,4
STU08205,3,3,1,4,4,2,2,2,2,3
STU08206,5,3,2,5,4,4,1,2,2,5
STU08207,3,1,2,2,2,2,2,1,4,4
STU08208,5,5,2,2,2,2,1,2,2,4
STU08209,2,2,4,2,4,1,2,3,2,3
STU08210,5,5,2,2,2,3,1,2,2,4
STU08211,1,2,1,3,4,2,2,2,1,4
STU08212,1,2,3,2,3,1,2,3,4,4
STU08213,2,1,2,2,2,4,2,2,2,4
STU08214,2,2,1,5,4,1,1,2,1,3
STU08215,3,2,2,3,2,4,2,2,2,2
STU08216,3,2,1,3,2,4,2,2,2,2
STU08217,5,5,2,2,2,3,2,2,2,4
STU08218,1,2,3,3,4,1,2,3,2,5
STU08219,1,4,2,2,4,2,2,2,3,4
STU08220,1,1,2,2,2,2,1,2,2,3
STU08221,5,5,1,2,2,2,2,2,2,4
STU08222,4,5,2,2,3,3,2,2,2,5
STU08223,1,1,2,2,3,1,2,2,2,2
STU08224,4,2,1,4,1,2,1,2,2,4
STU08225,2,2,2,4,4,2,2,2,2,2
STU08226,5,4,2,5,5,5,1,2,2,5
STU08227,5,5,4,4,4,2,1,2,2,4
STU08228,3,3,2,1,2,4,2,2,2,2
STU08229,1,1,2,3,3,2,2,1,4,4
STU08230,2,4,1,1,2,1,2,1,2,3
STU08231,4,5,2,2,2,2,2,2,2,5
STU08232,3,2,2,3,3,2,2,2,2,5
STU08233,4,5,1,4,2,3,2,1,2,5
STU08234,1,4,3,2,2,2,2,2,2,2
STU08235,1,2,2,1,3,1,1,2,2,4
STU08236,3,5,2,3,2,3,1,2,2,3
STU08237,5,4,2,1,5,4,2,2,2,5
STU08238,4,2,2,2,4,3,1,2,2,5
STU08239,1,4,2,2,3,2,2,2,3,4
STU08240,5,5,4,2,2,5,2,2,2,5
STU08241,4,4,2,1,2,3,2,2,2,5
STU08242,5,5,4,5,4,2,1,2,2,4
STU08243,3,1,2,2,2,4,2,2,2,5
STU08244,1,2,2,3,5,2,2,3,3,5
STU08245,3,4,2,3,2,2,2,2,2,5
STU08246,2,1,2,5,4,3,2,2,2,4
STU08247,3,1,2,2,2,2,1,2,2,3
STU08248,2,1,2,2,2,2,1,2,1,4
STU08249,3,2,5,2,2,2,2,3,2,3
STU08250,1,1,2,2,2,2,1,2,2,2
STU08251,1,2,2,4,4,2,1,2,1,4
STU08252,3,2,2,4,4,2,1,2,2,4
STU08253,3,2,4,2,3,2,2,2,2,4
STU08254,4,4,1,5,4,3,2,2,2,5
STU08255,3,4,2,1,3,1,2,2,2,3
STU08256,3,1,4,1,2,2,2,1,3,4
STU08257,1,1,4,2,2,2,1,2,2,4
STU08258,5,4,2,5,4,4,2,2,1,5
STU08259,1,4,2,2,2,1,2,2,1,4
STU08260,5,5,2,2,5,5,2,2,2,5
STU08261,5,4,1,2,2,3,2,2,2,4
STU08262,2,1,2,2,3,2,2,4,3,5
STU08263,5,4,2,4,5,4,1,2,2,5
STU08264,1,2,2,2,2,4,2,2,2,5
STU08265,5,2,2,5,5,4,2,2,2,5
STU08266,3,2,4,3,2,2,2,2,3,3
STU08267,5,4,2,2,5,5,2,2,1,4
STU08268,5,5,2,5,5,4,2,2,2,5
STU08269,5,5,1,4,2,5,2,2,2,4
STU08270,1,1,2,1,3,4,2,2,2,4
STU08271,1,2,2,2,1,2,1,2,4,2
STU08272,2,2,2,3,4,2,2,2,1,4
STU08273,5,4,1,5,4,4,1,2,2,5
STU08274,3,2,2,2,2,2,1,2,3,4
STU08275,4,2,2,3,5,1,2,2,1,4
STU08276,2,4,2,3,4,2,2,2,2,5
STU08277,2,2,2,1,4,2,1,2,2,4
STU08278,2,2,3,2,2,4,2,3,2,5
STU08279,5,4,2,4,2,3,1,1,2,5
STU08280,4,3,2,2,2,5,2,2,2,4
STU08281,3,2,1,2,5,2,1,2,2,4
STU08282,5,4,2,2,2,3,1,2,2,5
STU08283,5,2,1,2,2,4,1,2,2,3
STU08284,1,1,2,2,2,4,2,2,2,4
STU08285,4,4,2,4,5,2,1,2,2,5
STU08286,4,2,2,4,5,2,1,2,1,4
STU08287,3,3,2,2,1,2,1,1,2,3
STU08288,4,2,2,3,1,5,2,1,2,3
STU08289,2,4,3,3,2,2,2,3,2,5
STU08290,1,1,1,2,3,4,2,2,2,4
STU08291,3,3,1,2,2,2,1,2,2,2
STU08292,4,5,2,3,4,2,2,2,2,5
STU08293,5,4,2,5,5,5,2,2,2,5
STU08294,4,1,2,3,4,3,2,1,2,5
STU08295,4,3,2,4,2,5,2,2,2,4
STU08296,3,2,2,2,2,4,2,2,2,4
STU08297,5,3,2,4,4,4,2,2,2,5
STU08298,5,5,1,1,5,4,2,2,2,4
STU08299,2,2,2,3,4,2,1,2,2,4
STU08300,4,3,2,2,3,4,2,2,1,5
STU08301,1,2,2,3,5,2,1,3,1,5
STU08302,3,4,4,1,4,1,2,3,2,4
STU08303,2,2,1,1,3,4,2,2,2,2
STU08304,4,2,4,2,2,3,2,2,2,5
STU08305,4,4,2,4,4,2,2,2,2,5
STU08306,2,1,2,2,1,2,1,3,1,2
STU08307,3,1,2,1,2,3,2,2,4,5
STU08308,2,1,2,2,3,4,2,1,1,2
STU08309,2,2,5,1,2,1,2,3,2,4
STU08310,1,2,1,3,4,2,2,2,2,4
STU08311,4,5,2,4,2,2,1,2,2,5
STU08312,4,4,2,3,2,2,2,2,2,5
STU08313,2,5,2,4,5,2,1,2,2,5
STU08314,1,4,2,2,2,2,2,2,1,4
STU08315,5,5,1,1,5,2,2,2,2,5
STU08316,2,2,1,5,4,1,2,2,2,4
STU08317,2,2,2,2,2,1,1,1,3,3
STU08318,1,1,2,2,2,1,1,1,2,3
STU08319,1,2,3,1,3,2,1,2,2,4
STU08320,4,3,1,3,4,4,2,2,2,5
STU08321,2,1,2,2,3,2,2,4,2,3
STU08322,2,4,2,1,2,2,2,1,2,3
STU08323,2,2,1,2,3,2,2,2,4,3
STU08324,1,2,2,4,4,2,1,2,2,4
STU08325,5,4,1,4,5,2,2,1,2,5
STU08326,1,4,1,2,2,2,2,2,2,4
STU08327,5,4,1,4,2,5,2,2,2,4
STU08328,3,3,1,2,2,2,2,2,4,4
STU08329,2,1,2,2,2,2,2,1,4,4
STU08330,1,2,4,2,2,2,2,1,3,3
STU08331,2,2,4,2,2,4,2,4,3,5
STU08332,5,5,2,4,5,2,2,2,2,4
STU08333,3,4,2,2,3,2,1,2,1,4
STU08334,1,2,2,2,3,2,2,2,2,2
STU08335,4,2,2,1,2,3,1,2,2,4
STU08336,5,2,2,4,5,3,1,2,2,5
STU08337,2,2,1,2,3,4,2,2,2,2
STU08338,5,4,2,4,2,4,2,1,4,5
STU08339,2,2,1,3,4,1,1,2,2,3
STU08340,4,2,1,3,4,3,2,2,2,4
STU08341,1,2,2,2,3,2,2,4,2,4
STU08342,1,2,2,2,2,2,1,2,2,4
STU08343,2,2,1,2,2,2,1,1,2,4
STU08344,1,4,2,1,2,2,2,2,2,4
STU08345,4,5,1,2,2,2,2,2,2,4
STU08346,5,4,2,5,5,5,2,2,2,5
STU08347,3,2,2,2,3,2,2,2,2,5
STU08348,3,2,2,2,2,2,1,2,2,4
STU08349,4,5,2,2,2,3,2,2,2,5
STU08350,2,4,1,1,3,2,2,2,3,2
STU08351,1,2,2,4,4,2,1,2,1,4
STU08352,4,3,2,4,5,3,2,2,2,5
STU08353,2,2,3,3,4,2,1,3,2,4
STU08354,5,4,2,5,4,4,1,2,2,5
STU08355,3,5,1,3,3,3,1,2,2,4
STU08356,4,2,3,2,3,1,2,4,2,5
STU08357,3,2,2,4,4,3,1,2,2,5
STU08358,4,5,2,2,2,3,1,1,1,4
STU08359,3,2,2,2,2,5,2,2,2,5
STU08360,3,1,2,1,1,4,2,2,2,5
STU08361,5,3,2,2,2,2,2,2,1,5
STU08362,4,4,2,2,4,3,2,2,2,4
STU08363,2,4,2,2,2,2,2,2,3,4
STU08364,4,5,1,2,4,4,2,1,2,4
STU08365,3,4,1,1,3,2,1,2,2,2
STU08366,3,4,2,2,3,4,2,2,2,4
STU08367,5,4,2,1,2,5,2,2,2,5
STU08368,5,4,2,4,3,5,2,2,2,4
STU08369,1,4,2,2,2,2,2,1,2,3
STU08370,1,1,1,4,2,2,1,1,2,4
STU08371,1,2,3,2,2,4,2,3,1,4
STU08372,3,2,2,2,5,2,1,1,1,3
STU08373,3,5,2,4,2,3,2,2,2,5
STU08374,2,4,2,2,2,2,2,2,2,4
STU08375,1,2,2,2,2,4,2,2,3,3
STU08376,4,4,1,2,3,2,2,2,2,5
STU08377,2,2,2,2,2,4,2,2,2,4
STU08378,1,2,3,3,4,2,2,3,2,4
STU08379,3,2,3,1,3,1,2,3,3,5
STU08380,1,2,2,2,2,2,2,2,4,5
STU08381,1,4,2,2,2,2,2,2,2,4
STU08382,3,2,2,2,3,2,2,4,2,5
STU08383,3,1,3,3,2,4,2,3,2,5
STU08384,3,5,1,2,2,2,2,2,2,3
STU08385,1,2,2,4,4,2,2,2,3,4
STU08386,3,3,2,5,4,3,2,2,2,4
STU08387,3,2,1,2,1,4,2,2,1,2
STU08388,5,4,2,4,2,3,2,2,2,5
STU08389,1,2,2,1,4,2,1,1,2,5
STU08390,5,4,2,2,2,5,2,1,2,5
STU08391,4,3,1,4,4,3,2,1,2,4
STU08392,1,2,2,2,1,2,1,4,2,3
STU08393,4,4,4,4,4,2,2,2,2,4
STU08394,4,4,1,2,4,3,2,2,2,5
STU08395,4,3,2,1,2,5,2,2,2,5
STU08396,4,5,2,1,2,3,2,2,2,5
STU08397,5,4,2,4,4,4,2,2,2,4
STU08398,3,2,1,3,2,2,2,2,4,4
STU08399,2,3,2,4,2,5,2,2,2,5
STU08400,5,5,2,2,5,5,2,2,2,4
STU08401,4,5,2,2,4,4,2,2,2,5
STU08402,1,2,2,2,2,4,2,3,2,3
STU08403,1,1,2,4,4,1,1,2,2,4
STU08404,3,1,1,3,4,3,2,2,2,3
STU08405,3,2,2,1,2,2,1,2,2,4
STU08406,5,4,2,2,5,4,1,2,2,5
STU08407,1,2,2,2,3,2,2,2,2,4
STU08408,4,5,2,3,1,2,2,2,2,5
STU08409,1,2,1,1,4,2,1,2,2,3
STU08410,2,1,3,1,3,2,1,2,2,4
STU08411,4,5,2,2,1,2,2,2,2,5
STU08412,1,1,2,2,2,4,2,2,2,2
STU08413,3,3,1,3,4,4,2,2,2,3
STU08414,5,5,2,2,2,5,2,1,2,5
STU08415,1,2,2,2,2,4,2,2,1,3
STU08416,4,5,2,2,2,4,2,2,1,3
STU08417,3,1,2,4,4,1,2,1,2,2
STU08418,3,4,2,3,2,3,2,2,1,5
STU08419,4,5,1,3,4,2,2,2,2,3
STU08420,2,4,2,2,3,2,2,1,2,3
STU08421,2,3,2,5,5,3,2,2,4,5
STU08422,4,2,2,3,4,4,1,2,2,4
STU08423,3,4,1,1,3,3,2,1,2,4
STU08424,1,2,3,1,2,2,2,2,2,4
STU08425,3,4,2,2,2,3,2,2,2,4
STU08426,4,4,2,2,3,3,1,2,2,4
STU08427,3,3,2,3,4,3,2,2,2,5
STU08428,1,2,2,4,4,2,1,1,2,4
STU08429,3,1,2,4,4,2,2,2,2,4
STU08430,4,4,4,2,2,3,2,2,2,5
STU08431,3,2,2,3,3,1,2,2,4,5
STU08432,5,2,1,3,1,5,2,2,2,3
STU08433,5,5,1,4,5,4,2,2,2,4
STU08434,4,2,2,3,5,2,1,2,2,4
STU08435,1,2,2,4,4,1,1,2,2,4
STU08436,3,4,2,2,2,2,2,2,2,4
STU08437,2,2,4,1,2,2,2,2,2,5
STU08438,2,2,1,2,2,2,2,4,3,4
STU08439,4,5,2,2,2,4,2,2,2,5
STU08440,5,5,1,4,4,4,1,2,2,5
STU08441,2,1,1,4,2,5,2,2,2,4
STU08442,4,5,2,3,3,3,2,2,2,5
STU08443,2,2,1,2,2,3,1,2,2,2
STU08444,1,2,2,2,2,1,1,1,1,3
STU08445,3,4,2,3,2,2,1,2,2,2
STU08446,5,2,4,2,4,2,1,4,4,5
STU08447,3,4,2,2,3,2,2,2,1,4
STU08448,4,3,2,2,2,2,1,2,2,4
STU08449,5,3,2,4,4,4,2,2,2,5
STU08450,4,2,2,4,4,2,2,2,1,3
STU08451,1,1,3,2,3,4,2,2,2,3
STU08452,3,3,2,3,2,2,2,2,4,5
STU08453,2,4,2,2,2,2,2,2,2,4
STU08454,4,5,2,3,2,3,2,2,2,4
STU08455,5,5,2,2,2,2,2,2,2,5
STU08456,1,2,2,3,2,2,2,4,2,4
STU08457,3,4,2,1,2,2,1,2,2,2
STU08458,4,4,2,2,2,2,1,2,2,5
STU08459,3,4,2,2,3,2,2,2,2,3
STU08460,5,5,2,4,4,5,1,2,2,4
STU08461,1,4,2,2,3,2,2,2,2,4
STU08462,4,2,2,4,4,4,2,1,2,4
STU08463,4,2,2,4,2,4,1,2,2,5
STU08464,3,3,1,5,4,1,2,1,2,4
STU08465,2,1,2,3,3,2,2,4,2,5
STU08466,1,1,2,2,3,1,2,2,2,5
STU08467,2,2,3,1,2,4,2,3,2,4
STU08468,4,3,2,5,4,2,2,2,2,5
STU08469,4,2,2,2,2,5,2,1,2,5
STU08470,3,2,3,2,2,2,2,3,4,5
STU08471,1,2,2,3,5,1,2,1,2,3
STU08472,1,3,3,3,4,1,1,3,2,4
STU08473,3,2,1,4,4,3,2,2,2,3
STU08474,3,3,1,1,2,2,1,2,2,4
STU08475,1,4,1,2,2,2,2,2,3,4
STU08476,1,3,1,2,2,2,2,2,4,3
STU08477,2,4,1,1,2,1,2,2,2,4
STU08478,1,1,1,2,2,2,1,4,2,3
STU08479,1,4,2,3,2,1,2,2,2,3
STU08480,2,5,2,4,5,3,2,2,2,5
STU08481,1,2,4,1,2,2,2,3,2,4
STU08482,4,5,2,2,2,2,2,2,2,4
STU08483,4,5,2,4,1,3,1,2,2,5
STU08484,1,2,2,2,2,4,2,2,2,4
STU08485,5,5,2,5,2,2,2,2,2,5
STU08486,4,3,1,4,4,4,2,2,2,4
STU08487,4,1,2,1,1,5,2,1,2,4
STU08488,2,1,3,4,5,2,1,3,2,4
STU08489,2,1,3,4,4,2,1,3,2,3
STU08490,4,3,2,4,2,5,2,2,1,5
STU08491,3,3,2,3,3,3,1,1,2,5
STU08492,1,2,3,2,3,2,1,4,2,4
STU08493,2,2,2,3,3,4,2,2,1,4
STU08494,1,4,1,1,2,2,2,2,3,3
STU08495,5,4,2,4,4,3,2,2,2,5
STU08496,4,4,2,4,1,4,1,2,2,3
STU08497,2,2,2,4,4,2,2,2,2,4
STU08498,5,4,2,4,4,5,2,2,2,4
STU08499,4,4,2,2,2,5,1,2,2,3
STU08500,2,2,2,2,2,2,2,4,2,4
STU08501,5,4,1,5,4,5,2,1,2,5
STU08502,5,4,2,2,2,5,2,2,2,4
STU08503,2,2,2,1,5,1,1,2,2,5
STU08504,4,5,2,4,4,3,2,1,2,5
STU08505,2,2,2,2,2,2,1,2,1,4
STU08506,5,3,1,4,2,4,1,2,2,4
STU08507,4,2,2,2,2,5,2,2,2,3
STU08508,5,4,2,4,4,5,2,2,4,5
STU08509,2,1,2,4,4,2,1,2,2,4
STU08510,5,4,2,5,4,4,1,2,2,4
STU08511,1,2,1,3,3,4,2,1,2,4
STU08512,4,5,2,2,2,3,2,2,2,5
STU08513,4,4,2,2,2,4,2,2,2,5
STU08514,2,2,2,2,3,4,2,2,3,5
STU08515,1,2,1,1,3,2,1,2,3,2
STU08516,5,4,3,1,2,4,1,3,2,5
STU08517,1,1,4,2,2,2,2,2,2,2
STU08518,4,5,2,4,3,2,2,2,2,5
STU08519,4,2,3,4,5,2,2,3,2,4
STU08520,4,2,2,2,5,2,1,2,2,4
STU08521,4,4,1,2,2,4,1,2,2,3
STU08522,1,2,3,4,4,1,2,2,1,3
STU08523,1,2,3,3,4,2,1,2,2,4
STU08524,5,4,1,5,4,5,2,2,1,5
STU08525,1,4,1,2,2,1,2,2,2,3
STU08526,1,2,3,3,2,2,2,2,2,5
STU08527,1,2,2,2,2,2,1,4,3,4
STU08528,1,2,2,1,3,1,2,2,2,4
STU08529,3,4,2,3,2,2,2,2,1,4
STU08530,2,2,4,3,2,2,2,2,1,4
STU08531,4,3,2,5,4,4,1,2,2,5
STU08532,2,1,2,2,3,1,2,4,2,3
STU08533,4,5,2,2,2,2,2,2,2,5
STU08534,4,2,1,2,2,2,1,2,1,3
STU08535,3,2,1,1,3,4,2,1,2,3
STU08536,5,3,2,5,4,4,1,2,2,4
STU08537,3,2,2,3,2,4,2,2,2,4
STU08538,4,3,2,2,2,5,2,2,2,5
STU08539,2,2,1,2,2,4,2,2,3,4
STU08540,5,5,2,5,5,4,2,2,2,5
STU08541,2,2,4,2,2,2,2,3,1,4
STU08542,3,2,2,2,2,4,2,2,2,4
STU08543,2,1,1,1,4,2,2,2,3,3
STU08544,5,3,2,5,2,5,2,2,2,4
STU08545,4,4,1,2,4,3,1,2,2,4
STU08546,5,2,2,1,4,4,1,2,2,5
STU08547,1,2,1,2,3,2,1,2,1,2
STU08548,4,1,3,3,5,2,2,3,2,5
STU08549,1,1,2,2,4,2,1,2,2,5
STU08550,1,2,2,1,3,2,1,2,2,3
STU08551,1,2,1,3,4,2,2,2,3,2
STU08552,1,2,3,5,5,2,2,3,2,5
STU08553,1,1,2,2,2,2,1,3,1,2
STU08554,2,4,2,1,2,1,2,2,2,3
STU08555,5,3,2,2,5,2,2,2,2,5
STU08556,1,1,1,3,2,4,2,2,2,3
STU08557,3,2,2,2,5,2,1,2,2,5
STU08558,2,1,3,3,4,2,2,3,2,4
STU08559,5,5,2,4,5,4,2,2,1,5
STU08560,5,5,2,4,5,4,1,2,2,5
STU08561,1,1,2,1,3,4,2,1,2,3
STU08562,1,1,1,5,4,3,2,1,2,4
STU08563,2,1,2,2,4,2,1,2,2,4
STU08564,5,3,1,2,2,5,2,2,2,5
STU08565,5,5,2,2,2,4,2,2,2,5
STU08566,4,4,2,4,4,2,2,2,2,3
STU08567,2,2,2,4,4,3,1,2,2,3
STU08568,2,1,2,2,4,2,2,1,2,4
STU08569,1,2,2,2,2,5,2,2,2,2
STU08570,5,1,1,4,5,3,2,2,2,5
STU08571,4,3,2,5,4,2,1,1,2,5
STU08572,5,4,2,5,4,3,1,2,2,5
STU08573,1,4,2,2,2,3,2,2,1,4
STU08574,4,3,2,4,5,2,1,1,2,5
STU08575,4,5,2,3,2,2,2,1,2,4
STU08576,5,3,2,4,5,2,1,2,2,5
STU08577,3,4,1,2,2,2,2,2,2,3
STU08578,5,5,2,5,5,4,2,2,2,5
STU08579,4,3,2,2,2,5,1,2,2,5
STU08580,5,5,2,2,2,2,2,1,1,4
STU08581,1,2,4,1,2,2,2,2,3,3
STU08582,2,5,2,1,2,2,2,2,1,4
STU08583,2,2,2,2,1,4,2,2,1,4
STU08584,3,2,2,3,4,2,1,2,2,3
STU08585,4,5,2,5,2,4,2,2,2,5
STU08586,2,3,1,4,4,2,2,1,2,4
STU08587,5,1,2,2,2,5,2,1,1,5
STU08588,4,3,2,2,2,4,2,2,2,5
STU08589,1,2,2,2,2,1,2,2,4,4
STU08590,4,3,2,4,4,2,1,2,2,5
STU08591,5,5,1,4,5,4,2,2,1,5
STU08592,5,3,2,5,5,3,1,1,2,4
STU08593,4,3,2,3,5,4,2,2,2,4
STU08594,4,2,2,5,4,2,2,1,1,4
STU08595,1,4,1,1,2,1,2,1,2,3
STU08596,2,2,3,2,3,1,2,4,5,4
STU08597,2,1,2,2,2,4,2,2,3,3
STU08598,5,4,2,5,5,3,2,2,2,4
STU08599,1,2,2,3,4,2,1,3,2,3
STU08600,3,3,2,2,1,3,1,2,2,2
STU08601,1,2,1,3,4,2,2,2,2,4
STU08602,4,4,1,4,1,4,1,2,1,4
STU08603,1,1,1,2,1,4,2,2,2,3
STU08604,4,5,2,3,2,4,2,2,2,3
STU08605,2,2,2,4,4,3,1,2,2,5
STU08606,5,5,2,5,5,4,1,2,2,5
STU08607,3,2,1,4,4,2,1,2,2,2
STU08608,1,2,2,2,4,2,1,2,3,4
STU08609,5,4,2,4,4,4,2,2,2,5
STU08610,2,5,2,5,5,4,2,2,2,5
STU08611,5,4,2,4,5,4,1,2,2,4
STU08612,2,2,4,2,5,4,1,4,2,5
STU08613,1,2,3,2,2,2,1,3,4,4
STU08614,2,4,2,2,2,2,2,1,2,4
STU08615,3,2,2,2,2,2,1,2,2,4
STU08616,4,1,1,4,2,2,1,2,3,5
STU08617,2,1,2,1,2,2,1,2,1,4
STU08618,1,2,1,2,2,1,1,5,2,2
STU08619,3,3,2,2,2,3,2,4,2,4
STU08620,5,4,2,4,2,3,1,1,2,5
STU08621,1,2,1,2,2,4,2,2,2,3
STU08622,2,2,2,2,2,2,2,4,3,4
STU08623,4,4,2,2,3,3,2,2,2,5
STU08624,1,4,2,2,2,2,2,3,1,4
STU08625,1,2,2,2,2,4,2,2,1,4
STU08626,1,2,2,2,2,2,1,2,2,4
STU08627,4,3,2,2,3,3,1,2,2,5
STU08628,2,2,2,2,2,2,2,2,4,4
STU08629,1,1,2,2,1,1,1,2,2,4
STU08630,5,4,2,4,2,5,2,2,2,4
STU08631,1,2,2,2,3,1,2,2,4,2
STU08632,2,2,2,2,2,2,2,4,2,5
STU08633,1,2,2,3,4,3,2,2,2,5
STU08634,1,2,3,2,2,4,2,3,2,4
STU08635,4,4,1,2,2,4,1,2,2,4
STU08636,2,4,1,2,2,2,2,2,2,2
STU08637,3,2,1,4,4,1,2,2,1,3
STU08638,1,2,2,2,2,2,1,2,2,3
STU08639,2,5,2,2,2,3,1,2,2,5
STU08640,4,2,1,2,2,5,2,1,2,3
STU08641,5,1,2,2,2,4,1,2,2,4
STU08642,4,4,2,2,2,4,2,2,2,5
STU08643,3,4,3,1,3,2,2,2,2,4
STU08644,4,3,1,2,4,4,1,2,4,4
STU08645,4,3,2,2,2,4,2,2,4,4
STU08646,4,4,2,2,3,2,2,2,1,3
STU08647,4,3,1,4,4,3,2,2,2,4
STU08648,2,2,2,1,3,1,1,4,2,4
STU08649,5,4,2,5,4,4,2,2,2,5
STU08650,2,2,2,2,2,2,2,2,4,4
STU08651,5,4,2,2,2,4,2,2,2,4
STU08652,3,4,2,2,2,3,2,2,2,3
STU08653,5,4,1,3,4,3,2,1,1,4
STU08654,4,2,2,3,2,5,2,2,2,4
STU08655,5,4,3,1,3,2,2,4,3,4
STU08656,2,2,2,1,2,2,2,2,4,4
STU08657,5,3,1,4,4,2,1,2,2,5
STU08658,1,2,2,1,1,1,1,4,2,3
STU08659,4,2,2,3,2,4,2,2,2,4
STU08660,5,5,1,5,4,1,2,1,2,5
STU08661,2,1,2,1,3,2,2,2,2,5
STU08662,3,2,2,2,3,1,2,1,1,5
STU08663,1,2,2,3,4,1,1,2,2,4
STU08664,1,2,2,1,2,1,1,4,2,4
STU08665,2,2,2,2,2,2,2,2,4,3
STU08666,5,2,2,5,5,4,2,2,2,5
STU08667,4,4,1,1,2,2,2,1,3,3
STU08668,5,5,2,2,2,5,2,2,1,5
STU08669,5,3,2,5,2,5,1,4,2,5
STU08670,1,1,2,2,5,1,1,3,2,4
STU08671,4,3,2,3,5,5,2,2,2,5
STU08672,4,2,2,3,4,2,2,1,2,5
STU08673,4,5,2,4,2,3,1,2,2,5
STU08674,5,4,2,5,4,4,2,2,2,5
STU08675,5,2,2,5,5,3,1,1,2,5
STU08676,5,4,2,4,4,5,2,4,2,4
STU08677,5,5,1,1,2,3,2,2,2,4
STU08678,3,2,2,1,1,2,1,3,1,3
STU08679,5,5,2,2,5,2,1,2,2,5
STU08680,1,1,4,1,2,2,2,2,2,4
STU08681,1,2,1,3,4,2,1,1,2,4
STU08682,5,3,2,2,2,2,1,2,2,5
STU08683,4,5,2,2,2,4,2,2,2,5
STU08684,3,2,2,2,4,1,2,4,2,4
STU08685,4,5,2,4,4,2,2,1,1,4
STU08686,3,4,2,2,1,2,1,1,2,3
STU08687,3,1,2,1,3,2,2,2,4,4
STU08688,1,4,1,3,3,1,2,1,3,3
STU08689,5,4,1,1,2,5,2,2,2,5
STU08690,4,5,1,4,2,2,2,2,2,3
STU08691,4,2,2,3,2,4,2,2,2,5
STU08692,2,3,2,2,1,2,1,2,1,3
STU08693,4,1,2,3,5,2,1,3,2,2
STU08694,3,3,2,4,4,2,2,2,2,4
STU08695,3,2,2,2,3,3,1,2,1,5
STU08696,1,2,2,2,2,2,1,2,2,4
STU08697,3,2,2,5,4,3,2,2,2,3
STU08698,4,1,2,3,4,2,1,2,2,4
STU08699,5,5,2,2,2,2,1,2,2,3
STU08700,3,3,2,1,3,2,2,2,4,4
STU08701,2,4,3,3,3,1,2,3,2,4
STU08702,1,2,2,2,4,2,2,2,2,5
STU08703,5,5,2,2,2,4,1,2,2,5
STU08704,2,4,2,2,2,2,2,2,2,4
STU08705,3,4,2,2,2,4,1,1,2,2
STU08706,1,2,2,2,4,2,1,5,2,3
STU08707,3,2,2,1,3,4,2,2,2,4
STU08708,5,5,2,2,1,4,2,2,2,5
STU08709,2,4,2,2,3,2,2,2,2,5
STU08710,2,3,2,1,1,2,2,2,4,2
STU08711,4,1,2,4,2,2,1,2,2,5
STU08712,4,4,2,5,5,4,1,2,2,5
STU08713,1,2,2,3,3,1,2,2,2,4
STU08714,1,4,2,2,3,2,2,2,2,3
STU08715,1,1,2,2,2,4,2,2,2,3
STU08716,1,4,2,2,2,2,2,3,2,4
STU08717,2,1,2,2,3,2,1,2,2,4
STU08718,1,2,2,2,3,2,1,2,2,3
STU08719,5,3,2,2,3,5,2,2,2,4
STU08720,4,3,1,2,4,3,1,2,2,5
STU08721,1,4,2,2,2,2,2,2,3,3
STU08722,2,1,2,2,2,2,1,2,3,4
STU08723,4,3,1,2,2,5,2,2,2,4
STU08724,1,2,1,3,4,2,1,2,2,3
STU08725,3,2,2,1,2,4,2,2,2,5
STU08726,1,2,3,2,2,2,2,2,2,5
STU08727,3,2,2,2,2,2,1,2,2,4
STU08728,5,3,2,3,5,3,1,2,2,5
STU08729,5,3,2,3,4,2,1,2,2,4
STU08730,5,3,1,3,2,5,2,2,2,4
STU08731,5,2,2,2,4,5,2,2,2,5
STU08732,3,2,2,2,2,4,2,2,2,4
STU08733,4,1,2,4,4,3,2,2,2,3
STU08734,4,3,1,2,2,5,2,2,2,4
STU08735,4,3,2,5,4,3,1,2,2,4
STU08736,4,3,4,2,2,4,2,2,2,5
STU08737,4,5,2,2,3,4,1,1,2,5
STU08738,4,3,2,4,4,4,1,2,2,5
STU08739,4,2,2,4,5,3,2,2,2,5
STU08740,1,2,2,4,4,2,2,2,2,4
STU08741,4,4,2,4,4,5,2,2,2,5
STU08742,2,2,1,2,2,4,2,2,2,3
STU08743,4,3,2,4,5,2,2,2,2,4
STU08744,5,3,2,5,4,2,1,2,2,4
STU08745,4,1,1,2,3,4,2,2,1,4
STU08746,3,2,2,2,2,4,2,1,2,5
STU08747,2,2,2,1,2,2,1,2,2,4
STU08748,3,4,2,3,2,2,2,2,2,2
STU08749,1,2,2,2,2,4,2,1,3,4
STU08750,1,4,3,2,2,2,2,2,2,4
STU08751,5,2,2,4,4,4,2,2,2,5
STU08752,3,4,1,2,1,3,2,2,1,4
STU08753,5,4,2,4,5,2,1,2,2,5
STU08754,4,3,2,4,4,2,1,2,2,5
STU08755,3,4,2,3,2,3,2,2,1,4
STU08756,1,5,2,2,2,2,1,2,2,4
STU08757,1,2,1,3,4,2,1,2,1,3
STU08758,1,2,1,1,2,4,2,1,2,2
STU08759,3,2,2,1,3,4,2,2,2,4
STU08760,1,5,2,2,2,3,1,2,2,5
STU08761,3,4,1,3,2,2,2,2,2,4
STU08762,2,2,2,2,1,2,2,4,2,3
STU08763,5,4,1,5,1,5,2,2,2,5
STU08764,4,2,2,3,2,2,1,2,2,4
STU08765,4,5,1,2,4,3,2,2,2,4
STU08766,1,1,1,2,2,2,1,4,3,3
STU08767,2,4,2,3,3,2,2,2,1,2
STU08768,4,4,2,1,3,4,2,2,2,5
STU08769,1,2,2,2,3,2,2,2,2,2
STU08770,1,2,2,2,1,2,2,2,2,4
STU08771,2,2,3,1,5,2,1,2,1,5
STU08772,1,2,4,1,2,2,2,2,2,2
STU08773,5,4,1,5,2,4,1,2,2,5
STU08774,3,4,1,3,2,2,2,2,2,2
STU08775,2,3,2,3,5,3,2,2,2,4
STU08776,4,1,2,2,3,5,2,2,2,5
STU08777,2,2,2,2,5,1,2,1,4,4
STU08778,3,2,2,2,3,3,2,4,2,4
STU08779,1,4,1,2,3,2,2,2,1,3
STU08780,4,4,2,4,2,3,2,2,2,5
STU08781,4,5,1,3,2,3,1,2,2,4
STU08782,5,4,2,2,2,2,1,2,2,5
STU08783,5,4,4,5,2,2,1,5,1,5
STU08784,5,5,2,4,2,5,1,2,2,5
STU08785,2,2,1,4,4,2,2,1,2,2
STU08786,3,2,2,4,4,2,1,2,1,4
STU08787,2,2,2,2,3,2,2,4,2,5
STU08788,4,2,1,2,4,2,2,2,3,5
STU08789,5,5,2,4,5,2,2,2,2,5
STU08790,3,4,2,3,3,2,2,2,2,4
STU08791,4,3,2,4,4,2,2,2,4,5
STU08792,5,5,2,2,2,3,1,2,2,5
STU08793,4,3,2,5,4,4,2,2,2,4
STU08794,5,4,2,3,4,2,1,2,2,4
STU08795,5,5,1,4,5,4,2,2,2,5
STU08796,1,4,2,2,2,1,2,2,2,3
STU08797,5,4,4,4,2,2,2,2,2,4
STU08798,5,4,2,4,5,5,2,2,2,4
STU08799,1,4,2,1,1,2,2,3,2,4
STU08800,1,1,3,3,4,2,1,2,1,4
STU08801,1,2,2,1,3,4,2,3,3,2
STU08802,4,4,1,4,4,3,2,2,1,5
STU08803,2,4,3,1,2,1,2,2,1,3
STU08804,3,4,2,2,2,3,2,2,2,2
STU08805,1,2,2,2,2,4,2,2,2,3
STU08806,5,4,2,5,4,4,2,1,2,4
STU08807,1,4,2,2,2,2,2,2,2,4
STU08808,3,2,4,3,2,1,2,2,2,3
STU08809,5,4,2,4,5,4,1,2,2,5
STU08810,1,1,1,2,1,4,2,1,2,5
STU08811,2,2,1,2,2,3,2,1,4,4
STU08812,5,4,2,5,2,5,2,2,2,5
STU08813,3,4,2,2,3,3,2,2,1,4
STU08814,5,4,4,2,2,4,2,2,2,5
STU08815,4,3,2,2,2,4,2,2,2,5
STU08816,5,5,2,5,5,5,1,2,2,5
STU08817,1,2,2,1,4,2,1,2,2,1
STU08818,5,5,2,5,5,4,2,2,2,5
STU08819,4,3,2,2,4,4,1,2,2,3
STU08820,2,3,2,2,2,4,2,2,2,2
STU08821,2,1,2,5,5,2,1,3,3,4
STU08822,4,5,2,4,4,2,2,2,2,5
STU08823,2,2,2,2,3,2,2,2,2,4
STU08824,1,1,2,2,2,2,2,3,4,4
STU08825,4,3,2,2,4,3,1,2,2,5
STU08826,4,3,2,3,5,3,2,2,2,4
STU08827,4,5,2,2,2,3,2,2,2,5
STU08828,2,2,2,1,3,4,2,2,2,4
STU08829,5,5,2,4,2,3,1,2,2,5
STU08830,4,3,2,4,4,5,2,2,2,4
STU08831,3,2,2,2,3,4,2,2,2,3
STU08832,5,3,2,4,4,5,2,2,2,4
STU08833,4,5,1,2,2,3,2,2,2,5
STU08834,2,2,2,2,2,2,2,4,1,5
STU08835,3,5,2,2,2,2,1,2,2,5
STU08836,2,2,4,1,2,2,2,3,2,4
STU08837,1,2,2,2,3,4,2,2,2,3
STU08838,3,3,2,3,1,3,2,2,4,4
STU08839,1,4,1,3,2,2,2,2,2,4
STU08840,3,3,2,4,4,2,1,2,2,4
STU08841,4,5,2,4,4,3,2,2,2,4
STU08842,2,1,4,1,1,2,2,3,3,4
STU08843,3,2,2,2,3,3,1,2,2,3
STU08844,1,1,2,1,2,2,1,2,2,3
STU08845,4,4,2,4,4,4,1,2,2,4
STU08846,1,1,2,4,4,1,2,2,2,5
STU08847,4,3,1,5,5,4,1,2,2,5
STU08848,4,3,4,4,2,3,2,2,2,5
STU08849,3,4,2,1,2,3,2,2,2,3
STU08850,5,5,1,2,5,5,1,2,2,4
STU08851,4,4,2,2,2,5,2,2,1,5
STU08852,1,4,2,2,3,1,2,2,1,4
STU08853,5,3,1,4,5,2,1,2,2,5
STU08854,2,2,2,2,2,1,2,1,4,5
STU08855,2,1,1,3,4,2,1,2,2,3
STU08856,4,2,2,1,3,4,2,1,2,5
STU08857,2,2,2,2,4,2,2,3,2,3
STU08858,1,1,2,4,4,2,1,1,2,2
STU08859,5,4,2,5,5,3,1,2,2,3
STU08860,2,1,2,1,3,4,2,2,1,5
STU08861,5,5,1,1,2,5,1,2,2,5
STU08862,1,2,2,3,4,1,2,2,2,4
STU08863,5,3,2,5,4,4,1,2,2,5
STU08864,2,4,2,1,2,1,2,2,2,4
STU08865,4,5,2,4,2,3,2,2,2,5
STU08866,4,1,2,5,4,1,2,2,2,4
STU08867,4,3,2,2,2,4,2,2,2,5
STU08868,2,4,2,2,2,3,1,2,3,2
STU08869,2,4,2,2,2,3,2,2,2,5
STU08870,5,5,2,4,4,2,2,1,2,5
STU08871,4,5,2,5,4,3,2,2,2,5
STU08872,2,2,2,2,2,1,2,3,4,4
STU08873,3,2,1,3,5,3,2,2,1,4
STU08874,3,4,2,2,2,3,2,2,2,4
STU08875,2,4,1,2,2,2,2,2,2,4
STU08876,5,5,2,4,5,2,2,2,2,5
STU08877,5,4,1,4,4,3,1,2,2,4
STU08878,1,2,1,2,5,2,1,2,2,5
STU08879,2,3,2,2,3,2,1,4,2,4
STU08880,1,2,2,2,3,4,2,2,2,2
STU08881,2,2,2,1,3,4,2,2,2,5
STU08882,1,2,2,2,2,4,2,2,2,5
STU08883,4,5,2,2,2,3,1,2,2,5
STU08884,5,5,2,1,2,3,1,2,2,4
STU08885,1,2,2,4,4,2,2,2,2,3
STU08886,3,4,2,2,1,3,2,2,2,5
STU08887,1,2,2,2,2,1,2,1,4,3
STU08888,5,5,2,4,5,2,1,2,2,5
STU08889,1,2,2,1,3,2,2,1,4,4
STU08890,5,3,2,4,3,4,1,2,2,5
STU08891,2,2,2,3,4,2,2,2,3,4
STU08892,4,3,4,2,2,3,2,2,2,5
STU08893,4,3,2,4,4,4,2,2,2,4
STU08894,4,4,3,2,4,2,2,4,3,5
STU08895,1,2,2,2,2,2,1,1,1,4
STU08896,4,2,2,2,4,2,1,2,2,4
STU08897,2,2,1,1,5,1,1,2,3,4
STU08898,1,2,2,1,4,2,1,2,2,2
STU08899,3,2,2,2,3,4,2,2,2,5
STU08900,2,2,1,2,1,2,1,2,2,2
STU08901,3,2,2,3,3,4,2,2,2,3
STU08902,2,2,1,2,2,4,2,2,1,4
STU08903,5,3,2,3,1,3,1,2,2,5
STU08904,5,4,2,4,2,5,2,2,2,5
STU08905,3,2,2,3,4,4,2,2,1,5
STU08906,5,4,1,4,4,4,2,2,1,5
STU08907,2,2,1,2,5,2,1,2,2,3
STU08908,3,2,1,3,3,4,2,2,2,4
STU08909,5,5,2,5,5,4,2,2,2,5
STU08910,3,2,2,2,3,2,1,2,2,5
STU08911,4,5,2,2,2,2,2,2,2,4
STU08912,2,2,2,4,4,2,2,2,2,4
STU08913,2,2,2,3,4,2,1,2,3,2
STU08914,1,2,4,4,3,2,2,2,2,3
STU08915,1,2,3,1,3,4,2,3,2,2
STU08916,4,1,2,4,2,2,1,2,2,5
STU08917,5,2,2,4,4,4,2,2,2,5
STU08918,4,4,2,2,2,3,2,2,2,5
STU08919,1,2,3,4,4,2,2,3,3,4
STU08920,3,2,3,2,2,3,2,3,4,3
STU08921,4,4,2,2,2,3,2,2,4,5
STU08922,1,2,2,3,4,2,1,1,2,4
STU08923,1,1,4,2,2,2,2,1,2,3
STU08924,4,2,2,4,2,4,1,2,1,5
STU08925,4,5,1,2,2,3,2,2,2,4
STU08926,4,1,2,2,5,2,2,1,3,4
STU08927,2,2,2,2,4,2,1,2,2,4
STU08928,4,4,2,4,2,4,1,2,2,4
STU08929,2,1,2,3,4,2,1,1,2,4
STU08930,3,2,2,2,2,4,2,2,1,5
STU08931,4,4,2,3,5,3,2,2,2,5
STU08932,5,4,2,5,4,4,1,2,1,5
STU08933,5,5,1,4,2,4,2,1,2,3
STU08934,1,2,2,2,3,2,1,2,1,4
STU08935,5,4,2,2,2,5,2,2,2,5
STU08936,5,4,2,2,1,4,1,2,2,3
STU08937,5,4,2,4,4,2,1,2,2,5
STU08938,5,5,1,5,2,5,2,2,1,5
STU08939,4,4,2,1,2,4,2,1,2,5
STU08940,2,2,2,1,2,3,1,2,2,4
STU08941,3,2,2,2,3,4,2,2,2,3
STU08942,5,5,1,1,4,3,1,2,2,4
STU08943,3,3,2,3,1,4,2,1,2,4
STU08944,1,1,2,2,4,2,1,2,2,4
STU08945,2,2,2,2,2,4,2,2,1,4
STU08946,4,4,2,3,3,2,2,2,2,5
STU08947,5,5,2,2,2,2,1,2,2,5
STU08948,5,5,1,2,2,5,2,2,2,5
STU08949,1,5,3,1,2,2,2,3,3,3
STU08950,2,2,4,2,2,2,2,2,2,4
STU08951,4,5,2,2,4,4,2,2,2,5
STU08952,2,4,2,1,2,2,2,3,2,4
STU08953,1,1,2,2,2,2,1,1,2,5
STU08954,4,2,2,2,4,1,2,1,2,5
STU08955,3,2,2,2,2,2,2,2,4,4
STU08956,2,2,2,2,2,4,2,2,2,4
STU08957,4,5,2,2,4,3,1,2,1,5
STU08958,4,4,2,2,2,3,1,2,2,5
STU08959,5,4,2,1,2,3,2,2,2,5
STU08960,5,5,2,4,4,5,1,1,2,5
STU08961,5,4,1,4,3,3,1,2,2,4
STU08962,4,3,2,4,4,4,2,2,2,5
STU08963,2,2,1,2,2,2,1,2,2,4
STU08964,1,4,2,2,2,2,2,2,2,3
STU08965,3,2,2,4,4,2,2,1,1,5
STU08966,4,5,2,4,2,2,1,2,2,5
STU08967,4,3,2,2,2,4,2,2,2,4
STU08968,5,3,2,4,4,2,2,2,2,4
STU08969,3,1,2,2,2,4,2,2,2,4
STU08970,5,3,2,2,4,4,2,1,2,5
STU08971,4,4,2,4,4,4,2,2,2,5
STU08972,3,4,1,1,2,2,2,2,2,3
STU08973,4,2,2,4,4,3,1,2,2,5
STU08974,1,1,1,2,3,1,2,4,2,4
STU08975,5,4,1,5,5,4,2,2,2,5
STU08976,1,4,2,2,3,2,2,1,2,3
STU08977,1,1,2,5,4,2,2,3,1,3
STU08978,4,4,2,2,3,3,1,2,2,5
STU08979,4,1,2,2,4,1,1,2,2,5
STU08980,4,4,2,2,1,3,2,2,2,5
STU08981,2,1,2,2,3,2,1,2,2,5
STU08982,1,2,2,1,2,2,1,4,3,4
STU08983,3,4,1,2,2,2,2,1,2,4
STU08984,2,4,2,2,2,2,2,1,1,4
STU08985,1,2,3,3,4,2,2,2,2,4
STU08986,3,1,4,1,3,2,2,1,2,2
STU08987,1,4,2,2,2,1,2,2,2,3
STU08988,4,4,2,1,3,2,2,1,2,5
STU08989,4,5,2,3,4,1,1,2,2,5
STU08990,4,5,1,1,1,4,2,2,2,5
STU08991,4,3,1,2,2,3,2,2,4,4
STU08992,4,4,2,4,2,4,1,2,2,4
STU08993,3,3,2,3,1,1,1,2,1,5
STU08994,2,2,2,2,3,1,1,2,2,4
STU08995,3,2,2,3,4,2,1,2,2,4
STU08996,5,5,2,5,5,5,2,2,2,4
STU08997,2,4,2,1,3,2,2,2,2,3
STU08998,2,2,2,2,2,4,2,2,2,4
STU08999,5,4,1,2,2,5,2,2,2,5
STU09000,4,4,2,4,2,4,2,2,1,5
STU09001,1,4,2,2,3,2,2,2,2,3
STU09002,3,3,2,2,2,2,2,2,4,3
STU09003,3,2,1,1,5,2,1,2,2,4
STU09004,1,2,2,2,2,2,1,2,2,5
STU09005,1,1,1,3,4,1,1,1,3,4
STU09006,2,1,1,2,2,2,1,2,1,2
STU09007,2,2,2,2,3,2,1,3,1,4
STU09008,4,4,2,2,2,3,1,2,1,5
STU09009,3,4,1,2,2,3,2,2,2,3
STU09010,1,1,4,2,2,2,2,2,2,4
STU09011,5,2,2,4,2,3,1,2,2,4
STU09012,1,1,3,3,4,1,1,3,1,4
STU09013,2,2,2,2,5,2,1,2,1,2
STU09014,1,4,1,2,2,2,2,2,1,2
STU09015,1,2,2,2,2,2,2,2,4,4
STU09016,3,2,2,2,3,3,2,2,2,2
STU09017,1,2,2,3,4,1,1,2,1,4
STU09018,2,2,2,2,1,4,2,2,2,1
STU09019,3,2,2,2,4,4,2,2,1,3
STU09020,2,2,4,2,2,2,2,2,1,4
STU09021,1,2,2,4,2,1,1,2,2,5
STU09022,1,2,2,2,3,2,1,2,3,2
STU09023,1,2,2,4,4,1,1,2,2,4
STU09024,3,3,1,1,2,3,1,2,2,3
STU09025,4,3,2,4,4,4,2,2,2,4
STU09026,3,2,1,4,4,2,1,2,1,2
STU09027,1,1,2,2,3,4,2,2,2,3
STU09028,3,3,2,3,4,2,2,2,2,4
STU09029,2,2,1,3,4,2,1,2,3,4
STU09030,1,4,2,2,3,2,2,3,2,3
STU09031,2,2,2,2,2,4,2,2,2,4
STU09032,1,1,3,1,2,4,2,2,1,4
STU09033,2,2,4,1,2,2,2,2,2,2
STU09034,3,4,1,3,2,3,2,2,2,3
STU09035,5,3,2,3,3,2,1,2,2,5
STU09036,4,3,2,2,2,2,1,2,1,5
STU09037,4,3,2,4,3,3,2,1,2,5
STU09038,3,4,3,2,2,2,2,2,2,5
STU09039,2,2,2,4,4,1,2,2,2,4
STU09040,4,3,2,5,4,2,1,2,2,3
STU09041,5,4,2,2,2,2,1,2,2,4
STU09042,3,2,2,3,2,3,2,2,4,5
STU09043,3,4,2,4,2,2,2,2,2,5
STU09044,1,4,2,1,2,2,2,2,2,4
STU09045,3,3,2,3,4,4,2,2,4,4
STU09046,3,2,2,4,4,1,2,2,2,5
STU09047,5,5,1,2,2,1,1,2,2,5
STU09048,4,5,1,2,2,4,2,2,2,4
STU09049,1,3,2,4,4,2,1,2,1,4
STU09050,1,1,2,3,4,1,1,2,2,5
STU09051,1,3,2,2,1,4,2,3,2,4
STU09052,3,2,2,2,3,2,2,1,2,3
STU09053,1,4,2,2,2,1,2,3,2,4
STU09054,4,2,2,2,2,5,2,2,1,5
STU09055,3,4,2,3,3,2,2,2,2,5
STU09056,4,4,2,5,4,2,2,2,2,5
STU09057,2,2,2,2,2,4,2,2,3,5
STU09058,5,4,2,4,4,2,2,2,2,5
STU09059,5,4,2,5,4,4,2,2,2,5
STU09060,1,4,1,1,2,2,2,2,3,3
STU09061,1,2,1,2,2,2,1,1,2,4
STU09062,3,2,2,4,3,4,2,1,2,4
STU09063,3,2,2,2,2,4,2,2,1,3
STU09064,2,5,1,2,2,3,1,2,2,2
STU09065,3,2,2,2,3,1,1,2,2,2
STU09066,5,5,2,2,1,4,1,2,2,3
STU09067,2,1,1,4,2,3,2,2,4,5
STU09068,1,2,2,1,2,4,2,2,2,3
STU09069,5,2,2,4,2,5,2,2,2,5
STU09070,4,4,1,4,2,2,2,2,2,4
STU09071,3,4,1,2,3,1,2,1,2,3
STU09072,3,4,2,3,3,3,2,2,2,5
STU09073,1,1,1,2,3,1,2,4,2,4
STU09074,2,4,2,2,2,2,2,2,3,4
STU09075,4,3,2,2,2,2,1,2,2,4
STU09076,3,1,4,2,4,2,2,2,2,5
STU09077,1,4,1,2,4,2,2,1,2,3
STU09078,4,3,2,2,2,3,2,2,2,5
STU09079,1,2,1,3,4,2,1,2,2,3
STU09080,3,1,2,2,2,1,2,2,3,4
STU09081,5,4,1,4,5,4,2,2,2,5
STU09082,2,2,2,3,4,2,1,2,2,4
STU09083,3,2,2,2,2,1,1,2,2,3
STU09084,1,4,2,3,2,2,2,1,2,4
STU09085,3,3,1,3,2,4,2,2,2,4
STU09086,4,5,1,1,3,3,1,2,2,4
STU09087,3,4,2,2,3,3,2,2,1,4
STU09088,5,4,2,5,5,2,2,2,2,5
STU09089,3,4,2,3,2,2,2,2,2,3
STU09090,5,1,2,2,1,3,1,2,2,4
STU09091,4,5,2,2,2,4,2,2,2,3
STU09092,2,1,2,3,3,2,1,2,2,3
STU09093,2,4,2,2,2,2,2,2,2,4
STU09094,1,2,2,4,4,2,2,2,2,5
STU09095,5,4,2,4,2,2,2,2,4,5
STU09096,4,3,2,4,2,1,2,4,2,4
STU09097,3,1,4,2,2,2,2,3,2,3
STU09098,1,1,4,1,2,2,2,2,2,4
STU09099,2,4,2,2,2,3,2,2,2,3
STU09100,3,2,1,4,4,3,2,2,2,3
STU09101,1,4,1,2,2,2,2,2,2,2
STU09102,3,3,4,2,2,2,2,2,2,5
STU09103,1,2,2,3,2,1,1,2,2,4
STU09104,1,2,2,4,4,1,2,2,1,5
STU09105,2,2,1,4,4,2,2,2,2,3
STU09106,4,4,2,4,2,3,2,1,2,4
STU09107,5,5,2,2,5,5,2,2,2,5
STU09108,1,4,2,2,2,2,2,3,3,3
STU09109,1,2,2,3,4,1,1,1,3,4
STU09110,3,2,3,3,2,4,2,3,2,4
STU09111,1,2,1,2,4,1,1,2,2,4
STU09112,1,1,2,2,5,1,1,2,2,5
STU09113,1,1,3,4,4,1,1,2,2,4
STU09114,3,1,1,2,3,2,2,2,3,4
STU09115,4,5,2,2,2,4,2,2,2,5
STU09116,1,2,2,3,4,2,1,2,2,5
STU09117,2,4,2,3,3,2,2,2,2,4
STU09118,1,2,1,2,2,1,1,1,2,3
STU09119,4,4,2,4,3,4,2,2,2,5
STU09120,2,2,2,1,2,2,2,2,4,4
STU09121,2,2,2,4,4,3,1,2,2,3
STU09122,2,2,2,2,4,2,1,2,2,2
STU09123,4,3,2,4,4,3,2,2,2,5
STU09124,4,3,2,2,2,5,2,2,2,5
STU09125,1,1,1,4,4,3,2,1,2,4
STU09126,3,2,3,2,4,2,2,3,4,5
STU09127,5,5,2,5,5,5,1,2,2,4
STU09128,3,2,2,2,2,1,1,2,2,4
STU09129,4,4,2,2,4,4,2,2,4,5
STU09130,1,2,2,1,2,2,2,1,4,4
STU09131,2,1,2,2,2,2,2,3,3,3
STU09132,3,4,2,2,2,2,2,2,2,4
STU09133,4,5,2,4,4,3,2,2,2,3
STU09134,5,2,2,4,1,4,1,2,2,5
STU09135,2,1,4,2,3,2,2,2,2,4
STU09136,1,2,2,2,3,1,1,1,1,5
STU09137,1,1,2,2,2,2,1,2,5,3
STU09138,2,5,3,1,2,1,2,3,2,4
STU09139,3,1,2,2,2,4,2,2,2,3
STU09140,5,3,2,5,4,3,1,2,2,5
STU09141,1,1,2,1,3,2,2,2,4,5
STU09142,3,2,2,2,3,1,1,2,2,4
STU09143,1,2,2,2,2,2,1,2,2,4
STU09144,5,5,2,2,2,2,2,2,2,4
STU09145,5,5,2,2,2,4,2,2,2,5
STU09146,1,1,2,4,4,2,2,2,2,5
STU09147,3,2,2,2,3,4,2,2,2,5
STU09148,1,1,4,2,2,2,2,2,2,5
STU09149,2,4,1,2,2,2,2,2,2,2
STU09150,4,4,2,1,2,2,1,2,2,5
STU09151,1,1,1,1,4,2,1,2,3,2
STU09152,5,4,2,4,4,2,2,4,2,5
STU09153,1,2,2,3,4,2,1,2,2,3
STU09154,4,3,2,5,4,2,1,2,2,4
STU09155,1,2,2,3,4,2,2,2,2,4
STU09156,5,5,2,5,2,4,1,2,2,5
STU09157,5,5,2,2,4,4,2,2,2,5
STU09158,5,3,2,4,4,3,1,2,2,5
STU09159,5,3,2,3,4,4,1,2,2,5
STU09160,1,1,2,3,3,4,2,3,2,5
STU09161,1,2,1,3,3,2,2,2,4,4
STU09162,1,2,2,2,3,1,2,4,3,2
STU09163,3,2,2,2,3,4,2,2,2,5
STU09164,3,3,2,2,3,2,1,2,2,4
STU09165,4,5,2,2,2,4,2,1,2,5
STU09166,5,4,2,4,5,4,1,2,2,5
STU09167,5,5,1,5,4,4,2,2,4,5
STU09168,4,4,2,2,4,3,1,2,2,4
STU09169,2,1,2,3,4,2,1,1,3,4
STU09170,1,1,2,4,4,2,2,2,2,3
STU09171,5,4,2,2,4,2,1,1,2,3
STU09172,4,3,1,4,4,4,2,2,2,4
STU09173,2,2,2,1,2,2,2,1,4,4
STU09174,1,2,2,2,2,4,2,1,2,4
STU09175,5,4,2,5,4,4,2,2,2,4
STU09176,2,2,2,1,3,3,2,2,2,4
STU09177,5,4,2,5,5,2,2,2,2,5
STU09178,2,2,1,2,3,2,1,2,3,4
STU09179,2,2,2,2,2,4,2,2,2,4
STU09180,5,5,2,4,5,2,2,1,2,5
STU09181,2,2,2,3,4,2,2,2,2,4
STU09182,5,3,2,5,5,3,1,2,2,5
STU09183,5,5,2,4,5,2,1,2,2,5
STU09184,5,5,2,4,4,5,2,2,2,5
STU09185,1,2,2,2,3,2,2,2,2,5
STU09186,3,3,2,2,4,3,2,2,4,5
STU09187,2,4,1,2,2,2,2,2,2,3
STU09188,1,1,4,2,2,2,2,2,1,4
STU09189,5,4,4,2,4,5,2,1,2,5
STU09190,2,1,2,2,3,4,2,2,2,4
STU09191,2,2,1,4,4,2,2,2,2,2
STU09192,1,2,2,2,3,2,2,4,2,4
STU09193,1,2,2,2,2,4,2,2,2,3
STU09194,5,5,2,2,2,4,1,2,1,5
STU09195,2,2,1,2,2,4,2,1,1,4
STU09196,1,2,2,4,4,2,1,1,2,4
STU09197,5,5,2,4,3,2,1,2,2,5
STU09198,1,4,1,2,2,2,2,1,1,2
STU09199,1,2,2,2,3,4,2,2,2,4
STU09200,4,1,2,2,2,2,2,1,2,2
STU09201,3,4,2,2,2,3,2,2,2,2
STU09202,2,4,4,2,5,2,2,4,3,5
STU09203,1,3,2,1,1,4,2,2,2,4
STU09204,1,2,2,2,3,4,2,2,2,2
STU09205,4,5,1,2,2,4,2,2,2,4
STU09206,2,2,2,3,4,1,1,1,3,4
STU09207,5,4,2,2,2,2,1,2,2,3
STU09208,5,5,1,4,5,4,2,2,2,5
STU09209,2,1,3,2,3,4,2,3,2,5
STU09210,4,4,2,5,4,2,1,2,2,4
STU09211,1,2,2,1,1,2,2,4,2,3
STU09212,5,5,2,4,5,2,1,2,2,5
STU09213,1,2,2,2,3,2,2,4,2,4
STU09214,3,4,2,3,1,2,2,1,2,5
STU09215,4,3,2,2,2,5,2,2,2,3
STU09216,4,5,2,2,2,2,1,2,2,5
STU09217,2,2,2,2,2,2,1,2,3,3
STU09218,2,2,4,3,4,2,2,3,4,5
STU09219,3,3,2,4,4,2,2,2,1,3
STU09220,1,2,1,4,4,2,1,2,2,4
STU09221,5,5,2,4,5,2,2,2,1,5
STU09222,2,4,1,2,2,2,2,2,2,2
STU09223,2,4,1,3,3,2,2,2,2,5
STU09224,2,2,2,2,2,1,1,2,2,4
STU09225,4,5,2,1,2,3,1,2,2,4
STU09226,5,5,2,5,4,2,2,2,2,5
STU09227,3,4,1,2,1,2,1,2,2,3
STU09228,1,2,2,3,4,2,1,2,2,2
STU09229,1,2,2,1,3,2,1,2,3,3
STU09230,2,2,4,2,1,2,2,1,2,5
STU09231,1,2,4,2,3,2,2,2,1,3
STU09232,5,2,2,3,5,3,1,2,2,5
STU09233,3,2,1,3,4,3,2,2,3,2
STU09234,1,2,2,2,5,2,1,2,1,4
STU09235,2,2,2,1,3,4,2,2,2,4
STU09236,1,1,2,3,4,2,1,2,2,4
STU09237,1,1,2,3,4,2,1,3,1,2
STU09238,2,2,1,3,4,1,2,2,2,4
STU09239,1,2,2,1,2,2,1,4,2,4
STU09240,2,2,1,1,3,2,1,2,5,3
STU09241,5,4,2,2,4,2,1,2,2,5
STU09242,2,4,2,3,2,2,2,1,1,3
STU09243,2,2,2,2,1,1,2,2,4,4
STU09244,1,2,2,3,4,2,2,2,2,4
STU09245,3,3,2,2,2,5,2,2,2,4
STU09246,1,2,2,3,4,1,1,2,2,2
STU09247,2,2,2,1,2,2,2,4,2,4
STU09248,4,1,2,2,4,5,2,2,2,4
STU09249,5,5,1,5,2,5,1,2,2,5
STU09250,2,2,2,2,2,4,2,1,2,3
STU09251,2,2,2,2,4,2,2,3,3,4
STU09252,4,3,2,4,3,5,2,2,1,5
STU09253,1,2,1,3,5,2,1,1,1,4
STU09254,2,2,2,2,1,2,1,1,2,2
STU09255,1,2,2,2,2,2,2,1,4,4
STU09256,4,3,2,5,2,1,1,2,2,4
STU09257,4,5,1,1,1,2,2,2,2,3
STU09258,1,2,2,2,3,2,2,2,1,3
STU09259,1,4,1,2,2,1,2,2,2,3
STU09260,3,3,2,4,4,1,2,2,1,3
STU09261,1,2,2,4,4,1,2,2,1,3
STU09262,4,3,1,5,4,1,2,2,2,5
STU09263,5,5,2,2,2,2,2,1,2,5
STU09264,5,4,2,5,5,4,2,2,2,5
STU09265,4,3,2,2,2,5,2,2,2,4
STU09266,5,2,2,2,2,5,1,2,2,4
STU09267,1,1,2,2,2,4,2,2,1,1
STU09268,5,3,2,1,2,4,2,2,1,5
STU09269,5,4,2,1,2,2,2,2,3,5
STU09270,2,2,1,4,4,3,2,2,2,3
STU09271,1,4,1,1,2,2,2,2,2,3
STU09272,2,2,2,2,2,2,2,2,4,4
STU09273,1,2,2,2,2,2,2,2,2,2
STU09274,2,4,3,1,2,2,2,3,3,2
STU09275,2,2,2,4,2,5,2,2,2,5
STU09276,2,2,3,2,3,2,2,3,2,4
STU09277,3,1,2,3,5,1,2,1,1,3
STU09278,5,5,1,5,2,4,2,2,2,5
STU09279,1,1,3,2,3,4,2,2,2,3
STU09280,2,2,1,3,3,4,2,2,3,3
STU09281,1,2,2,4,4,2,1,2,1,4
STU09282,4,4,2,3,2,4,2,1,2,5
STU09283,2,1,2,3,5,1,2,2,2,4
STU09284,2,1,1,2,2,2,1,2,2,3
STU09285,1,4,2,1,3,2,2,3,2,4
STU09286,4,2,2,3,2,4,2,2,3,5
STU09287,4,3,2,4,2,4,2,2,2,5
STU09288,4,4,2,2,3,3,1,2,2,3
STU09289,2,2,3,4,4,2,1,3,2,4
STU09290,4,2,1,4,2,5,2,1,2,4
STU09291,2,2,1,4,2,3,1,2,3,3
STU09292,2,2,2,1,2,4,2,2,3,3
STU09293,4,4,2,2,2,5,2,1,2,5
STU09294,1,4,2,3,2,2,2,2,2,4
STU09295,5,5,2,4,5,5,2,2,2,5
STU09296,5,5,2,2,2,4,2,2,2,5
STU09297,2,4,2,2,3,2,2,1,3,5
STU09298,4,4,2,4,3,3,2,2,2,5
STU09299,4,4,2,3,2,4,2,2,2,4
STU09300,1,4,2,2,1,2,2,3,2,5
STU09301,5,5,2,5,2,4,2,2,2,5
STU09302,5,4,2,4,2,3,2,1,2,4
STU09303,3,2,1,4,2,1,2,2,4,4
STU09304,2,2,2,2,5,2,1,2,2,4
STU09305,2,2,2,2,1,1,2,2,4,3
STU09306,1,2,4,2,2,2,2,2,2,2
STU09307,3,4,1,1,3,3,2,2,1,3
STU09308,1,1,4,2,2,2,2,2,2,4
STU09309,5,5,2,2,2,2,2,2,2,5
STU09310,5,5,2,5,5,2,1,2,2,5
STU09311,2,2,2,1,2,2,2,1,4,4
STU09312,2,4,2,3,2,1,2,2,2,3
STU09313,1,2,1,3,3,2,1,1,2,5
STU09314,3,2,1,4,4,1,2,1,1,4
STU09315,5,5,2,5,2,4,1,2,2,5
STU09316,3,3,1,2,3,1,2,2,1,3
STU09317,4,3,2,5,2,4,1,2,2,5
STU09318,1,2,1,2,2,4,2,2,1,3
STU09319,4,3,2,4,4,2,2,1,2,5
STU09320,4,4,2,2,2,4,1,2,2,3
STU09321,5,4,1,4,2,5,2,2,2,4
STU09322,4,3,2,4,2,5,2,2,2,3
STU09323,5,4,2,5,4,4,2,1,2,5
STU09324,3,3,2,4,4,3,2,2,2,4
STU09325,4,3,2,3,2,4,2,2,2,3
STU09326,3,3,2,3,1,2,2,4,2,5
STU09327,5,5,2,1,2,3,1,2,2,5
STU09328,2,2,1,4,5,2,1,2,4,5
STU09329,3,3,2,3,4,2,1,2,2,4
STU09330,3,4,2,2,3,3,2,2,1,5
STU09331,5,5,2,4,5,1,2,2,2,4
STU09332,5,4,1,5,5,1,2,2,2,5
STU09333,2,3,2,2,2,4,2,2,2,3
STU09334,4,2,2,4,2,5,2,2,2,5
STU09335,2,2,3,2,2,2,2,2,2,3
STU09336,3,2,2,2,4,2,1,2,1,4
STU09337,2,4,2,1,2,1,2,2,2,3
STU09338,1,4,2,1,2,2,2,2,2,3
STU09339,1,3,2,3,4,4,2,2,2,3
STU09340,1,2,3,2,2,4,2,2,2,5
STU09341,4,2,2,2,3,4,2,2,2,5
STU09342,2,2,2,2,2,4,2,3,2,4
STU09343,2,1,2,3,4,2,1,2,3,4
STU09344,4,5,2,3,2,3,2,2,2,5
STU09345,1,2,1,2,2,2,1,5,2,4
STU09346,5,5,1,3,2,3,1,1,2,5
STU09347,5,3,2,5,5,4,2,2,2,5
STU09348,3,4,2,2,3,2,2,2,2,5
STU09349,1,2,2,2,2,4,2,2,3,4
STU09350,1,2,2,2,3,2,2,3,4,3
STU09351,1,1,2,2,3,2,2,2,2,4
STU09352,4,3,2,2,2,5,2,2,2,4
STU09353,4,2,2,3,3,2,1,2,2,5
STU09354,4,4,4,1,2,2,2,2,2,4
STU09355,4,4,1,3,3,4,2,2,2,3
STU09356,4,5,2,3,2,2,2,2,2,5
STU09357,1,2,2,2,2,1,2,1,4,5
STU09358,2,4,2,2,3,1,2,2,2,5
STU09359,1,2,3,1,2,2,2,4,2,3
STU09360,2,2,2,2,2,4,2,3,1,2
STU09361,5,5,2,4,5,2,1,2,2,4
STU09362,3,2,2,2,2,5,2,2,2,4
STU09363,3,2,2,3,3,1,1,3,1,2
STU09364,4,3,4,2,3,4,2,2,2,5
STU09365,5,3,1,5,4,4,2,2,1,5
STU09366,4,4,2,1,2,4,1,2,2,4
STU09367,5,3,1,5,4,1,2,2,2,5
STU09368,1,2,2,3,3,2,2,4,2,5
STU09369,2,2,2,2,2,1,1,3,3,2
STU09370,3,2,2,2,3,2,2,3,2,4
STU09371,5,5,2,5,4,4,2,2,2,5
STU09372,2,4,2,2,3,2,2,2,1,4
STU09373,4,3,2,2,3,4,2,2,2,4
STU09374,4,3,2,4,2,2,1,2,2,3
STU09375,4,4,2,4,2,3,1,2,2,5
STU09376,4,4,2,1,2,2,1,2,2,5
STU09377,1,2,1,1,5,1,2,1,3,5
STU09378,1,4,2,2,4,2,2,2,3,4
STU09379,1,2,2,4,4,2,1,2,1,4
STU09380,5,4,2,5,5,4,2,2,2,5
STU09381,3,1,3,3,3,1,2,3,4,5
STU09382,2,2,3,1,4,4,2,3,3,4
STU09383,3,2,1,2,3,2,1,2,2,2
STU09384,2,2,2,1,2,2,1,2,2,3
STU09385,2,2,1,2,2,4,2,2,3,3
STU09386,2,2,2,2,3,4,2,2,2,3
STU09387,2,2,3,2,5,1,1,3,2,5
STU09388,1,1,2,1,2,2,1,2,2,3
STU09389,2,2,1,4,4,4,2,2,4,5
STU09390,2,4,2,2,1,1,2,2,1,4
STU09391,1,1,2,2,1,2,1,4,2,3
STU09392,5,5,2,4,2,2,1,2,2,5
STU09393,2,4,1,2,2,1,2,1,3,3
STU09394,1,4,1,2,2,2,2,2,3,4
STU09395,2,3,2,2,2,2,2,2,4,4
STU09396,1,2,2,3,5,2,1,2,3,5
STU09397,3,3,1,2,2,3,1,2,2,4
STU09398,4,3,1,4,4,3,1,1,2,4
STU09399,2,4,2,1,2,2,2,2,3,3
STU09400,2,2,2,2,2,5,2,2,2,5
STU09401,2,2,1,2,2,4,2,2,2,3
STU09402,1,2,4,2,2,1,2,2,1,4
STU09403,1,4,1,2,3,2,2,2,2,3
STU09404,2,2,1,2,2,4,2,2,2,3
STU09405,4,3,1,2,3,5,2,2,2,4
STU09406,1,2,2,4,4,1,2,2,2,5
STU09407,4,4,1,2,3,2,2,2,2,4
STU09408,3,4,2,2,1,2,2,2,2,4
STU09409,4,5,2,2,2,3,2,1,2,5
STU09410,5,2,1,5,4,2,2,2,2,4
STU09411,5,3,2,2,2,2,1,2,2,5
STU09412,3,4,2,3,3,3,1,2,2,3
STU09413,1,2,2,2,2,2,2,2,4,4
STU09414,4,5,2,2,2,4,1,2,2,4
STU09415,1,4,2,3,3,2,2,1,2,3
STU09416,4,4,2,2,4,5,2,2,2,4
STU09417,2,4,2,2,2,2,2,1,2,2
STU09418,5,1,1,2,2,3,1,2,2,3
STU09419,4,3,1,2,2,3,1,2,2,5
STU09420,5,5,1,1,2,4,2,2,2,5
STU09421,5,2,2,2,5,2,2,2,3,4
STU09422,4,3,2,3,3,2,2,2,2,5
STU09423,5,3,4,2,2,3,2,2,2,4
STU09424,3,2,1,2,3,3,2,2,5,3
STU09425,3,2,1,2,4,2,1,2,2,3
STU09426,5,5,2,4,5,3,2,2,2,5
STU09427,2,4,1,2,1,2,2,2,2,3
STU09428,1,2,2,2,3,4,2,2,2,3
STU09429,4,3,2,4,4,2,2,2,2,4
STU09430,3,5,2,2,3,2,2,2,2,3
STU09431,1,2,2,2,1,1,2,2,4,3
STU09432,3,2,2,2,2,2,2,2,4,5
STU09433,5,4,2,5,5,4,1,2,2,5
STU09434,3,2,2,2,4,1,2,4,2,4
STU09435,4,4,2,4,5,4,2,2,2,4
STU09436,1,4,2,2,3,2,2,2,2,2
STU09437,4,4,4,3,2,3,2,2,2,5
STU09438,2,3,2,4,4,2,2,2,2,2
STU09439,5,3,2,2,4,4,2,2,2,4
STU09440,3,1,2,1,3,1,2,4,3,5
STU09441,4,5,1,2,2,3,2,1,2,5
STU09442,3,2,1,2,2,2,1,2,2,3
STU09443,5,4,2,5,4,4,1,2,2,5
STU09444,4,3,2,2,1,3,1,2,2,4
STU09445,4,5,2,2,4,4,2,1,2,5
STU09446,2,2,2,2,3,1,1,4,2,4
STU09447,1,1,2,2,2,2,1,4,2,4
STU09448,2,4,2,2,1,2,2,2,2,2
STU09449,5,5,2,5,2,4,2,2,2,5
STU09450,3,4,3,3,2,3,2,3,2,4
STU09451,1,2,2,3,4,2,1,2,2,3
STU09452,3,4,2,2,2,3,2,2,2,4
STU09453,2,2,2,2,4,1,1,1,3,4
STU09454,2,4,1,2,2,2,2,2,2,3
STU09455,3,4,2,2,2,2,2,2,2,2
STU09456,3,2,1,4,4,3,2,2,2,4
STU09457,3,1,2,3,2,4,2,2,3,4
STU09458,1,2,2,4,2,2,2,2,5,4
STU09459,5,5,2,4,4,4,2,2,2,5
STU09460,1,2,2,2,3,1,2,2,4,3
STU09461,3,2,2,2,3,2,2,3,4,3
STU09462,2,4,2,2,2,3,2,2,2,5
STU09463,1,4,2,2,2,2,2,2,2,4
STU09464,4,3,2,2,2,4,2,2,2,3
STU09465,2,4,2,2,2,1,2,2,2,4
STU09466,5,4,4,5,2,1,2,2,2,5
STU09467,2,2,1,2,3,4,2,1,2,5
STU09468,3,3,1,2,2,4,2,1,2,4
STU09469,4,4,2,2,2,1,2,2,2,4
STU09470,5,5,2,2,2,3,2,2,2,5
STU09471,4,3,2,4,4,2,1,2,5,3
STU09472,1,2,2,2,2,1,1,1,3,4
STU09473,2,4,2,2,2,2,2,3,1,5
STU09474,5,4,1,5,5,3,2,2,2,4
STU09475,3,1,2,2,2,2,1,2,2,3
STU09476,4,3,2,2,2,3,2,2,4,3
STU09477,3,3,2,2,2,4,2,2,2,5
STU09478,4,5,2,1,2,1,2,2,2,5
STU09479,4,3,1,2,2,5,2,2,2,5
STU09480,1,2,2,3,4,2,1,2,2,4
STU09481,2,2,1,2,5,2,2,2,1,4
STU09482,5,5,2,5,4,2,2,2,2,5
STU09483,2,4,2,3,3,2,2,1,2,5
STU09484,5,4,2,2,4,5,2,2,2,5
STU09485,1,2,1,3,4,2,1,2,2,4
STU09486,2,1,2,3,3,4,2,2,2,5
STU09487,1,2,1,2,2,1,2,2,4,3
STU09488,5,4,1,2,2,5,2,2,2,5
STU09489,2,4,1,2,2,2,2,1,3,4
STU09490,4,5,1,3,2,3,2,1,2,5
STU09491,5,4,1,2,4,4,1,2,2,4
STU09492,3,3,2,4,4,2,2,1,2,2
STU09493,2,1,2,1,2,2,2,2,2,3
STU09494,3,1,2,2,5,3,2,2,2,5
STU09495,2,2,3,1,2,2,1,4,2,3
STU09496,2,2,2,2,3,1,2,2,4,5
STU09497,4,5,2,2,2,3,1,2,2,4
STU09498,5,5,2,2,4,2,2,2,1,4
STU09499,1,4,2,1,3,2,2,1,3,4
STU09500,2,2,1,1,2,2,2,4,3,5
STU09501,3,2,1,4,4,3,2,2,2,3
STU09502,5,5,2,4,4,4,1,2,2,4
STU09503,1,2,2,4,4,2,2,2,2,5
STU09504,4,2,2,1,4,1,1,2,4,4
STU09505,4,5,1,2,2,3,2,2,2,3
STU09506,1,2,1,2,3,2,1,2,1,3
STU09507,4,3,2,3,3,5,2,2,2,5
STU09508,3,1,1,2,2,2,1,2,2,3
STU09509,3,4,2,2,2,2,2,2,2,4
STU09510,5,5,2,2,2,2,2,2,2,5
STU09511,2,2,3,2,2,4,2,3,2,5
STU09512,2,1,1,2,3,2,2,2,2,4
STU09513,3,2,2,2,3,2,1,2,2,5
STU09514,2,2,1,2,3,2,2,1,4,3
STU09515,4,3,2,2,3,4,2,2,2,3
STU09516,1,1,2,1,3,2,1,2,4,4
STU09517,5,3,1,2,4,4,2,4,2,4
STU09518,2,4,2,1,2,3,2,2,2,3
STU09519,3,2,2,3,2,5,2,2,1,5
STU09520,5,5,1,2,2,5,2,2,2,5
STU09521,5,2,1,5,4,3,2,2,2,5
STU09522,4,4,2,2,4,3,1,2,2,4
STU09523,4,4,1,2,4,4,1,2,2,4
STU09524,4,3,2,2,2,4,2,2,2,5
STU09525,3,4,1,2,1,3,2,2,1,2
STU09526,5,2,2,4,1,4,2,2,4,5
STU09527,4,5,2,2,2,2,2,1,1,5
STU09528,4,5,2,2,2,4,1,1,2,3
STU09529,2,2,3,3,2,2,1,2,2,4
STU09530,5,3,2,3,4,4,2,2,2,5
STU09531,3,2,3,2,2,2,2,3,4,4
STU09532,3,2,3,3,3,4,2,3,2,4
STU09533,1,4,2,2,2,2,2,2,3,4
STU09534,1,4,2,3,3,2,2,1,2,4
STU09535,2,1,3,4,4,1,2,3,2,4
STU09536,2,3,2,2,2,4,2,2,2,4
STU09537,5,4,2,5,5,5,1,2,2,4
STU09538,5,3,2,5,2,5,2,2,4,5
STU09539,4,2,1,2,3,2,1,2,2,3
STU09540,1,2,2,2,1,2,1,2,2,4
STU09541,1,4,2,2,2,2,2,2,2,4
STU09542,2,1,2,1,2,4,2,2,2,4
STU09543,5,3,2,4,1,2,1,2,2,5
STU09544,4,3,2,2,4,3,2,2,4,5
STU09545,5,4,4,1,4,1,2,4,2,4
STU09546,2,1,3,2,5,2,1,3,5,5
STU09547,4,3,2,2,2,1,1,1,2,4
STU09548,5,2,4,2,4,4,1,4,3,5
STU09549,4,4,2,2,2,2,2,2,4,5
STU09550,5,5,2,2,1,2,2,1,2,3
STU09551,4,5,2,1,2,3,1,2,2,4
STU09552,5,5,2,4,4,3,1,2,2,4
STU09553,1,2,1,2,2,4,2,2,2,2
STU09554,5,4,4,2,2,3,2,1,2,3
STU09555,1,1,2,4,4,2,2,2,3,4
STU09556,1,4,2,2,2,2,2,2,1,4
STU09557,2,4,2,2,2,3,2,2,2,2
STU09558,4,5,2,2,2,3,1,2,2,5
STU09559,4,1,2,2,2,2,1,2,3,5
STU09560,4,5,2,4,4,3,2,2,2,5
STU09561,1,2,3,2,3,4,2,3,2,5
STU09562,2,2,1,2,2,2,1,2,2,3
STU09563,5,3,1,3,2,4,2,2,2,4
STU09564,3,4,2,2,3,3,2,2,2,4
STU09565,3,2,2,2,2,4,2,2,2,4
STU09566,2,2,1,2,3,2,1,2,1,5
STU09567,4,2,1,3,4,1,2,2,2,3
STU09568,3,4,2,2,2,3,2,2,1,5
STU09569,2,4,2,4,4,2,1,4,2,4
STU09570,2,2,2,2,2,2,1,2,3,4
STU09571,1,2,2,3,4,2,1,2,2,2
STU09572,2,2,3,2,3,1,2,4,2,5
STU09573,4,2,1,5,4,4,1,2,2,5
STU09574,1,5,2,5,5,5,2,2,1,5
STU09575,3,4,2,2,1,2,2,2,3,4
STU09576,3,2,1,3,2,1,2,4,1,3
STU09577,3,2,4,3,2,2,2,2,2,4
STU09578,1,2,2,2,3,2,1,2,2,4
STU09579,4,4,2,4,1,3,2,2,2,5
STU09580,5,5,2,4,5,5,1,2,2,4
STU09581,4,2,2,2,4,4,2,2,2,5
STU09582,2,2,2,2,3,1,1,2,1,4
STU09583,2,4,1,2,2,2,2,2,2,4
STU09584,4,3,2,3,5,2,1,2,2,3
STU09585,1,2,4,2,2,2,2,2,1,4
STU09586,4,3,1,3,1,3,2,4,2,5
STU09587,2,2,2,2,4,1,2,3,1,3
STU09588,4,4,2,2,2,4,2,1,2,5
STU09589,3,2,2,4,4,2,1,2,2,4
STU09590,2,2,2,4,4,1,1,2,3,5
STU09591,3,4,2,1,2,3,2,2,2,5
STU09592,4,1,2,3,4,2,1,2,1,5
STU09593,2,2,2,2,4,2,2,2,2,4
STU09594,5,4,2,5,5,4,2,2,2,5
STU09595,1,1,2,3,4,2,1,2,2,5
STU09596,4,2,2,2,2,4,2,2,4,5
STU09597,1,2,1,2,3,2,2,2,2,4
STU09598,1,2,2,2,2,2,1,4,2,5
STU09599,1,2,2,2,2,2,1,2,2,3
STU09600,4,1,1,4,5,2,1,2,3,5
STU09601,3,2,2,2,3,1,2,4,2,3
STU09602,5,4,1,5,5,4,2,2,2,4
STU09603,5,5,1,2,5,4,2,2,2,5
STU09604,5,3,1,5,2,3,1,2,2,3
STU09605,1,4,2,2,2,2,2,3,2,3
STU09606,4,3,2,2,2,4,2,2,2,4
STU09607,4,5,2,2,2,1,2,2,2,5
STU09608,3,4,2,2,3,3,1,2,2,4
STU09609,4,4,2,3,4,3,1,1,2,4
STU09610,2,2,2,3,4,1,1,2,2,4
STU09611,1,2,1,4,4,1,2,2,3,2
STU09612,2,4,3,2,2,2,2,2,2,4
STU09613,2,3,2,3,4,2,1,2,2,4
STU09614,2,1,2,2,1,2,2,2,4,4
STU09615,4,4,3,1,3,2,2,2,2,5
STU09616,1,2,2,2,2,4,2,3,2,4
STU09617,3,5,2,2,3,3,1,2,2,4
STU09618,1,2,2,2,1,4,2,2,3,3
STU09619,3,2,1,5,4,1,2,1,2,5
STU09620,5,4,2,1,5,5,2,2,2,4
STU09621,1,2,2,2,1,4,2,2,2,4
STU09622,2,1,2,2,3,2,2,2,2,5
STU09623,4,3,1,5,5,2,2,2,2,4
STU09624,1,2,1,2,2,2,2,4,2,4
STU09625,5,4,2,1,4,5,2,2,2,4
STU09626,4,4,2,4,4,2,1,2,2,5
STU09627,2,2,3,4,4,2,1,3,2,5
STU09628,2,2,2,2,2,4,2,1,2,4
STU09629,4,2,3,5,4,2,2,3,4,5
STU09630,5,4,2,2,5,5,2,2,2,4
STU09631,3,3,4,2,1,3,2,2,2,4
STU09632,4,2,4,2,2,4,2,2,2,4
STU09633,4,2,2,4,4,2,2,2,3,4
STU09634,2,2,2,2,3,2,1,1,3,4
STU09635,1,1,2,1,2,2,1,2,2,4
STU09636,1,1,2,3,3,2,2,4,2,5
STU09637,1,2,1,1,4,2,2,2,5,5
STU09638,3,1,2,4,4,2,1,2,2,4
STU09639,5,4,2,4,2,5,2,2,2,5
STU09640,1,1,2,2,2,2,2,2,4,5
STU09641,3,1,2,1,2,2,1,2,2,3
STU09642,3,4,1,1,2,3,2,2,2,3
STU09643,4,5,1,2,2,2,1,1,2,4
STU09644,1,2,2,2,4,2,1,3,2,5
STU09645,4,4,3,4,3,1,2,3,2,5
STU09646,3,4,4,2,2,2,2,2,2,4
STU09647,3,1,2,1,3,1,2,2,2,4
STU09648,1,2,2,3,2,4,2,2,2,5
STU09649,4,3,2,4,4,3,2,2,2,4
STU09650,5,2,2,4,2,5,2,2,2,5
STU09651,3,2,2,5,5,3,2,2,2,3
STU09652,5,4,2,5,4,2,1,2,2,4
STU09653,1,4,3,2,2,2,2,2,2,4
STU09654,5,5,1,4,4,2,2,2,2,5
STU09655,2,2,2,2,2,4,2,2,2,4
STU09656,1,2,2,1,2,2,1,1,1,3
STU09657,4,4,1,4,4,5,2,2,2,4
STU09658,3,2,2,4,2,4,2,2,2,3
STU09659,3,2,2,2,3,5,2,2,2,2
STU09660,4,3,2,2,4,3,2,4,2,5
STU09661,1,4,2,5,4,5,2,2,2,5
STU09662,3,3,5,2,3,2,2,2,1,3
STU09663,4,4,2,3,4,1,2,2,2,5
STU09664,3,2,2,5,4,3,2,2,2,5
STU09665,3,5,2,2,3,3,1,2,2,3
STU09666,2,2,2,3,4,2,1,2,2,4
STU09667,5,3,2,5,2,4,2,2,2,4
STU09668,5,5,2,5,4,2,2,2,2,5
STU09669,2,2,2,2,2,2,1,1,2,5
STU09670,1,2,2,3,3,2,1,2,2,5
STU09671,2,4,1,3,3,2,2,2,2,4
STU09672,1,4,1,2,2,2,2,1,2,3
STU09673,2,4,1,2,2,2,2,2,2,4
STU09674,5,5,2,5,4,5,2,2,2,5
STU09675,1,2,2,2,2,2,2,2,4,4
STU09676,1,2,2,3,4,2,1,2,1,4
STU09677,1,2,1,2,2,2,1,2,2,3
STU09678,1,1,1,2,2,4,2,1,2,3
STU09679,5,5,2,2,2,3,2,2,2,4
STU09680,5,4,2,2,2,2,2,4,2,5
STU09681,3,3,2,3,1,4,2,2,2,5
STU09682,5,3,4,2,2,3,2,2,2,4
STU09683,5,5,2,5,5,5,2,2,2,5
STU09684,4,5,2,3,4,2,2,2,2,5
STU09685,5,5,2,2,5,5,2,2,2,4
STU09686,2,1,2,3,4,2,2,2,2,4
STU09687,5,4,2,4,4,4,2,2,2,3
STU09688,5,5,2,5,2,5,2,1,2,5
STU09689,4,5,2,2,2,4,1,2,2,5
STU09690,2,4,1,1,2,2,2,2,2,3
STU09691,1,4,1,2,2,2,2,2,2,2
STU09692,4,3,2,3,4,2,1,1,2,5
STU09693,3,1,2,4,4,3,2,2,2,4
STU09694,4,5,2,4,5,3,2,1,1,5
STU09695,5,5,2,2,2,4,2,2,2,4
STU09696,1,4,2,2,1,2,2,1,2,4
STU09697,4,2,5,2,4,1,2,4,1,5
STU09698,2,2,4,2,1,2,2,2,2,5
STU09699,2,4,1,2,2,2,2,2,2,4
STU09700,2,1,2,2,2,4,2,2,2,3
STU09701,2,4,2,3,4,1,2,4,3,5
STU09702,3,4,1,3,2,2,2,2,2,3
STU09703,1,2,2,3,3,1,2,1,2,4
STU09704,2,3,1,2,2,2,2,4,2,5
STU09705,1,2,2,1,2,4,2,2,2,4
STU09706,2,2,1,2,3,1,2,1,4,4
STU09707,4,5,1,4,2,4,2,2,1,5
STU09708,1,2,2,1,2,2,2,2,4,2
STU09709,2,2,1,2,3,4,2,1,2,3
STU09710,5,3,2,2,4,3,1,2,2,5
STU09711,1,1,2,2,1,4,2,1,2,4
STU09712,1,4,2,2,2,1,2,2,2,4
STU09713,1,1,2,1,4,2,1,3,1,3
STU09714,1,2,2,2,2,1,2,1,3,3
STU09715,2,1,2,2,2,4,2,2,1,4
STU09716,5,5,2,4,2,4,1,2,2,4
STU09717,2,4,2,4,3,2,2,2,3,5
STU09718,4,4,2,1,2,4,2,2,2,5
STU09719,5,5,2,2,4,4,2,2,2,4
STU09720,2,4,2,1,3,2,2,2,2,4
STU09721,5,5,2,2,4,4,2,1,2,4
STU09722,3,2,2,2,4,2,1,2,2,3
STU09723,4,5,2,1,2,2,2,2,2,4
STU09724,3,3,2,2,2,4,1,2,2,5
STU09725,4,3,2,2,2,4,1,2,2,5
STU09726,5,5,2,5,2,2,1,2,2,5
STU09727,5,3,1,2,2,5,2,2,2,5
STU09728,2,2,1,2,2,4,2,1,2,4
STU09729,4,1,1,2,2,3,1,2,2,4
STU09730,4,5,1,2,2,4,1,2,2,3
STU09731,1,2,4,1,3,2,2,2,1,1
STU09732,1,2,4,2,2,2,2,2,2,3
STU09733,4,3,2,2,3,3,1,2,2,3
STU09734,3,1,2,2,2,2,2,2,4,4
STU09735,5,5,1,4,4,2,2,2,2,4
STU09736,5,5,2,2,5,4,2,2,2,4
STU09737,4,5,2,4,4,2,2,1,2,5
STU09738,5,5,2,3,4,4,2,2,2,5
STU09739,2,2,1,2,3,4,2,2,2,3
STU09740,5,5,2,4,4,2,2,2,2,5
STU09741,1,2,3,3,5,1,2,3,2,3
STU09742,4,3,2,2,2,5,2,2,2,4
STU09743,2,4,1,2,2,2,2,2,3,2
STU09744,1,2,4,2,2,2,2,2,2,2
STU09745,5,4,2,2,4,4,1,2,2,4
STU09746,5,3,1,5,4,2,1,2,2,4
STU09747,1,2,1,2,4,2,1,1,2,2
STU09748,5,5,2,5,4,2,2,2,1,5
STU09749,5,4,2,5,5,3,2,2,2,5
STU09750,2,4,3,3,1,1,2,2,2,4
STU09751,5,5,2,5,5,4,2,2,2,5
STU09752,4,1,1,2,2,4,2,4,2,4
STU09753,1,2,3,2,3,2,1,2,2,4
STU09754,4,2,2,4,4,2,2,2,1,5
STU09755,4,3,2,5,4,2,1,2,2,5
STU09756,5,3,1,2,3,3,2,2,5,4
STU09757,5,2,2,3,2,5,2,2,2,3
STU09758,5,4,2,4,2,5,2,1,1,5
STU09759,4,2,2,4,2,5,2,2,2,4
STU09760,4,3,2,2,3,4,2,2,4,4
STU09761,4,4,2,3,2,4,2,2,2,4
STU09762,5,3,2,2,2,1,1,2,3,4
STU09763,4,3,2,1,3,2,2,2,2,4
STU09764,5,4,2,4,4,4,2,2,2,5
STU09765,2,2,1,2,3,1,2,2,2,2
STU09766,1,1,2,1,2,2,1,1,2,4
STU09767,4,3,2,2,2,4,1,2,2,5
STU09768,3,2,3,1,3,4,2,3,2,4
STU09769,1,1,2,3,4,1,2,3,2,2
STU09770,5,4,2,4,4,3,1,2,2,5
STU09771,2,2,2,2,2,4,2,2,1,2
STU09772,1,2,2,4,4,2,2,2,1,4
STU09773,4,5,2,1,4,3,1,1,2,5
STU09774,2,4,2,1,2,3,2,2,2,2
STU09775,2,2,3,3,5,2,1,3,3,4
STU09776,1,2,2,2,5,1,2,1,3,5
STU09777,2,4,1,2,3,2,2,2,2,3
STU09778,2,4,2,1,2,2,2,1,2,2
STU09779,4,4,2,2,3,3,2,2,2,5
STU09780,4,2,2,2,2,4,2,2,2,3
STU09781,5,3,2,2,1,5,2,2,1,5
STU09782,4,3,1,4,2,3,1,2,2,4
STU09783,3,2,2,3,4,3,1,2,2,4
STU09784,3,2,2,4,4,2,2,2,2,5
STU09785,2,2,2,2,2,3,1,2,2,4
STU09786,4,5,2,4,2,3,1,2,2,5
STU09787,2,2,1,3,3,2,2,1,4,3
STU09788,4,3,2,3,4,4,1,2,2,4
STU09789,5,4,2,2,3,3,1,2,2,5
STU09790,1,2,2,3,4,2,1,2,2,3
STU09791,5,3,2,5,4,3,2,2,2,4
STU09792,3,4,1,3,2,2,2,2,2,4
STU09793,2,4,2,2,1,2,2,3,2,3
STU09794,2,2,3,1,2,2,1,3,2,4
STU09795,1,1,2,1,2,2,2,3,4,3
STU09796,1,2,2,2,2,2,1,3,2,2
STU09797,3,2,2,1,3,1,2,2,4,3
STU09798,1,1,2,2,5,2,2,2,1,4
STU09799,1,4,2,2,3,2,2,2,1,5
STU09800,4,4,2,3,2,4,1,2,2,5
STU09801,5,4,1,4,5,4,2,4,2,5
STU09802,1,4,1,2,2,2,2,2,2,2
STU09803,2,2,3,2,4,2,2,3,3,4
STU09804,2,1,2,2,1,2,1,2,1,3
STU09805,3,2,2,2,2,4,2,2,2,3
STU09806,4,2,2,5,4,4,2,2,2,4
STU09807,3,2,2,2,3,2,2,2,4,5
STU09808,3,3,2,4,4,2,2,2,2,5
STU09809,5,4,2,4,4,2,1,2,2,5
STU09810,3,2,3,1,3,4,2,3,2,3
STU09811,4,3,2,4,3,2,1,2,2,5
STU09812,3,2,2,4,4,1,2,2,1,5
STU09813,1,2,2,2,3,2,2,2,2,3
STU09814,2,4,2,2,2,2,2,2,2,4
STU09815,2,4,2,2,1,2,2,3,2,4
STU09816,3,2,2,2,3,2,1,2,2,4
STU09817,1,2,1,1,2,4,2,2,2,3
STU09818,1,2,2,2,2,2,1,2,2,4
STU09819,1,2,2,2,1,2,1,2,2,4
STU09820,2,2,4,1,2,2,2,2,1,4
STU09821,2,2,2,2,2,4,2,2,2,3
STU09822,2,2,2,2,2,4,2,2,2,5
STU09823,5,5,1,5,5,2,2,2,2,5
STU09824,3,4,3,2,3,2,2,2,2,3
STU09825,5,5,2,4,5,2,2,2,2,5
STU09826,5,5,2,5,5,2,2,2,2,4
STU09827,1,4,2,3,2,2,2,2,2,2
STU09828,4,2,1,3,5,3,2,2,2,2
STU09829,1,2,2,1,4,2,2,2,2,4
STU09830,3,4,2,2,3,3,2,1,2,4
STU09831,4,3,2,5,5,2,2,2,1,5
STU09832,3,3,2,3,4,2,2,2,1,5
STU09833,4,2,2,4,4,3,1,2,2,3
STU09834,5,4,2,2,2,3,2,4,2,4
STU09835,3,2,4,2,3,1,2,3,2,4
STU09836,4,1,2,5,5,3,2,2,2,4
STU09837,1,2,2,3,2,4,2,2,3,4
STU09838,2,2,2,1,3,2,2,2,3,4
STU09839,1,2,2,2,1,4,2,2,1,2
STU09840,1,2,2,3,2,4,2,2,1,2
STU09841,4,3,2,1,3,4,2,2,2,5
STU09842,4,5,2,3,2,4,2,2,2,5
STU09843,3,2,1,2,2,1,1,2,2,4
STU09844,4,3,2,3,3,5,2,2,2,5
STU09845,4,4,2,2,2,4,2,2,2,5
STU09846,5,4,2,3,5,4,2,2,2,5
STU09847,2,4,2,2,4,2,2,1,3,5
STU09848,1,1,2,2,3,2,2,2,4,3
STU09849,2,4,2,2,2,2,2,2,2,3
STU09850,5,3,2,5,4,3,2,2,2,5
STU09851,2,2,2,2,2,4,2,2,2,2
STU09852,3,2,2,3,1,4,2,2,2,2
STU09853,2,2,2,2,3,2,2,2,2,4
STU09854,1,2,2,2,2,2,1,2,2,4
STU09855,5,4,1,5,2,4,2,2,2,5
STU09856,1,2,2,2,2,2,2,3,4,3
STU09857,5,5,1,5,5,5,2,2,2,4
STU09858,4,4,1,3,4,4,2,2,2,5
STU09859,5,5,1,4,4,2,1,2,2,5
STU09860,4,3,2,5,4,3,2,2,2,5
STU09861,1,4,3,2,2,2,2,3,2,4
STU09862,3,1,2,2,2,2,2,4,2,5
STU09863,3,2,2,1,2,2,2,2,2,4
STU09864,4,2,2,4,5,3,2,2,1,5
STU09865,2,2,1,2,3,2,2,1,4,4
STU09866,1,2,2,2,3,2,2,2,2,5
STU09867,1,2,3,2,3,2,1,3,4,4
STU09868,5,4,2,5,4,3,2,2,2,5
STU09869,2,5,2,4,4,2,2,2,2,5
STU09870,4,5,2,2,3,4,2,2,2,4
STU09871,1,4,2,2,1,2,2,2,2,5
STU09872,1,2,2,3,3,1,1,2,3,4
STU09873,1,2,2,2,1,1,1,2,2,4
STU09874,4,4,2,4,2,2,1,2,2,3
STU09875,2,2,1,2,1,2,2,2,4,4
STU09876,5,4,2,5,2,4,1,2,2,5
STU09877,4,4,1,2,3,1,2,2,2,5
STU09878,5,5,2,5,5,2,2,2,2,5
STU09879,3,1,2,2,3,4,2,2,2,3
STU09880,3,2,2,2,2,5,2,2,2,2
STU09881,1,4,3,2,3,2,2,2,2,4
STU09882,5,5,2,5,4,1,1,2,2,5
STU09883,1,1,2,2,2,4,2,2,2,5
STU09884,4,4,1,2,2,4,1,2,2,4
STU09885,1,2,2,2,2,2,2,3,4,5
STU09886,2,4,2,2,3,2,2,2,3,4
STU09887,4,2,2,1,2,4,2,2,2,2
STU09888,1,2,3,2,3,1,2,2,4,4
STU09889,5,5,2,5,2,5,2,2,2,5
STU09890,5,4,2,4,2,3,2,1,2,3
STU09891,2,2,1,1,1,2,2,2,4,3
STU09892,3,2,2,2,2,5,2,2,2,4
STU09893,2,2,2,4,2,4,1,3,3,5
STU09894,3,1,2,2,2,4,2,1,4,4
STU09895,2,2,1,1,1,4,2,2,1,2
STU09896,5,4,2,2,2,5,2,2,2,5
STU09897,5,4,2,5,5,4,2,2,2,5
STU09898,1,2,2,2,2,2,1,4,2,4
STU09899,1,1,2,3,4,2,2,1,2,3
STU09900,1,2,1,3,5,1,1,1,3,4
STU09901,1,2,1,2,3,4,2,1,2,2
STU09902,3,2,4,2,2,3,2,2,2,3
STU09903,4,2,2,2,2,3,1,2,2,4
STU09904,4,3,2,2,4,5,2,2,2,5
STU09905,2,2,2,4,4,2,1,1,2,4
STU09906,1,2,1,3,2,2,2,2,4,3
STU09907,4,3,2,5,4,3,2,2,2,3
STU09908,1,2,3,2,4,1,1,2,2,5
STU09909,2,1,3,2,2,2,2,2,4,5
STU09910,4,3,4,3,2,3,2,2,2,4
STU09911,4,4,1,2,2,3,2,1,2,3
STU09912,3,4,2,2,2,2,2,2,1,2
STU09913,2,1,2,3,4,2,1,2,3,5
STU09914,5,3,2,2,2,4,2,2,4,5
STU09915,5,4,1,2,2,5,2,2,2,4
STU09916,2,1,2,2,4,2,1,1,1,4
STU09917,3,4,2,2,2,2,2,2,2,5
STU09918,4,1,2,2,1,2,2,2,4,4
STU09919,3,1,2,2,4,3,2,2,2,5
STU09920,2,2,2,4,4,2,2,2,2,3
STU09921,2,2,4,1,2,2,2,1,2,2
STU09922,5,4,2,5,4,2,1,2,2,4
STU09923,3,4,2,3,3,2,2,2,2,3
STU09924,1,1,2,1,3,4,2,1,3,3
STU09925,4,3,2,2,3,5,2,2,2,5
STU09926,1,2,3,2,2,4,2,3,2,4
STU09927,3,5,2,3,3,2,2,2,2,4
STU09928,4,3,2,2,2,5,2,2,2,5
STU09929,1,2,2,3,4,2,2,2,1,4
STU09930,5,5,2,4,4,2,1,2,2,5
STU09931,5,3,2,4,2,2,1,2,2,5
STU09932,4,3,2,5,4,2,2,2,2,5
STU09933,2,4,2,2,1,2,2,2,3,3
STU09934,3,2,2,4,2,3,1,2,2,3
STU09935,2,1,1,2,4,2,1,1,1,2
STU09936,1,2,2,2,2,4,2,2,2,4
STU09937,4,3,2,4,2,5,2,2,2,5
STU09938,5,2,2,4,3,2,1,2,2,5
STU09939,1,1,1,3,4,2,1,2,2,3
STU09940,4,4,1,1,2,2,2,4,2,4
STU09941,4,4,2,3,5,2,1,2,1,4
STU09942,4,2,2,4,2,1,1,2,2,4
STU09943,2,4,3,2,2,1,2,2,2,4
STU09944,5,5,2,2,5,4,2,2,2,5
STU09945,2,4,2,1,2,3,2,1,1,4
STU09946,3,4,2,1,2,3,2,3,2,4
STU09947,1,1,2,4,4,2,1,2,2,4
STU09948,4,3,2,5,4,2,1,2,1,5
STU09949,2,3,2,2,3,2,1,1,2,4
STU09950,1,3,2,2,2,2,1,4,2,4
STU09951,5,4,4,2,2,5,2,2,2,5
STU09952,1,4,2,2,2,2,2,2,2,4
STU09953,4,3,1,2,4,3,1,2,2,5
STU09954,5,3,1,5,4,3,1,2,2,3
STU09955,4,2,2,3,5,2,2,2,2,3
STU09956,1,4,2,2,3,2,2,1,2,2
STU09957,3,1,4,3,3,1,2,2,2,4
STU09958,3,2,2,2,3,3,1,2,2,3
STU09959,4,4,2,2,2,5,2,2,2,4
STU09960,2,4,2,2,2,2,2,2,2,4
STU09961,3,3,2,5,4,3,2,2,2,3
STU09962,5,4,2,5,2,4,2,1,2,5
STU09963,1,1,3,1,3,2,1,3,2,3
STU09964,5,4,1,2,2,4,2,2,2,4
STU09965,4,5,2,4,2,3,2,2,2,5
STU09966,1,5,2,1,3,2,2,3,3,3
STU09967,5,5,1,2,4,4,2,2,2,4
STU09968,1,1,3,3,5,2,2,2,2,3
STU09969,4,2,4,2,3,3,2,2,2,4
STU09970,5,4,1,4,4,4,2,2,2,5
STU09971,4,4,2,5,5,4,1,2,2,5
STU09972,1,1,2,2,3,2,2,2,4,4
STU09973,2,3,2,3,4,2,1,2,2,3
STU09974,1,2,1,1,3,2,1,2,2,4
STU09975,3,2,2,2,3,4,2,2,2,4
STU09976,2,1,2,1,2,1,2,2,4,2
STU09977,1,2,1,2,2,1,2,1,2,4
STU09978,2,3,2,2,2,1,2,4,2,4
STU09979,1,1,1,4,4,1,2,2,2,3
STU09980,5,5,2,5,5,2,2,2,2,5
STU09981,4,4,2,3,2,2,2,1,2,5
STU09982,2,2,2,2,3,2,1,2,2,4
STU09983,3,2,2,2,3,3,1,2,2,5
STU09984,1,1,3,2,2,4,2,2,1,5
STU09985,4,4,2,2,4,3,2,2,2,5
STU09986,5,3,2,2,2,5,1,2,2,5
STU09987,4,1,2,5,4,2,2,1,1,4
STU09988,5,4,1,4,5,2,1,2,2,4
STU09989,4,2,2,4,2,4,2,1,2,5
STU09990,3,2,2,2,2,4,2,2,3,3
STU09991,5,4,2,4,4,5,2,2,2,4
STU09992,4,2,1,2,4,5,2,2,1,5
STU09993,1,4,2,2,2,2,2,2,3,4
STU09994,2,2,2,5,4,2,2,1,1,4
STU09995,1,1,1,1,3,2,1,2,3,2
STU09996,2,2,2,2,4,2,1,2,1,3
STU09997,1,2,2,2,3,4,2,2,1,3
STU09998,5,2,2,4,3,2,1,2,2,3
STU09999,5,2,2,5,2,4,1,2,2,5
STU10000,1,3,2,1,2,2,1,2,2,4
